TESTSUITENAME,C2 Matching Algorithm enhancements Simple (AIM-ISO)Part1 Test Plan
PRINTOUTPUTHEADING,
STARTPOINT,
SALOGIN,$SA1,$SA1,TRUE,TRUE,Comment


COMMENT, Test Cases:13

COMMENT, Test Environment Setup
SELECTCLASSESANDPRODUCTS,$SA1,$SESSION1,7,1,CLASS,1,PRODUCT,$HYBRIDCLASSLIST1,TRUE,TRUE,Comment
VERIFYSESSIONSTATE,$SA1,$SESSION1,2,TRUE,TRUE,Comment

COMMENT, User Setup
CREATEUSER,$SA1,$MM1,$MM1EXCHANGE,$MM1EXECFIRM,M,1,Automated API $MM1 User,FALSE,TRUE,TRUE,New User for Clearing Firm "695" and Exchange "CBOE2" !
VERIFYUSEREXISTENCE,$SA1,$MM1EXCHANGE,$MM1,M,TRUE,TRUE,TRUE,Comment
CREATEUSER,$SA1,$MM2,$MM2EXCHANGE,$MM2EXECFIRM,M,1,Automated API $MM2 User,FALSE,TRUE,TRUE,New User for Clearing Firm "695" and Exchange "CBOE2" !
VERIFYUSEREXISTENCE,$SA1,$MM2EXCHANGE,$MM2,M,TRUE,TRUE,TRUE,Comment
CREATEUSER,$SA1,$MM3,$MM3EXCHANGE,$MM3EXECFIRM,M,1,Automated API $MM3 User,FALSE,TRUE,TRUE,New User for Clearing Firm "695" and Exchange "CBOE2" !
VERIFYUSEREXISTENCE,$SA1,$MM3EXCHANGE,$MM3,M,TRUE,TRUE,TRUE,Comment
CREATEUSER,$SA1,$MM4,$MM4EXCHANGE,$MM4EXECFIRM,M,1,Automated API $MM4 User,FALSE,TRUE,TRUE,New User for Clearing Firm "695" and Exchange "CBOE2" !
VERIFYUSEREXISTENCE,$SA1,$MM4EXCHANGE,$MM4,M,TRUE,TRUE,TRUE,Comment
CREATEUSER,$SA1,$MM5,$MM5EXCHANGE,$MM5EXECFIRM,M,1,Automated API $MM5 User,FALSE,TRUE,TRUE,New User for Clearing Firm "695" and Exchange "CBOE2" !
VERIFYUSEREXISTENCE,$SA1,$MM5EXCHANGE,$MM5,M,TRUE,TRUE,TRUE,Comment
CREATEUSER,$SA1,$CUST1,$CUST1EXCHANGE,$CUST1EXECFIRM,X,1,Automated API $CUST1 User,FALSE,TRUE,TRUE,New User for Clearing Firm "939" and Exchange "CBOE2" !
VERIFYUSEREXISTENCE,$SA1,$CUST1EXCHANGE,$CUST1,X,TRUE,TRUE,TRUE,Comment
TRADERLOGIN,$MM1,$MM1,$CASANDPORT,TRUE,TRUE,Comment
TRADERLOGIN,$MM2,$MM2,$CASANDPORT,TRUE,TRUE,Comment
TRADERLOGIN,$MM3,$MM3,$CASANDPORT,TRUE,TRUE,Comment
TRADERLOGIN,$MM4,$MM4,$CASANDPORT,TRUE,TRUE,Comment
TRADERLOGIN,$MM5,$MM5,$CASANDPORT,TRUE,TRUE,Comment
TRADERLOGIN,$CUST1,$CUST1,$CASANDPORT,TRUE,TRUE,Comment


COMMENT, Trading Property Setup
SETALLOWMARKETORDER,$SA1,$SESSION1,$CLASS1,TRUE,TRUE,TRUE,Comment
PAUSE,2000
VERIFYALLOWMARKETORDER,$SA1,$SESSION1,$CLASS1,TRUE,TRUE,TRUE,Comment
SETALLOWMARKETORDER,$SA1,$SESSION1,$CLASS1,TRUE,TRUE,TRUE,Comment
PAUSE,2000
VERIFYALLOWMARKETORDER,$SA1,$SESSION1,$CLASS1,TRUE,TRUE,TRUE,Comment
SETAUCTIONTIMETOLIVE,$SA1,$SESSION1,$CLASS1,1:10000-10000,TRUE,TRUE,Comment
PAUSE,2000
VERIFYAUCTIONTIMETOLIVE,$SA1,$SESSION1,$CLASS1,1:10000-10000,TRUE,TRUE,Comment
SETPDPMRIGHTSSCALES,$SA1,$SESSION1,$CLASS1,0-1:1.00;1-2:0.60;2-9999:0.40,TRUE,TRUE,Comment
PAUSE,2000
VERIFYPDPMRIGHTSSCALES,$SA1,$SESSION1,$CLASS1,0-1:1.00;1-2:0.60;2-9999:0.40,TRUE,TRUE,Comment
SETAUCTIONENABLED,$SA1,$SESSION1,$CLASS1,1:true,TRUE,TRUE,Comment
PAUSE,2000
VERIFYAUCTIONENABLED,$SA1,$SESSION1,$CLASS1,1:true,TRUE,TRUE,Comment
SETEXCHANGEPRESCRIBEDWIDTH,$SA1,$SESSION1,$CLASS1,0.0-3.0:0.5;3.0-10:1;10-99999:2,TRUE,TRUE,Comment
PAUSE,2000
VERIFYEXCHANGEPRESCRIBEDWIDTH,$SA1,$SESSION1,$CLASS1,0.0-3.0:0.5;3.0-10:1;10-99999:2,TRUE,TRUE,Comment
SETALLOCATIONSTRATEGIES,$SA1,$SESSION1,$CLASS1,0=1;4;22 5=1;4;30 6=1;4,TRUE,TRUE,Comment
PAUSE,2000
VERIFYALLOCATIONSTRATEGIES,$SA1,$SESSION1,$CLASS1,0=1;4;22 5=1;4;30 6=1;4,TRUE,TRUE,Comment
PAUSE,2000
REFRESHALLOCATIONSTRATEGYFORCLASS,$SA1,$SESSION1,$CLASS1,TRUE,TRUE,Comment
SETAUCTIONMINMAXORDERSIZE,$SA1,$SESSION1,$CLASS1,1:1-99999,TRUE,TRUE,Comment
PAUSE,2000
VERIFYAUCTIONMINMAXORDERSIZE,$SA1,$SESSION1,$CLASS1,1:1-99999,TRUE,TRUE,Comment
SETAUCTIONORDERTICKSAWAYFROMNBBO,$SA1,$SESSION1,$CLASS1,1:0,TRUE,TRUE,Comment
PAUSE,2000
VERIFYAUCTIONORDERTICKSAWAYFROMNBBO,$SA1,$SESSION1,$CLASS1,1:0,TRUE,TRUE,Comment
SETINTERNALIZATIONGUARANTEEDPERCENTAGE,$SA1,$SESSION1,$CLASS1,1:0-1:1.0;1:1-2:0.5;1:2-99999:0.4,TRUE,TRUE,Comment
PAUSE,2000
VERIFYINTERNALIZATIONGUARANTEEDPERCENTAGE,$SA1,$SESSION1,$CLASS1,1:0-1:1.0;1:1-2:0.5;1:2-99999:0.4,TRUE,TRUE,Comment

COMMENT, Routing Property Setup
SETHELPDESKDEFAULTDESTINATION,$SA1,$SESSION1,$MM3EXCHANGE,$MM3EXECFIRM,$CLASS1,$HOMT1,TRUE,TRUE,Comment
PAUSE,2000
VERIFYHELPDESKDEFAULTDESTINATION,$SA1,$SESSION1,$MM3EXCHANGE,$MM3EXECFIRM,$CLASS1,$HOMT1:7,TRUE,TRUE,Comment
SETELIGIBLEPDPM,$SA1,$SESSION1,C,TRUE,TRUE,TRUE,Comment
PAUSE,2000
VERIFYELIGIBLEPDPM,$SA1,$SESSION1,C,TRUE,TRUE,TRUE,Comment
SETELIGIBLEPDPM,$SA1,$SESSION1,F,TRUE,TRUE,TRUE,Comment
PAUSE,2000
VERIFYELIGIBLEPDPM,$SA1,$SESSION1,F,TRUE,TRUE,TRUE,Comment
SETALLOWINCOMINGISOORDERS,$SA1,$SESSION1,$CLASS1,TRUE,TRUE,TRUE,Comment
PAUSE,2000
VERIFYALLOWINCOMINGISOORDERS,$SA1,$SESSION1,$CLASS1,TRUE,TRUE,TRUE,Comment
SETREASONABILITYEDIT,$SA1,$SESSION1,$DEFAULT,$DEFAULT,$CLASS1,GroupDefaulT,TRUE,TRUE,Comment
PAUSE,2000
VERIFYREASONABILITYEDIT,$SA1,$SESSION1,$DEFAULT,$DEFAULT,$CLASS1,GroupDefaulT,TRUE,TRUE,Comment

COMMENT, Pre-Test Settings
SUBSCRIBEAUCTION,$MM1,$SESSION1,$CLASS1,1,TRUE,TRUE,Comment
SUBSCRIBECURRENTMARKET,$MM1,$SESSION1,$CLASS1,$CLASS1PRODUCT1,TRUE,TRUE,Comment

COMMENT, Test Case 1:Limit priced PO trades fully and does not have remaining QTY to start AIM. only 1MM 60%

COMMENT, Test Scenario A:Regular allocation:No Preffered in PMM
CLEARALLCALLBACKS,$MM1
CLEARALLCALLBACKS,$MM2
CLEARALLCALLBACKS,$MM5
CLEARALLCALLBACKS,$CUST1
LINKAGEENABLE,$SA1,$SESSION1,$CLASS1SYM,TRUE,TRUE,Comment

SETAFFILIATEDFIRMFORUSER,$SA1,$MM5,$MM5EXCHANGE,$MM5AFFILIATE,TRUE,TRUE,$SA1 sets Firm Affiliation for user $MM5
SETAFFILIATEDFIRMFORUSER,$SA1,$MM1,$MM1EXCHANGE,$MM1AFFILIATE,TRUE,TRUE,$SA1 sets Firm Affiliation for user $MM1
SETPDPMASSIGNMENT,$SA1,$MM1,$SESSION1,$MM3EXCHANGE,$CUST1EXECFIRM,$CLASS1,DAN,Default,ITG,TRUE,TRUE,Comment
PAUSE,2000
VERIFYPDPMASSIGNMENT,$SA1,$MM1,$SESSION1,$MM3EXCHANGE,$CUST1EXECFIRM,$CLASS1,DAN,Default,ITG,TRUE,TRUE,Comment
SETPRODUCTSTATEBYPRODUCT,$SA1,$SESSION1,$CLASS1PRODUCT1,$CLASS1,1,TRUE,TRUE,Comment
PRODUCTSTATEQUERY,$SA1,$SESSION1,$CLASS1PRODUCT1,1,TRUE,TRUE,Comment
SETPRODUCTSTATEBYPRODUCT,$SA1,$SESSION1,$CLASS1PRODUCT1,$CLASS1,2,TRUE,TRUE,Comment
PRODUCTSTATEQUERY,$SA1,$SESSION1,$CLASS1PRODUCT1,2,TRUE,TRUE,Comment
SETPRODUCTSTATEBYPRODUCT,$SA1,$SESSION1,$CLASS1PRODUCT1,$CLASS1,3,TRUE,TRUE,Comment
PRODUCTSTATEQUERY,$SA1,$SESSION1,$CLASS1PRODUCT1,3,TRUE,TRUE,Comment
SETPRODUCTSTATEBYPRODUCT,$SA1,$SESSION1,$CLASS1PRODUCT1,$CLASS1,4,TRUE,TRUE,Comment
PRODUCTSTATEQUERY,$SA1,$SESSION1,$CLASS1PRODUCT1,4,TRUE,TRUE,Comment
UPDATEALLEXCHANGESBBOWITHNEWFORMAT,$SA1,$SESSION1,$CLASS1,$CLASS1PRODUCT1,NYSE:B:1.00:100:BOTR:N:A:1.10:100:BOTR:N,TRUE,TRUE,Comment
TOPOFBOOKVERIFICATION,$MM1,$SESSION1,$CLASS1PRODUCT1,0,1,0,00,0,1,0,00,TRUE,TRUE,Comment
QUOTE,$MM2,2,1,00,10,2,1,20,10,$CLASS1PRODUCT1,$SESSION1,User Assigned Id..,TRUE,TRUE,Comment
ORDER,$MM2,$MM2EXCHANGE,$MM2EXECFIRM,ICC,608,ABC,*,$MM2EXCHANGE,$MM2,100,$CLASS1PRODUCT1,S,2,1,25,D,21/12/2003 6:00:00.0,1,1,0,00,0,-,-,-,$MM2,$MM2,C,FALSE,I,U,0,-,-,$SESSION1,TRUE,TRUE,Comment
ORDER,$MM3,$MM3EXCHANGE,$MM3EXECFIRM,YYX,5497,ABC,*,$MM3EXCHANGE,$MM3,50,$CLASS1PRODUCT1,S,2,1,30,D,21/12/2003 6:00:00.0,1,1,0,00,0,-,-,-,$MM3,$MM3,C,FALSE,M,U,0,-,-,$SESSION1,TRUE,TRUE,Comment
INTERNALIZEDORDER,$CUST1,2,$CUST1EXCHANGE,$CUST1EXECFIRM,ICY,1671,ABC,*,$CUST1EXCHANGE,$CUST1,100,$CLASS1PRODUCT1,B,2,1,30,D,21/12/2003 6:00:00.0,15,1,0,00,0,-,-,-,$CUST1,$CUST1,C,FALSE,C,U,0,-,-,$SESSION1,$CUST1EXCHANGE,$CUST1EXECFIRM,ICY,16711,ABC,*,$CUST1EXCHANGE,$CUST1,100,$CLASS1PRODUCT1,S,2,1,30,D,21/12/2003 6:00:00.0,15,1,0,00,0,-,-,-,$CUST1,$CUST1,C,FALSE,M,U,0,-,-,$SESSION1,TRUE,TRUE,Comment
RFPQUERY,$MM1,$SESSION1,$CLASS1PRODUCT1,$AUCTION200,B,100,1,0,00,FALSE,TRUE,Comment
ORDERFILLVERIFICATION,$CUST1,$CUST1EXCHANGE,$CUST1EXECFIRM,ICY,1671,ABC,*,0,90,1,10,1,2,1,20,TRUE,TRUE,Comment
ORDERFILLVERIFICATION,$CUST1,$CUST1EXCHANGE,$CUST1EXECFIRM,ICY,1671,ABC,*,0,0,3,90,1,2,1,25,TRUE,TRUE,Comment
QUOTEFILLVERIFICATION,$MM2,$CLASS1PRODUCT1,$SESSION1,0,10,1,2,1,20,User Assigned Id..,TRUE,TRUE,Comment
ORDERFILLVERIFICATION,$MM2,$MM2EXCHANGE,$MM2EXECFIRM,ICC,608,ABC,*,0,10,1,90,1,2,1,25,TRUE,TRUE,Comment
ORDERCANCELVERIFICATION,$CUST1,$CUST1EXCHANGE,$CUST1EXECFIRM,ICY,16711,ABC,*,$SESSION1,$CLASS1PRODUCT1,3,100,TRUE,TRUE,Comment
TOPOFBOOKVERIFICATION,$MM1,$SESSION1,$CLASS1PRODUCT1,10,2,1,00,10,2,1,25,TRUE,TRUE,Comment
ORDERCANCELBYIDNOWAIT,$MM2,$MM2EXCHANGE,$MM2EXECFIRM,ICC,608,ABC,*,10,$SESSION1,1,TRUE,TRUE,Comment
ORDERCANCELBYIDNOWAIT,$MM3,$MM3EXCHANGE,$MM3EXECFIRM,YYX,5497,ABC,*,50,$SESSION1,1,TRUE,TRUE,Comment
QUOTECANCELBYCLASS,$MM2,$SESSION1,$CLASS1,2,TRUE,TRUE,Comment

COMMENT, Test Scenario B:Regular allocation:1 PMM 1MM PMM should get entitlement
CLEARALLCALLBACKS,$MM1
CLEARALLCALLBACKS,$MM2
CLEARALLCALLBACKS,$MM5
CLEARALLCALLBACKS,$CUST1
UPDATEALLEXCHANGESBBOWITHNEWFORMAT,$SA1,$SESSION1,$CLASS1,$CLASS1PRODUCT1,NYSE:B:1.00:100:BOTR:N:A:1.10:100:BOTR:N,TRUE,TRUE,Comment
TOPOFBOOKVERIFICATION,$MM1,$SESSION1,$CLASS1PRODUCT1,0,1,0,00,0,1,0,00,TRUE,TRUE,Comment
QUOTE,$MM1,2,1,00,10,2,1,20,10,$CLASS1PRODUCT1,$SESSION1,User Assigned Id..,TRUE,TRUE,Comment
ORDER,$MM2,$MM2EXCHANGE,$MM2EXECFIRM,YTE,6518,ABC,*,$MM2EXCHANGE,$MM2,100,$CLASS1PRODUCT1,S,2,1,20,D,21/12/2003 6:00:00.0,1,1,0,00,0,-,-,-,$MM2,$MM2,C,FALSE,I,U,0,-,-,$SESSION1,TRUE,TRUE,Comment
ORDER,$MM5,$MM5EXCHANGE,$MM5EXECFIRM,EVJ,9131,ABC,*,$MM5EXCHANGE,$MM5,50,$CLASS1PRODUCT1,S,2,1,20,D,21/12/2003 6:00:00.0,1,1,0,00,0,-,-,-,$MM5,$MM5,C,FALSE,M,U,0,-,-,$SESSION1,TRUE,TRUE,Comment
INTERNALIZEDORDER,$CUST1,2,$CUST1EXCHANGE,$CUST1EXECFIRM,PQJ,6793,DAN,*,$CUST1EXCHANGE,$CUST1,100,$CLASS1PRODUCT1,B,2,1,30,D,21/12/2003 6:00:00.0,15,1,0,00,0,-,-,-,$CUST1,$CUST1,C,FALSE,C,U,0,-,-,$SESSION1,$CUST1EXCHANGE,$CUST1EXECFIRM,PQJ,67931,ABC,*,$CUST1EXCHANGE,$CUST1,100,$CLASS1PRODUCT1,S,2,1,30,D,21/12/2003 6:00:00.0,15,1,0,00,0,-,-,-,$CUST1,$CUST1,C,FALSE,M,U,0,-,-,$SESSION1,TRUE,TRUE,Comment
RFPQUERY,$MM1,$SESSION1,$CLASS1PRODUCT1,$AUCTION200,B,100,1,0,00,FALSE,TRUE,Comment
ORDERFILLVERIFICATION,$CUST1,$CUST1EXCHANGE,$CUST1EXECFIRM,PQJ,6793,DAN,*,0,0,3,100,3,2,1,20,TRUE,TRUE,Comment
QUOTEFILLVERIFICATION,$MM1,$CLASS1PRODUCT1,$SESSION1,0,10,1,2,1,20,User Assigned Id..,TRUE,TRUE,Comment
ORDERFILLVERIFICATION,$MM2,$MM2EXCHANGE,$MM2EXECFIRM,YTE,6518,ABC,*,0,60,1,40,1,2,1,20,TRUE,TRUE,Comment
ORDERFILLVERIFICATION,$MM5,$MM5EXCHANGE,$MM5EXECFIRM,EVJ,9131,ABC,*,0,0,3,50,1,2,1,20,TRUE,TRUE,Comment
ORDERCANCELVERIFICATION,$CUST1,$CUST1EXCHANGE,$CUST1EXECFIRM,PQJ,67931,ABC,*,$SESSION1,$CLASS1PRODUCT1,3,100,TRUE,TRUE,Comment
TOPOFBOOKVERIFICATION,$MM1,$SESSION1,$CLASS1PRODUCT1,10,2,1,00,60,2,1,20,TRUE,TRUE,Comment
ORDERCANCELBYIDNOWAIT,$MM2,$MM2EXCHANGE,$MM2EXECFIRM,YTE,6518,ABC,*,60,$SESSION1,1,TRUE,TRUE,Comment
QUOTECANCELBYCLASS,$MM1,$SESSION1,$CLASS1,2,TRUE,TRUE,Comment

COMMENT, Test Scenario C:Regular allocation:1 PMM 1MM and Customer order Customer trades before PMM should get entitlement
CLEARALLCALLBACKS,$MM1
CLEARALLCALLBACKS,$MM2
CLEARALLCALLBACKS,$MM5
CLEARALLCALLBACKS,$CUST1
UPDATEALLEXCHANGESBBOWITHNEWFORMAT,$SA1,$SESSION1,$CLASS1,$CLASS1PRODUCT1,NYSE:B:1.00:100:BOTR:N:A:1.10:100:BOTR:N,TRUE,TRUE,Comment
TOPOFBOOKVERIFICATION,$MM1,$SESSION1,$CLASS1PRODUCT1,0,1,0,00,0,1,0,00,TRUE,TRUE,Comment
QUOTE,$MM1,2,1,00,10,2,1,20,10,$CLASS1PRODUCT1,$SESSION1,User Assigned Id..,TRUE,TRUE,Comment
ORDER,$MM2,$MM2EXCHANGE,$MM2EXECFIRM,BTS,6583,ABC,*,$MM2EXCHANGE,$MM2,100,$CLASS1PRODUCT1,S,2,1,20,D,21/12/2003 6:00:00.0,1,1,0,00,0,-,-,-,$MM2,$MM2,C,FALSE,I,U,0,-,-,$SESSION1,TRUE,TRUE,Comment
ORDER,$MM2,$MM2EXCHANGE,$MM2EXECFIRM,QNL,4583,ABC,*,$MM2EXCHANGE,$MM2,10,$CLASS1PRODUCT1,S,2,1,20,D,21/12/2003 6:00:00.0,1,1,0,00,0,-,-,-,$MM2,$MM2,C,FALSE,C,U,0,-,-,$SESSION1,TRUE,TRUE,Comment
ORDER,$MM5,$MM5EXCHANGE,$MM5EXECFIRM,VVG,225,ABC,*,$MM5EXCHANGE,$MM5,60,$CLASS1PRODUCT1,S,2,1,20,D,21/12/2003 6:00:00.0,1,1,0,00,0,-,-,-,$MM5,$MM5,C,FALSE,M,U,0,-,-,$SESSION1,TRUE,TRUE,Comment
INTERNALIZEDORDER,$CUST1,2,$CUST1EXCHANGE,$CUST1EXECFIRM,EAS,9640,DAN,*,$CUST1EXCHANGE,$CUST1,100,$CLASS1PRODUCT1,B,2,1,30,D,21/12/2003 6:00:00.0,15,1,0,00,0,-,-,-,$CUST1,$CUST1,C,FALSE,C,U,0,-,-,$SESSION1,$CUST1EXCHANGE,$CUST1EXECFIRM,EAS,96401,ABC,*,$CUST1EXCHANGE,$CUST1,100,$CLASS1PRODUCT1,S,2,1,30,D,21/12/2003 6:00:00.0,15,1,0,00,0,-,-,-,$CUST1,$CUST1,C,FALSE,M,U,0,-,-,$SESSION1,TRUE,TRUE,Comment
RFPQUERY,$MM1,$SESSION1,$CLASS1PRODUCT1,$AUCTION200,B,100,1,0,00,FALSE,TRUE,Comment
ORDERFILLVERIFICATION,$CUST1,$CUST1EXCHANGE,$CUST1EXECFIRM,EAS,9640,DAN,*,0,0,3,100,4,2,1,20,TRUE,TRUE,Comment
ORDERFILLVERIFICATION,$MM2,$MM2EXCHANGE,$MM2EXECFIRM,QNL,4583,ABC,*,0,0,3,10,1,2,1,20,TRUE,TRUE,Comment
QUOTEFILLVERIFICATION,$MM1,$CLASS1PRODUCT1,$SESSION1,0,10,1,2,1,20,User Assigned Id..,TRUE,TRUE,Comment
ORDERFILLVERIFICATION,$MM5,$MM5EXCHANGE,$MM5EXECFIRM,VVG,225,ABC,*,0,16,1,44,1,2,1,20,TRUE,TRUE,Comment
ORDERFILLVERIFICATION,$MM2,$MM2EXCHANGE,$MM2EXECFIRM,BTS,6583,ABC,*,0,64,1,36,1,2,1,20,TRUE,TRUE,Comment
ORDERCANCELVERIFICATION,$CUST1,$CUST1EXCHANGE,$CUST1EXECFIRM,EAS,96401,ABC,*,$SESSION1,$CLASS1PRODUCT1,3,100,TRUE,TRUE,Comment
TOPOFBOOKVERIFICATION,$MM1,$SESSION1,$CLASS1PRODUCT1,10,2,1,00,80,2,1,20,TRUE,TRUE,Comment
ORDERCANCELBYIDNOWAIT,$MM2,$MM2EXCHANGE,$MM2EXECFIRM,BTS,6583,ABC,*,64,$SESSION1,1,TRUE,TRUE,Comment
ORDERCANCELBYIDNOWAIT,$MM5,$MM5EXCHANGE,$MM5EXECFIRM,VVG,225,ABC,*,16,$SESSION1,1,TRUE,TRUE,Comment
QUOTECANCELBYCLASS,$MM1,$SESSION1,$CLASS1,2,TRUE,TRUE,Comment

COMMENT, Test Scenario D:Regular allocation:1 PMM 1MM PMM should get entitlement
CLEARALLCALLBACKS,$MM1
CLEARALLCALLBACKS,$MM2
CLEARALLCALLBACKS,$MM5
CLEARALLCALLBACKS,$CUST1
UPDATEALLEXCHANGESBBOWITHNEWFORMAT,$SA1,$SESSION1,$CLASS1,$CLASS1PRODUCT1,NYSE:B:1.00:100:BOTR:N:A:1.10:100:BOTR:N,TRUE,TRUE,Comment
TOPOFBOOKVERIFICATION,$MM1,$SESSION1,$CLASS1PRODUCT1,0,1,0,00,0,1,0,00,TRUE,TRUE,Comment
QUOTE,$MM1,2,1,00,10,2,1,20,10,$CLASS1PRODUCT1,$SESSION1,User Assigned Id..,TRUE,TRUE,Comment
ORDER,$MM2,$MM2EXCHANGE,$MM2EXECFIRM,CNT,8309,ABC,*,$MM2EXCHANGE,$MM2,100,$CLASS1PRODUCT1,S,2,1,20,D,21/12/2003 6:00:00.0,1,1,0,00,0,-,-,-,$MM2,$MM2,C,FALSE,I,U,0,-,-,$SESSION1,TRUE,TRUE,Comment
ORDER,$MM5,$MM5EXCHANGE,$MM5EXECFIRM,KMO,2224,ABC,*,$MM5EXCHANGE,$MM5,50,$CLASS1PRODUCT1,S,2,1,20,D,21/12/2003 6:00:00.0,1,1,0,00,0,-,-,-,$MM5,$MM5,C,FALSE,M,U,0,-,-,$SESSION1,TRUE,TRUE,Comment
INTERNALIZEDORDER,$CUST1,2,$CUST1EXCHANGE,$CUST1EXECFIRM,GPR,786,DAN,*,$CUST1EXCHANGE,$CUST1,100,$CLASS1PRODUCT1,B,2,1,30,D,21/12/2003 6:00:00.0,15,1,0,00,0,-,-,-,$CUST1,$CUST1,C,FALSE,C,U,0,-,-,$SESSION1,$CUST1EXCHANGE,$CUST1EXECFIRM,GPR,7861,ABC,*,$CUST1EXCHANGE,$CUST1,100,$CLASS1PRODUCT1,S,2,1,20,D,21/12/2003 6:00:00.0,15,1,0,00,0,-,-,-,$CUST1,$CUST1,C,FALSE,C,U,0,-,-,$SESSION1,TRUE,TRUE,Comment
RFPQUERY,$MM1,$SESSION1,$CLASS1PRODUCT1,$AUCTION200,B,100,1,0,00,FALSE,TRUE,Comment
ORDERFILLVERIFICATION,$CUST1,$CUST1EXCHANGE,$CUST1EXECFIRM,GPR,786,DAN,*,0,0,3,100,1,2,1,20,TRUE,TRUE,Comment
ORDERFILLVERIFICATION,$CUST1,$CUST1EXCHANGE,$CUST1EXECFIRM,GPR,7861,ABC,*,0,0,3,100,1,2,1,20,TRUE,TRUE,Comment
TOPOFBOOKVERIFICATION,$MM1,$SESSION1,$CLASS1PRODUCT1,10,2,1,00,160,2,1,20,TRUE,TRUE,Comment
ORDERCANCELBYIDNOWAIT,$MM5,$MM5EXCHANGE,$MM5EXECFIRM,KMO,2224,ABC,*,50,$SESSION1,1,TRUE,TRUE,Comment
ORDERCANCELBYIDNOWAIT,$MM2,$MM2EXCHANGE,$MM2EXECFIRM,CNT,8309,ABC,*,100,$SESSION1,1,TRUE,TRUE,Comment
QUOTECANCELBYCLASS,$MM1,$SESSION1,$CLASS1,2,TRUE,TRUE,Comment

COMMENT, Test Scenario E:Regular allocation:1 PMM 1MM and Customer order Customer trades before PMM should get entitlement
CLEARALLCALLBACKS,$MM1
CLEARALLCALLBACKS,$MM2
CLEARALLCALLBACKS,$MM5
CLEARALLCALLBACKS,$CUST1
UPDATEALLEXCHANGESBBOWITHNEWFORMAT,$SA1,$SESSION1,$CLASS1,$CLASS1PRODUCT1,NYSE:B:1.00:100:BOTR:N:A:1.10:100:BOTR:N,TRUE,TRUE,Comment
TOPOFBOOKVERIFICATION,$MM1,$SESSION1,$CLASS1PRODUCT1,0,1,0,00,0,1,0,00,TRUE,TRUE,Comment
QUOTE,$MM1,2,1,00,10,2,1,20,10,$CLASS1PRODUCT1,$SESSION1,User Assigned Id..,TRUE,TRUE,Comment
ORDER,$MM2,$MM2EXCHANGE,$MM2EXECFIRM,SKM,2794,ABC,*,$MM2EXCHANGE,$MM2,100,$CLASS1PRODUCT1,S,2,1,20,D,21/12/2003 6:00:00.0,1,1,0,00,0,-,-,-,$MM2,$MM2,C,FALSE,I,U,0,-,-,$SESSION1,TRUE,TRUE,Comment
ORDER,$MM2,$MM2EXCHANGE,$MM2EXECFIRM,EAU,5267,ABC,*,$MM2EXCHANGE,$MM2,10,$CLASS1PRODUCT1,S,2,1,20,D,21/12/2003 6:00:00.0,1,1,0,00,0,-,-,-,$MM2,$MM2,C,FALSE,C,U,0,-,-,$SESSION1,TRUE,TRUE,Comment
ORDER,$MM5,$MM5EXCHANGE,$MM5EXECFIRM,FJD,6273,ABC,*,$MM5EXCHANGE,$MM5,60,$CLASS1PRODUCT1,S,2,1,20,D,21/12/2003 6:00:00.0,1,1,0,00,0,-,-,-,$MM5,$MM5,C,FALSE,M,U,0,-,-,$SESSION1,TRUE,TRUE,Comment
INTERNALIZEDORDER,$CUST1,2,$CUST1EXCHANGE,$CUST1EXECFIRM,UHG,256,DAN,*,$CUST1EXCHANGE,$CUST1,100,$CLASS1PRODUCT1,B,2,1,30,D,21/12/2003 6:00:00.0,15,1,0,00,0,-,-,-,$CUST1,$CUST1,C,FALSE,C,U,0,-,-,$SESSION1,$CUST1EXCHANGE,$CUST1EXECFIRM,UHG,2561,ABC,*,$CUST1EXCHANGE,$CUST1,100,$CLASS1PRODUCT1,S,2,1,20,D,21/12/2003 6:00:00.0,15,1,0,00,0,-,-,-,$CUST1,$CUST1,C,FALSE,C,U,0,-,-,$SESSION1,TRUE,TRUE,Comment
RFPQUERY,$MM1,$SESSION1,$CLASS1PRODUCT1,$AUCTION200,B,100,1,0,00,FALSE,TRUE,Comment
ORDERFILLVERIFICATION,$CUST1,$CUST1EXCHANGE,$CUST1EXECFIRM,UHG,256,DAN,*,0,90,1,10,1,2,1,20,TRUE,TRUE,Comment
ORDERFILLVERIFICATION,$CUST1,$CUST1EXCHANGE,$CUST1EXECFIRM,UHG,256,DAN,*,0,0,3,90,1,2,1,20,TRUE,TRUE,Comment
ORDERFILLVERIFICATION,$MM2,$MM2EXCHANGE,$MM2EXECFIRM,EAU,5267,ABC,*,0,0,3,10,1,2,1,20,TRUE,TRUE,Comment
ORDERFILLVERIFICATION,$CUST1,$CUST1EXCHANGE,$CUST1EXECFIRM,UHG,2561,ABC,*,0,10,1,90,1,2,1,20,TRUE,TRUE,Comment
ORDERCANCELVERIFICATION,$CUST1,$CUST1EXCHANGE,$CUST1EXECFIRM,UHG,2561,ABC,*,$SESSION1,$CLASS1PRODUCT1,3,10,TRUE,TRUE,Comment
TOPOFBOOKVERIFICATION,$MM1,$SESSION1,$CLASS1PRODUCT1,10,2,1,00,170,2,1,20,TRUE,TRUE,Comment
ORDERCANCELBYIDNOWAIT,$MM2,$MM2EXCHANGE,$MM2EXECFIRM,SKM,2794,ABC,*,100,$SESSION1,1,TRUE,TRUE,Comment
ORDERCANCELBYIDNOWAIT,$MM5,$MM5EXCHANGE,$MM5EXECFIRM,FJD,6273,ABC,*,60,$SESSION1,1,TRUE,TRUE,Comment
QUOTECANCELBYCLASS,$MM1,$SESSION1,$CLASS1,2,TRUE,TRUE,Comment

COMMENT, Test Scenario F:Regular allocation:1 PMM 1MM and Customer order Customer trades before PMM should get entitlement
CLEARALLCALLBACKS,$MM1
CLEARALLCALLBACKS,$MM2
CLEARALLCALLBACKS,$MM5
CLEARALLCALLBACKS,$CUST1
UPDATEALLEXCHANGESBBOWITHNEWFORMAT,$SA1,$SESSION1,$CLASS1,$CLASS1PRODUCT1,NYSE:B:1.00:100:BOTR:N:A:1.10:100:BOTR:N,TRUE,TRUE,Comment
TOPOFBOOKVERIFICATION,$MM1,$SESSION1,$CLASS1PRODUCT1,0,1,0,00,0,1,0,00,TRUE,TRUE,Comment
QUOTE,$MM1,2,1,00,10,2,1,20,10,$CLASS1PRODUCT1,$SESSION1,User Assigned Id..,TRUE,TRUE,Comment
ORDER,$MM2,$MM2EXCHANGE,$MM2EXECFIRM,XQR,2521,ABC,*,$MM2EXCHANGE,$MM2,100,$CLASS1PRODUCT1,S,2,1,20,D,21/12/2003 6:00:00.0,1,1,0,00,0,-,-,-,$MM2,$MM2,C,FALSE,I,U,0,-,-,$SESSION1,TRUE,TRUE,Comment
ORDER,$MM5,$MM5EXCHANGE,$MM5EXECFIRM,GQF,8293,ABC,*,$MM5EXCHANGE,$MM5,60,$CLASS1PRODUCT1,S,2,1,20,D,21/12/2003 6:00:00.0,1,1,0,00,0,-,-,-,$MM5,$MM5,C,FALSE,M,U,0,-,-,$SESSION1,TRUE,TRUE,Comment
INTERNALIZEDORDER,$CUST1,2,$CUST1EXCHANGE,$CUST1EXECFIRM,CNX,1127,DAN,*,$CUST1EXCHANGE,$CUST1,100,$CLASS1PRODUCT1,B,2,1,30,D,21/12/2003 6:00:00.0,15,1,0,00,0,-,-,-,$CUST1,$CUST1,C,FALSE,C,U,0,-,-,$SESSION1,$CUST1EXCHANGE,$CUST1EXECFIRM,CNX,11271,ABC,*,$CUST1EXCHANGE,$CUST1,100,$CLASS1PRODUCT1,S,2,1,00,D,21/12/2003 6:00:00.0,15,1,0,00,0,-,-,-,$CUST1,$CUST1,C,FALSE,M,U,0,-,-,$SESSION1,TRUE,TRUE,Comment
RFPQUERY,$MM1,$SESSION1,$CLASS1PRODUCT1,$AUCTION200,B,100,1,0,00,FALSE,TRUE,Comment
ORDERFILLVERIFICATION,$CUST1,$CUST1EXCHANGE,$CUST1EXECFIRM,CNX,1127,DAN,*,0,0,3,100,1,2,1,00,TRUE,TRUE,Comment
ORDERFILLVERIFICATION,$CUST1,$CUST1EXCHANGE,$CUST1EXECFIRM,CNX,11271,ABC,*,0,0,3,100,1,2,1,00,TRUE,TRUE,Comment
TOPOFBOOKVERIFICATION,$MM1,$SESSION1,$CLASS1PRODUCT1,10,2,1,00,170,2,1,20,TRUE,TRUE,Comment
ORDERCANCELBYIDNOWAIT,$MM2,$MM2EXCHANGE,$MM2EXECFIRM,XQR,2521,ABC,*,100,$SESSION1,1,TRUE,TRUE,Comment
ORDERCANCELBYIDNOWAIT,$MM5,$MM5EXCHANGE,$MM5EXECFIRM,GQF,8293,ABC,*,60,$SESSION1,1,TRUE,TRUE,Comment
QUOTECANCELBYCLASS,$MM1,$SESSION1,$CLASS1,2,TRUE,TRUE,Comment

COMMENT, Test Case 2:Limit priced PO trades fully and does not have remaining QTY to start AIM. 2MM 40%

COMMENT, Test Scenario A:Regular allocation:1 PMM 1MM PMM should get entitlement
CLEARALLCALLBACKS,$MM1
CLEARALLCALLBACKS,$MM2
CLEARALLCALLBACKS,$MM5
CLEARALLCALLBACKS,$CUST1
UPDATEALLEXCHANGESBBOWITHNEWFORMAT,$SA1,$SESSION1,$CLASS1,$CLASS1PRODUCT1,NYSE:B:1.00:100:BOTR:N:A:1.10:100:BOTR:N,TRUE,TRUE,Comment
TOPOFBOOKVERIFICATION,$MM1,$SESSION1,$CLASS1PRODUCT1,0,1,0,00,0,1,0,00,TRUE,TRUE,Comment
QUOTE,$MM3,2,1,00,10,2,1,20,10,$CLASS1PRODUCT1,$SESSION1,User Assigned Id..,TRUE,TRUE,Comment
QUOTE,$MM1,2,1,00,10,2,1,20,10,$CLASS1PRODUCT1,$SESSION1,User Assigned Id..,TRUE,TRUE,Comment
ORDER,$MM2,$MM2EXCHANGE,$MM2EXECFIRM,EQX,2541,ABC,*,$MM2EXCHANGE,$MM2,100,$CLASS1PRODUCT1,S,2,1,20,D,21/12/2003 6:00:00.0,1,1,0,00,0,-,-,-,$MM2,$MM2,C,FALSE,M,U,0,-,-,$SESSION1,TRUE,TRUE,Comment
ORDER,$MM3,$MM3EXCHANGE,$MM3EXECFIRM,RPY,7892,ABC,*,$MM3EXCHANGE,$MM3,100,$CLASS1PRODUCT1,S,2,1,20,D,21/12/2003 6:00:00.0,1,1,0,00,0,-,-,-,$MM3,$MM3,C,FALSE,I,U,0,-,-,$SESSION1,TRUE,TRUE,Comment
ORDER,$MM5,$MM5EXCHANGE,$MM5EXECFIRM,QLQ,9864,ABC,*,$MM5EXCHANGE,$MM5,50,$CLASS1PRODUCT1,S,2,1,20,D,21/12/2003 6:00:00.0,1,1,0,00,0,-,-,-,$MM5,$MM5,C,FALSE,M,U,0,-,-,$SESSION1,TRUE,TRUE,Comment
INTERNALIZEDORDER,$CUST1,2,$CUST1EXCHANGE,$CUST1EXECFIRM,PEP,3047,DAN,*,$CUST1EXCHANGE,$CUST1,100,$CLASS1PRODUCT1,B,2,1,30,D,21/12/2003 6:00:00.0,15,1,0,00,0,-,-,-,$CUST1,$CUST1,C,FALSE,C,U,0,-,-,$SESSION1,$CUST1EXCHANGE,$CUST1EXECFIRM,PEP,30471,ABC,*,$CUST1EXCHANGE,$CUST1,100,$CLASS1PRODUCT1,S,2,1,25,D,21/12/2003 6:00:00.0,15,1,0,00,0,-,-,-,$CUST1,$CUST1,C,FALSE,M,U,0,-,-,$SESSION1,TRUE,TRUE,Comment
RFPQUERY,$MM1,$SESSION1,$CLASS1PRODUCT1,$AUCTION200,B,100,1,0,00,FALSE,TRUE,Comment
ORDERFILLVERIFICATION,$CUST1,$CUST1EXCHANGE,$CUST1EXECFIRM,PEP,3047,DAN,*,0,0,3,100,4,2,1,20,TRUE,TRUE,Comment
QUOTEFILLVERIFICATION,$MM1,$CLASS1PRODUCT1,$SESSION1,0,10,1,2,1,20,User Assigned Id..,TRUE,TRUE,Comment
ORDERFILLVERIFICATION,$MM5,$MM5EXCHANGE,$MM5EXECFIRM,QLQ,9864,ABC,*,0,20,1,30,1,2,1,20,TRUE,TRUE,Comment
QUOTEFILLVERIFICATION,$MM3,$CLASS1PRODUCT1,$SESSION1,0,10,1,2,1,20,User Assigned Id..,TRUE,TRUE,Comment
ORDERFILLVERIFICATION,$MM2,$MM2EXCHANGE,$MM2EXECFIRM,EQX,2541,ABC,*,0,50,1,50,1,2,1,20,TRUE,TRUE,Comment
ORDERCANCELVERIFICATION,$CUST1,$CUST1EXCHANGE,$CUST1EXECFIRM,PEP,30471,ABC,*,$SESSION1,$CLASS1PRODUCT1,3,100,TRUE,TRUE,Comment
TOPOFBOOKVERIFICATION,$MM1,$SESSION1,$CLASS1PRODUCT1,20,2,1,00,170,2,1,20,TRUE,TRUE,Comment
ORDERCANCELBYIDNOWAIT,$MM3,$MM3EXCHANGE,$MM3EXECFIRM,RPY,7892,ABC,*,100,$SESSION1,1,TRUE,TRUE,Comment
ORDERCANCELBYIDNOWAIT,$MM5,$MM5EXCHANGE,$MM5EXECFIRM,QLQ,9864,ABC,*,20,$SESSION1,1,TRUE,TRUE,Comment
ORDERCANCELBYIDNOWAIT,$MM2,$MM2EXCHANGE,$MM2EXECFIRM,EQX,2541,ABC,*,50,$SESSION1,1,TRUE,TRUE,Comment
QUOTECANCELBYCLASS,$MM3,$SESSION1,$CLASS1,2,TRUE,TRUE,Comment
QUOTECANCELBYCLASS,$MM1,$SESSION1,$CLASS1,2,TRUE,TRUE,Comment

COMMENT, Test Scenario B:Regular allocation:1 PMM 1MM and Customer order Customer trades before PMM should get entitlement
CLEARALLCALLBACKS,$MM1
CLEARALLCALLBACKS,$MM2
CLEARALLCALLBACKS,$MM5
CLEARALLCALLBACKS,$CUST1
UPDATEALLEXCHANGESBBOWITHNEWFORMAT,$SA1,$SESSION1,$CLASS1,$CLASS1PRODUCT1,NYSE:B:1.00:100:BOTR:N:A:1.10:100:BOTR:N,TRUE,TRUE,Comment
TOPOFBOOKVERIFICATION,$MM1,$SESSION1,$CLASS1PRODUCT1,0,1,0,00,0,1,0,00,TRUE,TRUE,Comment
QUOTE,$MM3,2,1,00,10,2,1,20,10,$CLASS1PRODUCT1,$SESSION1,User Assigned Id..,TRUE,TRUE,Comment
QUOTE,$MM1,2,1,00,10,2,1,20,10,$CLASS1PRODUCT1,$SESSION1,User Assigned Id..,TRUE,TRUE,Comment
ORDER,$MM2,$MM2EXCHANGE,$MM2EXECFIRM,HMM,3558,ABC,*,$MM2EXCHANGE,$MM2,100,$CLASS1PRODUCT1,S,2,1,20,D,21/12/2003 6:00:00.0,1,1,0,00,0,-,-,-,$MM2,$MM2,C,FALSE,I,U,0,-,-,$SESSION1,TRUE,TRUE,Comment
ORDER,$MM3,$MM3EXCHANGE,$MM3EXECFIRM,PEF,166,ABC,*,$MM3EXCHANGE,$MM3,100,$CLASS1PRODUCT1,S,2,1,20,D,21/12/2003 6:00:00.0,1,1,0,00,0,-,-,-,$MM3,$MM3,C,FALSE,M,U,0,-,-,$SESSION1,TRUE,TRUE,Comment
ORDER,$MM2,$MM2EXCHANGE,$MM2EXECFIRM,GUD,4270,ABC,*,$MM2EXCHANGE,$MM2,30,$CLASS1PRODUCT1,S,2,1,20,D,21/12/2003 6:00:00.0,1,1,0,00,0,-,-,-,$MM2,$MM2,C,FALSE,C,U,0,-,-,$SESSION1,TRUE,TRUE,Comment
ORDER,$MM5,$MM5EXCHANGE,$MM5EXECFIRM,QNP,6121,ABC,*,$MM5EXCHANGE,$MM5,60,$CLASS1PRODUCT1,S,2,1,20,D,21/12/2003 6:00:00.0,1,1,0,00,0,-,-,-,$MM5,$MM5,C,FALSE,M,U,0,-,-,$SESSION1,TRUE,TRUE,Comment
INTERNALIZEDORDER,$CUST1,2,$CUST1EXCHANGE,$CUST1EXECFIRM,JJE,816,DAN,*,$CUST1EXCHANGE,$CUST1,100,$CLASS1PRODUCT1,B,2,1,30,D,21/12/2003 6:00:00.0,15,1,0,00,0,-,-,-,$CUST1,$CUST1,C,FALSE,C,U,0,-,-,$SESSION1,$CUST1EXCHANGE,$CUST1EXECFIRM,JJE,8161,ABC,*,$CUST1EXCHANGE,$CUST1,100,$CLASS1PRODUCT1,S,2,1,25,D,21/12/2003 6:00:00.0,15,1,0,00,0,-,-,-,$CUST1,$CUST1,C,FALSE,M,U,0,-,-,$SESSION1,TRUE,TRUE,Comment
RFPQUERY,$MM1,$SESSION1,$CLASS1PRODUCT1,$AUCTION200,B,100,1,0,00,FALSE,TRUE,Comment
ORDERFILLVERIFICATION,$CUST1,$CUST1EXCHANGE,$CUST1EXECFIRM,JJE,816,DAN,*,0,0,3,100,5,2,1,20,TRUE,TRUE,Comment
ORDERFILLVERIFICATION,$MM2,$MM2EXCHANGE,$MM2EXECFIRM,GUD,4270,ABC,*,0,0,3,30,1,2,1,20,TRUE,TRUE,Comment
QUOTEFILLVERIFICATION,$MM1,$CLASS1PRODUCT1,$SESSION1,0,10,1,2,1,20,User Assigned Id..,TRUE,TRUE,Comment
ORDERFILLVERIFICATION,$MM5,$MM5EXCHANGE,$MM5EXECFIRM,QNP,6121,ABC,*,0,42,1,18,1,2,1,20,TRUE,TRUE,Comment
QUOTEFILLVERIFICATION,$MM3,$CLASS1PRODUCT1,$SESSION1,0,10,1,2,1,20,User Assigned Id..,TRUE,TRUE,Comment
ORDERFILLVERIFICATION,$MM2,$MM2EXCHANGE,$MM2EXECFIRM,HMM,3558,ABC,*,0,68,1,32,1,2,1,20,TRUE,TRUE,Comment
ORDERCANCELVERIFICATION,$CUST1,$CUST1EXCHANGE,$CUST1EXECFIRM,JJE,8161,ABC,*,$SESSION1,$CLASS1PRODUCT1,3,100,TRUE,TRUE,Comment
TOPOFBOOKVERIFICATION,$MM1,$SESSION1,$CLASS1PRODUCT1,20,2,1,00,210,2,1,20,TRUE,TRUE,Comment
ORDERCANCELBYIDNOWAIT,$MM2,$MM2EXCHANGE,$MM2EXECFIRM,HMM,3558,ABC,*,68,$SESSION1,1,TRUE,TRUE,Comment
ORDERCANCELBYIDNOWAIT,$MM3,$MM3EXCHANGE,$MM3EXECFIRM,PEF,166,ABC,*,100,$SESSION1,1,TRUE,TRUE,Comment
ORDERCANCELBYIDNOWAIT,$MM5,$MM5EXCHANGE,$MM5EXECFIRM,QNP,6121,ABC,*,42,$SESSION1,1,TRUE,TRUE,Comment
QUOTECANCELBYCLASS,$MM3,$SESSION1,$CLASS1,2,TRUE,TRUE,Comment
QUOTECANCELBYCLASS,$MM1,$SESSION1,$CLASS1,2,TRUE,TRUE,Comment

COMMENT, Test Scenario C:Regular allocation:1 PMM 1MM and Customer order Customer trades before PMM should get entitlement
CLEARALLCALLBACKS,$MM1
CLEARALLCALLBACKS,$MM2
CLEARALLCALLBACKS,$MM5
CLEARALLCALLBACKS,$CUST1
UPDATEALLEXCHANGESBBOWITHNEWFORMAT,$SA1,$SESSION1,$CLASS1,$CLASS1PRODUCT1,NYSE:B:1.00:100:BOTR:N:A:1.10:100:BOTR:N,TRUE,TRUE,Comment
TOPOFBOOKVERIFICATION,$MM1,$SESSION1,$CLASS1PRODUCT1,0,1,0,00,0,1,0,00,TRUE,TRUE,Comment
QUOTE,$MM3,2,1,00,10,2,1,20,10,$CLASS1PRODUCT1,$SESSION1,User Assigned Id..,TRUE,TRUE,Comment
QUOTE,$MM1,2,1,00,30,2,1,20,30,$CLASS1PRODUCT1,$SESSION1,User Assigned Id..,TRUE,TRUE,Comment
ORDER,$MM2,$MM2EXCHANGE,$MM2EXECFIRM,QBZ,7278,ABC,*,$MM2EXCHANGE,$MM2,100,$CLASS1PRODUCT1,S,2,1,20,D,21/12/2003 6:00:00.0,1,1,0,00,0,-,-,-,$MM2,$MM2,C,FALSE,I,U,0,-,-,$SESSION1,TRUE,TRUE,Comment
ORDER,$MM2,$MM2EXCHANGE,$MM2EXECFIRM,SWU,2609,ABC,*,$MM2EXCHANGE,$MM2,10,$CLASS1PRODUCT1,S,2,1,20,D,21/12/2003 6:00:00.0,1,1,0,00,0,-,-,-,$MM2,$MM2,C,FALSE,C,U,0,-,-,$SESSION1,TRUE,TRUE,Comment
ORDER,$MM5,$MM5EXCHANGE,$MM5EXECFIRM,ZHG,7931,ABC,*,$MM5EXCHANGE,$MM5,60,$CLASS1PRODUCT1,S,2,1,20,D,21/12/2003 6:00:00.0,1,1,0,00,0,-,-,-,$MM5,$MM5,C,FALSE,M,U,0,-,-,$SESSION1,TRUE,TRUE,Comment
INTERNALIZEDORDER,$CUST1,2,$CUST1EXCHANGE,$CUST1EXECFIRM,FIA,7103,DAN,*,$CUST1EXCHANGE,$CUST1,100,$CLASS1PRODUCT1,B,2,1,30,D,21/12/2003 6:00:00.0,15,1,0,00,0,-,-,-,$CUST1,$CUST1,C,FALSE,C,U,0,-,-,$SESSION1,$CUST1EXCHANGE,$CUST1EXECFIRM,FIA,71031,ABC,*,$CUST1EXCHANGE,$CUST1,100,$CLASS1PRODUCT1,S,2,1,20,D,21/12/2003 6:00:00.0,15,1,0,00,0,-,-,-,$CUST1,$CUST1,C,FALSE,C,U,0,-,-,$SESSION1,TRUE,TRUE,Comment
RFPQUERY,$MM1,$SESSION1,$CLASS1PRODUCT1,$AUCTION200,B,100,1,0,00,FALSE,TRUE,Comment
ORDERFILLVERIFICATION,$CUST1,$CUST1EXCHANGE,$CUST1EXECFIRM,FIA,7103,DAN,*,0,90,1,10,1,2,1,20,TRUE,TRUE,Comment
ORDERFILLVERIFICATION,$CUST1,$CUST1EXCHANGE,$CUST1EXECFIRM,FIA,7103,DAN,*,0,0,3,90,1,2,1,20,TRUE,TRUE,Comment
ORDERFILLVERIFICATION,$MM2,$MM2EXCHANGE,$MM2EXECFIRM,SWU,2609,ABC,*,0,0,3,10,1,2,1,20,TRUE,TRUE,Comment
ORDERFILLVERIFICATION,$CUST1,$CUST1EXCHANGE,$CUST1EXECFIRM,FIA,71031,ABC,*,0,10,1,90,1,2,1,20,TRUE,TRUE,Comment
ORDERCANCELVERIFICATION,$CUST1,$CUST1EXCHANGE,$CUST1EXECFIRM,FIA,71031,ABC,*,$SESSION1,$CLASS1PRODUCT1,3,10,TRUE,TRUE,Comment
TOPOFBOOKVERIFICATION,$MM1,$SESSION1,$CLASS1PRODUCT1,40,2,1,00,200,2,1,20,TRUE,TRUE,Comment
ORDERCANCELBYIDNOWAIT,$MM2,$MM2EXCHANGE,$MM2EXECFIRM,QBZ,7278,ABC,*,100,$SESSION1,1,TRUE,TRUE,Comment
ORDERCANCELBYIDNOWAIT,$MM5,$MM5EXCHANGE,$MM5EXECFIRM,ZHG,7931,ABC,*,60,$SESSION1,1,TRUE,TRUE,Comment
QUOTECANCELBYCLASS,$MM3,$SESSION1,$CLASS1,2,TRUE,TRUE,Comment
QUOTECANCELBYCLASS,$MM1,$SESSION1,$CLASS1,2,TRUE,TRUE,Comment

COMMENT, Test Scenario D:Regular allocation:1 PMM 1MM and Customer order Customer trades before PMM should get entitlement
CLEARALLCALLBACKS,$MM1
CLEARALLCALLBACKS,$MM2
CLEARALLCALLBACKS,$MM5
CLEARALLCALLBACKS,$CUST1
UPDATEALLEXCHANGESBBOWITHNEWFORMAT,$SA1,$SESSION1,$CLASS1,$CLASS1PRODUCT1,NYSE:B:1.00:100:BOTR:N:A:1.10:100:BOTR:N,TRUE,TRUE,Comment
TOPOFBOOKVERIFICATION,$MM1,$SESSION1,$CLASS1PRODUCT1,0,1,0,00,0,1,0,00,TRUE,TRUE,Comment
QUOTE,$MM3,2,1,00,10,2,1,20,10,$CLASS1PRODUCT1,$SESSION1,User Assigned Id..,TRUE,TRUE,Comment
ORDER,$MM2,$MM2EXCHANGE,$MM2EXECFIRM,XJV,6076,ABC,*,$MM2EXCHANGE,$MM2,100,$CLASS1PRODUCT1,S,2,1,20,D,21/12/2003 6:00:00.0,1,1,0,00,0,-,-,-,$MM2,$MM2,C,FALSE,I,U,0,-,-,$SESSION1,TRUE,TRUE,Comment
ORDER,$MM2,$MM2EXCHANGE,$MM2EXECFIRM,JJH,8969,ABC,*,$MM2EXCHANGE,$MM2,10,$CLASS1PRODUCT1,S,2,1,20,D,21/12/2003 6:00:00.0,1,1,0,00,0,-,-,-,$MM2,$MM2,C,FALSE,C,U,0,-,-,$SESSION1,TRUE,TRUE,Comment
ORDER,$MM5,$MM5EXCHANGE,$MM5EXECFIRM,IWZ,4494,ABC,*,$MM5EXCHANGE,$MM5,60,$CLASS1PRODUCT1,S,2,1,20,D,21/12/2003 6:00:00.0,1,1,0,00,0,-,-,-,$MM5,$MM5,C,FALSE,M,U,0,-,-,$SESSION1,TRUE,TRUE,Comment
INTERNALIZEDORDER,$CUST1,2,$CUST1EXCHANGE,$CUST1EXECFIRM,FIS,5446,DAN,*,$CUST1EXCHANGE,$CUST1,100,$CLASS1PRODUCT1,B,2,1,30,D,21/12/2003 6:00:00.0,15,1,0,00,0,-,-,-,$CUST1,$CUST1,C,FALSE,C,U,0,-,-,$SESSION1,$CUST1EXCHANGE,$CUST1EXECFIRM,FIS,54461,ABC,*,$CUST1EXCHANGE,$CUST1,100,$CLASS1PRODUCT1,S,2,1,25,D,21/12/2003 6:00:00.0,15,1,0,00,0,-,-,-,$CUST1,$CUST1,C,FALSE,C,U,0,-,-,$SESSION1,TRUE,TRUE,Comment
RFPQUERY,$MM1,$SESSION1,$CLASS1PRODUCT1,$AUCTION200,B,100,1,0,00,FALSE,TRUE,Comment
ORDERFILLVERIFICATION,$CUST1,$CUST1EXCHANGE,$CUST1EXECFIRM,FIS,5446,DAN,*,0,0,3,100,4,2,1,20,TRUE,TRUE,Comment
ORDERFILLVERIFICATION,$MM2,$MM2EXCHANGE,$MM2EXECFIRM,JJH,8969,ABC,*,0,0,3,10,1,2,1,20,TRUE,TRUE,Comment
ORDERFILLVERIFICATION,$MM5,$MM5EXCHANGE,$MM5EXECFIRM,IWZ,4494,ABC,*,0,24,1,36,1,2,1,20,TRUE,TRUE,Comment
QUOTEFILLVERIFICATION,$MM3,$CLASS1PRODUCT1,$SESSION1,0,10,1,2,1,20,User Assigned Id..,TRUE,TRUE,Comment
ORDERFILLVERIFICATION,$MM2,$MM2EXCHANGE,$MM2EXECFIRM,XJV,6076,ABC,*,0,56,1,44,1,2,1,20,TRUE,TRUE,Comment
ORDERCANCELVERIFICATION,$CUST1,$CUST1EXCHANGE,$CUST1EXECFIRM,FIS,54461,ABC,*,$SESSION1,$CLASS1PRODUCT1,3,100,TRUE,TRUE,Comment
TOPOFBOOKVERIFICATION,$MM1,$SESSION1,$CLASS1PRODUCT1,10,2,1,00,80,2,1,20,TRUE,TRUE,Comment
ORDERCANCELBYIDNOWAIT,$MM2,$MM2EXCHANGE,$MM2EXECFIRM,XJV,6076,ABC,*,56,$SESSION1,1,TRUE,TRUE,Comment
ORDERCANCELBYIDNOWAIT,$MM5,$MM5EXCHANGE,$MM5EXECFIRM,IWZ,4494,ABC,*,24,$SESSION1,1,TRUE,TRUE,Comment
QUOTECANCELBYCLASS,$MM3,$SESSION1,$CLASS1,2,TRUE,TRUE,Comment

COMMENT, Test Case 3:Aim Auction Starts Internaliztion fixed pct will take place as allocation

COMMENT, Test Scenario A:regular oders during auctions. only 1 is considered for internalization allocation
CLEARALLCALLBACKS,$MM1
CLEARALLCALLBACKS,$MM2
CLEARALLCALLBACKS,$MM5
CLEARALLCALLBACKS,$CUST1
UPDATEALLEXCHANGESBBOWITHNEWFORMAT,$SA1,$SESSION1,$CLASS1,$CLASS1PRODUCT1,NYSE:B:1.00:100:BOTR:N:A:1.10:100:BOTR:N,TRUE,TRUE,Comment
TOPOFBOOKVERIFICATION,$MM1,$SESSION1,$CLASS1PRODUCT1,0,1,0,00,0,1,0,00,TRUE,TRUE,Comment
QUOTE,$MM3,2,1,00,10,2,1,20,10,$CLASS1PRODUCT1,$SESSION1,User Assigned Id..,TRUE,TRUE,Comment
ORDER,$MM1,$MM1EXCHANGE,$MM1EXECFIRM,LRE,7383,ABC,*,$MM1EXCHANGE,$MM1,10,$CLASS1PRODUCT1,S,2,1,20,D,21/12/2003 6:00:00.0,1,1,0,00,0,-,-,-,$MM1,$MM1,C,FALSE,I,U,0,-,-,$SESSION1,TRUE,TRUE,Comment
INTERNALIZEDORDER,$CUST1,2,$CUST1EXCHANGE,$CUST1EXECFIRM,VCR,7088,DAN,*,$CUST1EXCHANGE,$CUST1,200,$CLASS1PRODUCT1,B,2,1,30,D,21/12/2003 6:00:00.0,15,1,0,00,0,-,-,-,$CUST1,$CUST1,C,FALSE,C,U,0,-,-,$SESSION1,$CUST1EXCHANGE,$CUST1EXECFIRM,VCR,70881,ABC,*,$CUST1EXCHANGE,$CUST1,200,$CLASS1PRODUCT1,S,2,1,20,D,21/12/2003 6:00:00.0,15,1,0,00,0,-,-,-,$CUST1,$CUST1,C,FALSE,M,U,0,-,-,$SESSION1,TRUE,TRUE,Comment
RFPQUERY,$MM1,$SESSION1,$CLASS1PRODUCT1,$AUCTION200,B,200,1,0,00,TRUE,TRUE,Comment
ORDER,$MM1,$MM1EXCHANGE,$MM1EXECFIRM,SOL,4354,ABC,*,$MM1EXCHANGE,$MM1,100,$CLASS1PRODUCT1,S,2,1,20,D,21/12/2003 6:00:00.0,1,1,0,00,0,-,-,-,$MM1,$MM1,C,FALSE,M,U,0,-,-,$SESSION1,TRUE,TRUE,Comment
ORDER,$MM5,$MM5EXCHANGE,$MM5EXECFIRM,LPP,9188,ABC,*,$MM5EXCHANGE,$MM5,100,$CLASS1PRODUCT1,S,2,1,20,D,21/12/2003 6:00:00.0,1,1,0,00,0,-,-,-,$MM5,$MM5,C,FALSE,I,U,0,-,-,$SESSION1,TRUE,TRUE,Comment
ORDER,$MM2,$MM2EXCHANGE,$MM2EXECFIRM,YVE,1539,ABC,*,$MM2EXCHANGE,$MM2,100,$CLASS1PRODUCT1,S,2,1,20,D,21/12/2003 6:00:00.0,1,1,0,00,0,-,-,-,$MM2,$MM2,C,FALSE,C,U,0,-,-,$SESSION1,TRUE,TRUE,Comment
PAUSE,8000
ORDERFILLVERIFICATION,$CUST1,$CUST1EXCHANGE,$CUST1EXECFIRM,VCR,7088,DAN,*,0,0,3,200,5,2,1,20,TRUE,TRUE,Comment
ORDERFILLVERIFICATION,$MM2,$MM2EXCHANGE,$MM2EXECFIRM,YVE,1539,ABC,*,0,0,3,100,1,2,1,20,TRUE,TRUE,Comment
ORDERFILLVERIFICATION,$CUST1,$CUST1EXCHANGE,$CUST1EXECFIRM,VCR,70881,ABC,*,0,160,1,40,1,2,1,20,TRUE,TRUE,Comment
QUOTEFILLVERIFICATION,$MM3,$CLASS1PRODUCT1,$SESSION1,0,10,1,2,1,20,User Assigned Id..,TRUE,TRUE,Comment
ORDERFILLVERIFICATION,$MM1,$MM1EXCHANGE,$MM1EXECFIRM,LRE,7383,ABC,*,0,0,3,10,1,2,1,20,TRUE,TRUE,Comment
ORDERFILLVERIFICATION,$MM1,$MM1EXCHANGE,$MM1EXECFIRM,SOL,4354,ABC,*,0,60,1,40,1,2,1,20,TRUE,TRUE,Comment
ORDERCANCELVERIFICATION,$CUST1,$CUST1EXCHANGE,$CUST1EXECFIRM,VCR,70881,ABC,*,$SESSION1,$CLASS1PRODUCT1,3,160,TRUE,TRUE,Comment
TOPOFBOOKVERIFICATION,$MM1,$SESSION1,$CLASS1PRODUCT1,10,2,1,00,160,2,1,20,TRUE,TRUE,Comment
ORDERCANCELBYIDNOWAIT,$MM1,$MM1EXCHANGE,$MM1EXECFIRM,SOL,4354,ABC,*,60,$SESSION1,1,TRUE,TRUE,Comment
ORDERCANCELBYIDNOWAIT,$MM5,$MM5EXCHANGE,$MM5EXECFIRM,LPP,9188,ABC,*,100,$SESSION1,1,TRUE,TRUE,Comment
QUOTECANCELBYCLASS,$MM3,$SESSION1,$CLASS1,2,TRUE,TRUE,Comment

COMMENT, Test Scenario B:regular oders during auctions. only 1 is considered for internalization allocation
CLEARALLCALLBACKS,$MM1
CLEARALLCALLBACKS,$MM2
CLEARALLCALLBACKS,$MM5
CLEARALLCALLBACKS,$CUST1
UPDATEALLEXCHANGESBBOWITHNEWFORMAT,$SA1,$SESSION1,$CLASS1,$CLASS1PRODUCT1,NYSE:B:1.00:100:BOTR:N:A:1.10:100:BOTR:N,TRUE,TRUE,Comment
TOPOFBOOKVERIFICATION,$MM1,$SESSION1,$CLASS1PRODUCT1,0,1,0,00,0,1,0,00,TRUE,TRUE,Comment
QUOTE,$MM3,2,1,00,10,2,1,20,10,$CLASS1PRODUCT1,$SESSION1,User Assigned Id..,TRUE,TRUE,Comment
ORDER,$MM1,$MM1EXCHANGE,$MM1EXECFIRM,TIK,5884,ABC,*,$MM1EXCHANGE,$MM1,10,$CLASS1PRODUCT1,S,2,1,20,D,21/12/2003 6:00:00.0,1,1,0,00,0,-,-,-,$MM1,$MM1,C,FALSE,I,U,0,-,-,$SESSION1,TRUE,TRUE,Comment
ORDER,$MM1,$MM1EXCHANGE,$MM1EXECFIRM,HVQ,9095,ABC,*,$MM1EXCHANGE,$MM1,10,$CLASS1PRODUCT1,S,2,1,20,D,21/12/2003 6:00:00.0,1,1,0,00,0,-,-,-,$MM1,$MM1,C,FALSE,M,U,0,-,-,$SESSION1,TRUE,TRUE,Comment
INTERNALIZEDORDER,$CUST1,2,$CUST1EXCHANGE,$CUST1EXECFIRM,QGJ,3586,DAN,*,$CUST1EXCHANGE,$CUST1,200,$CLASS1PRODUCT1,B,2,1,30,D,21/12/2003 6:00:00.0,15,1,0,00,0,-,-,-,$CUST1,$CUST1,C,FALSE,C,U,0,-,-,$SESSION1,$CUST1EXCHANGE,$CUST1EXECFIRM,QGJ,35861,ABC,*,$CUST1EXCHANGE,$CUST1,200,$CLASS1PRODUCT1,S,2,1,20,D,21/12/2003 6:00:00.0,15,1,0,00,0,-,-,-,$CUST1,$CUST1,C,FALSE,M,U,0,-,-,$SESSION1,TRUE,TRUE,Comment
RFPQUERY,$MM1,$SESSION1,$CLASS1PRODUCT1,$AUCTION200,B,200,1,0,00,TRUE,TRUE,Comment
ORDER,$MM2,$MM2EXCHANGE,$MM2EXECFIRM,BMQ,4519,ABC,*,$MM2EXCHANGE,$MM2,100,$CLASS1PRODUCT1,S,2,1,20,D,21/12/2003 6:00:00.0,14,1,0,00,0,-,-,$AUCTION200,$MM2,$MM2,C,FALSE,M,U,0,-,-,$SESSION1,TRUE,TRUE,Comment
ORDER,$MM5,$MM5EXCHANGE,$MM5EXECFIRM,KBX,6655,ABC,*,$MM5EXCHANGE,$MM5,100,$CLASS1PRODUCT1,S,2,1,20,D,21/12/2003 6:00:00.0,1,1,0,00,0,-,-,-,$MM5,$MM5,C,FALSE,I,U,0,-,-,$SESSION1,TRUE,TRUE,Comment
ORDER,$MM1,$MM1EXCHANGE,$MM1EXECFIRM,DJG,9360,ABC,*,$MM1EXCHANGE,$MM1,100,$CLASS1PRODUCT1,S,2,1,20,D,21/12/2003 6:00:00.0,1,1,0,00,0,-,-,-,$MM1,$MM1,C,FALSE,I,U,0,-,-,$SESSION1,TRUE,TRUE,Comment
PAUSE,8000
ORDERFILLVERIFICATION,$CUST1,$CUST1EXCHANGE,$CUST1EXECFIRM,QGJ,3586,DAN,*,0,0,3,200,5,2,1,20,TRUE,TRUE,Comment
ORDERFILLVERIFICATION,$CUST1,$CUST1EXCHANGE,$CUST1EXECFIRM,QGJ,35861,ABC,*,0,120,1,80,1,2,1,20,TRUE,TRUE,Comment
QUOTEFILLVERIFICATION,$MM3,$CLASS1PRODUCT1,$SESSION1,0,10,1,2,1,20,User Assigned Id..,TRUE,TRUE,Comment
ORDERFILLVERIFICATION,$MM1,$MM1EXCHANGE,$MM1EXECFIRM,TIK,5884,ABC,*,0,0,3,10,1,2,1,20,TRUE,TRUE,Comment
ORDERFILLVERIFICATION,$MM1,$MM1EXCHANGE,$MM1EXECFIRM,HVQ,9095,ABC,*,0,0,3,10,1,2,1,20,TRUE,TRUE,Comment
ORDERFILLVERIFICATION,$MM2,$MM2EXCHANGE,$MM2EXECFIRM,BMQ,4519,ABC,*,0,10,1,90,1,2,1,20,TRUE,TRUE,Comment
ORDERCANCELVERIFICATION,$CUST1,$CUST1EXCHANGE,$CUST1EXECFIRM,QGJ,35861,ABC,*,$SESSION1,$CLASS1PRODUCT1,3,120,TRUE,TRUE,Comment
ORDERCANCELVERIFICATION,$MM2,$MM2EXCHANGE,$MM2EXECFIRM,BMQ,4519,ABC,*,$SESSION1,$CLASS1PRODUCT1,3,10,TRUE,TRUE,Comment
ORDERCANCELBYIDNOWAIT,$MM5,$MM5EXCHANGE,$MM5EXECFIRM,KBX,6655,ABC,*,100,$SESSION1,1,TRUE,TRUE,Comment
ORDERCANCELBYIDNOWAIT,$MM1,$MM1EXCHANGE,$MM1EXECFIRM,DJG,9360,ABC,*,100,$SESSION1,1,TRUE,TRUE,Comment
QUOTECANCELBYCLASS,$MM3,$SESSION1,$CLASS1,2,TRUE,TRUE,Comment

COMMENT, Test Scenario C:regular oders during auctions. only 1 is considered for internalization allocation
CLEARALLCALLBACKS,$MM1
CLEARALLCALLBACKS,$MM2
CLEARALLCALLBACKS,$MM5
CLEARALLCALLBACKS,$CUST1
UPDATEALLEXCHANGESBBOWITHNEWFORMAT,$SA1,$SESSION1,$CLASS1,$CLASS1PRODUCT1,NYSE:B:1.00:100:BOTR:N:A:1.10:100:BOTR:N,TRUE,TRUE,Comment
TOPOFBOOKVERIFICATION,$MM1,$SESSION1,$CLASS1PRODUCT1,0,1,0,00,0,1,0,00,TRUE,TRUE,Comment
QUOTE,$MM3,2,1,00,10,2,1,20,10,$CLASS1PRODUCT1,$SESSION1,User Assigned Id..,TRUE,TRUE,Comment
ORDER,$MM1,$MM1EXCHANGE,$MM1EXECFIRM,CFL,2854,ABC,*,$MM1EXCHANGE,$MM1,10,$CLASS1PRODUCT1,S,2,1,20,D,21/12/2003 6:00:00.0,1,1,0,00,0,-,-,-,$MM1,$MM1,C,FALSE,I,U,0,-,-,$SESSION1,TRUE,TRUE,Comment
ORDER,$MM1,$MM1EXCHANGE,$MM1EXECFIRM,SRT,948,ABC,*,$MM1EXCHANGE,$MM1,10,$CLASS1PRODUCT1,S,2,1,20,D,21/12/2003 6:00:00.0,1,1,0,00,0,-,-,-,$MM1,$MM1,C,FALSE,M,U,0,-,-,$SESSION1,TRUE,TRUE,Comment
INTERNALIZEDORDER,$CUST1,2,$CUST1EXCHANGE,$CUST1EXECFIRM,SNF,3430,DAN,*,$CUST1EXCHANGE,$CUST1,200,$CLASS1PRODUCT1,B,2,1,30,D,21/12/2003 6:00:00.0,15,1,0,00,0,-,-,-,$CUST1,$CUST1,C,FALSE,C,U,0,-,-,$SESSION1,$CUST1EXCHANGE,$CUST1EXECFIRM,SNF,34301,ABC,*,$CUST1EXCHANGE,$CUST1,200,$CLASS1PRODUCT1,S,2,1,20,D,21/12/2003 6:00:00.0,15,1,0,00,0,-,-,-,$CUST1,$CUST1,C,FALSE,M,U,0,-,-,$SESSION1,TRUE,TRUE,Comment
RFPQUERY,$MM1,$SESSION1,$CLASS1PRODUCT1,$AUCTION200,B,200,1,0,00,TRUE,TRUE,Comment
ORDER,$MM2,$MM2EXCHANGE,$MM2EXECFIRM,QYC,579,ABC,*,$MM2EXCHANGE,$MM2,20,$CLASS1PRODUCT1,S,2,1,20,D,21/12/2003 6:00:00.0,14,1,0,00,0,-,-,$AUCTION200,$MM2,$MM2,C,FALSE,M,U,0,-,-,$SESSION1,TRUE,TRUE,Comment
PAUSE,8000
ORDERFILLVERIFICATION,$CUST1,$CUST1EXCHANGE,$CUST1EXECFIRM,SNF,3430,DAN,*,0,0,3,200,5,2,1,20,TRUE,TRUE,Comment
ORDERFILLVERIFICATION,$CUST1,$CUST1EXCHANGE,$CUST1EXECFIRM,SNF,34301,ABC,*,0,50,1,150,1,2,1,20,TRUE,TRUE,Comment
QUOTEFILLVERIFICATION,$MM3,$CLASS1PRODUCT1,$SESSION1,0,10,1,2,1,20,User Assigned Id..,TRUE,TRUE,Comment
ORDERFILLVERIFICATION,$MM1,$MM1EXCHANGE,$MM1EXECFIRM,CFL,2854,ABC,*,0,0,3,10,1,2,1,20,TRUE,TRUE,Comment
ORDERFILLVERIFICATION,$MM1,$MM1EXCHANGE,$MM1EXECFIRM,SRT,948,ABC,*,0,0,3,10,1,2,1,20,TRUE,TRUE,Comment
ORDERFILLVERIFICATION,$MM2,$MM2EXCHANGE,$MM2EXECFIRM,QYC,579,ABC,*,0,0,3,20,1,2,1,20,TRUE,TRUE,Comment
ORDERCANCELVERIFICATION,$CUST1,$CUST1EXCHANGE,$CUST1EXECFIRM,SNF,34301,ABC,*,$SESSION1,$CLASS1PRODUCT1,3,50,TRUE,TRUE,Comment
TOPOFBOOKVERIFICATION,$MM1,$SESSION1,$CLASS1PRODUCT1,10,2,1,00,0,1,0,00,TRUE,TRUE,Comment
QUOTECANCELBYCLASS,$MM3,$SESSION1,$CLASS1,2,TRUE,TRUE,Comment

COMMENT, Test Case:Cleaning Up Task
TRADERLOGOUT,$MM3,TRUE,TRUE,Comment
TRADERLOGOUT,$MM2,TRUE,TRUE,Comment
TRADERLOGOUT,$MM1,TRUE,TRUE,Comment
TRADERLOGOUT,$MM4,TRUE,TRUE,Comment
TRADERLOGOUT,$MM5,TRUE,TRUE,Comment
TRADERLOGOUT,$CUST1,TRUE,TRUE,Comment

SALOGOUT,$SA1,TRUE,TRUE,Comment
ENDPOINT,
PRINTOUTPUTSUMMARY,