TESTSUITENAME,NON_BOB_Class:TB_BUTTON_for_COB_PART_10_MR WR 6357 Test Plan
PRINTOUTPUTHEADING,
STARTPOINT,
SALOGIN,$SA1,$SA1,TRUE,TRUE,Comment


COMMENT, Test Cases:8

COMMENT, Test Environment Setup
SELECTCLASSESANDPRODUCTS,$SA1,$SESSION1,7,1,CLASS,3,PRODUCT,$HYBRIDCLASSLIST1,TRUE,TRUE,Comment
VERIFYSESSIONSTATE,$SA1,$SESSION1,2,TRUE,TRUE,Comment

COMMENT, User Setup
CREATEUSER,$SA1,$MM1,$MM1EXCHANGE,$MM1EXECFIRM,M,1,Automated API $MM1 User,FALSE,TRUE,TRUE,New User for Clearing Firm "671" and Exchange "CBOE" !
VERIFYUSEREXISTENCE,$SA1,$MM1EXCHANGE,$MM1,M,TRUE,TRUE,TRUE,Comment
TRADERLOGIN,$MM1,$MM1,$CASANDPORT,TRUE,TRUE,Comment

STRATEGYCREATE,$MM1,$SESSION1,$CLASS1,$STRATEGY1,3,$CLASS1PRODUCT1,1,B,$CLASS1PRODUCT2,2,S,$CLASS1PRODUCT3,1,B,TRUE,TRUE,Comment

COMMENT, Trading Property Setup
SETAUCTIONENABLED,$SA1,$SESSION1,$STRATEGYCLASS1,2:true,TRUE,TRUE,Comment
PAUSE,2000
VERIFYAUCTIONENABLED,$SA1,$SESSION1,$STRATEGYCLASS1,2:true,TRUE,TRUE,Comment
SETAUCTIONTIMETOLIVE,$SA1,$SESSION1,$STRATEGYCLASS1,2:40000-40000,TRUE,TRUE,Comment
PAUSE,2000
VERIFYAUCTIONTIMETOLIVE,$SA1,$SESSION1,$STRATEGYCLASS1,2:40000-40000,TRUE,TRUE,Comment
SETALLOWMARKETORDER,$SA1,$SESSION1,$STRATEGYCLASS1,TRUE,TRUE,TRUE,Comment
PAUSE,2000
VERIFYALLOWMARKETORDER,$SA1,$SESSION1,$STRATEGYCLASS1,TRUE,TRUE,TRUE,Comment
SETAUCTIONMINQUOTERS,$SA1,$SESSION1,$STRATEGYCLASS1,2:0,TRUE,TRUE,Comment
PAUSE,2000
VERIFYAUCTIONMINQUOTERS,$SA1,$SESSION1,$STRATEGYCLASS1,2:0,TRUE,TRUE,Comment
SETAUCTIONMINMAXORDERSIZE,$SA1,$SESSION1,$STRATEGYCLASS1,2:1-99999,TRUE,TRUE,Comment
PAUSE,2000
VERIFYAUCTIONMINMAXORDERSIZE,$SA1,$SESSION1,$STRATEGYCLASS1,2:1-99999,TRUE,TRUE,Comment
SETAUCTIONRECEIVERTYPES,$SA1,$SESSION1,$STRATEGYCLASS1,2:1,TRUE,TRUE,Comment
PAUSE,2000
VERIFYAUCTIONRECEIVERTYPES,$SA1,$SESSION1,$STRATEGYCLASS1,2:1,TRUE,TRUE,Comment
SETINDEXHYBRIDINDICATOR,$SA1,$SESSION1,$STRATEGYCLASS1,FALSE,TRUE,TRUE,Comment
PAUSE,2000
VERIFYINDEXHYBRIDINDICATOR,$SA1,$SESSION1,$STRATEGYCLASS1,FALSE,TRUE,TRUE,Comment
SETEXCHANGEPRESCRIBEDWIDTH,$SA1,$SESSION1,$STRATEGYCLASS1,0.0-3.0:0.5;3.0-10.0:1.0;10.0-9999:2.0,TRUE,TRUE,Comment
PAUSE,2000
VERIFYEXCHANGEPRESCRIBEDWIDTH,$SA1,$SESSION1,$STRATEGYCLASS1,0.0-3.0:0.5;3.0-10.0:1.0;10.0-9999:2.0,TRUE,TRUE,Comment
SETAUCTIONENABLED,$SA1,$SESSION1,$CLASS1,5:false;-8:false,TRUE,TRUE,Comment
PAUSE,2000
VERIFYAUCTIONENABLED,$SA1,$SESSION1,$CLASS1,5:false;-8:false,TRUE,TRUE,Comment
SETRECOAINTERVAL,$SA1,$SESSION1,$STRATEGYCLASS1,1,TRUE,TRUE,Comment
PAUSE,2000
VERIFYRECOAINTERVAL,$SA1,$SESSION1,$STRATEGYCLASS1,1,TRUE,TRUE,Comment
SETNUMBEROFATTEMPTSFORRECOA,$SA1,$SESSION1,$STRATEGYCLASS1,9999,TRUE,TRUE,Comment
PAUSE,2000
VERIFYNUMBEROFATTEMPTSFORRECOA,$SA1,$SESSION1,$STRATEGYCLASS1,9999,TRUE,TRUE,Comment
SETSLEEPTIMERFORRECOA,$SA1,$SESSION1,$STRATEGYCLASS1,1,TRUE,TRUE,Comment
PAUSE,2000
VERIFYSLEEPTIMERFORRECOA,$SA1,$SESSION1,$STRATEGYCLASS1,1,TRUE,TRUE,Comment
SETTICKSAWAYFORRECOA,$SA1,$SESSION1,$STRATEGYCLASS1,80,TRUE,TRUE,Comment
PAUSE,2000
VERIFYTICKSAWAYFORRECOA,$SA1,$SESSION1,$STRATEGYCLASS1,80,TRUE,TRUE,Comment
SETINDEXHYBRIDINDICATOR,$SA1,$SESSION1,$CLASS1,FALSE,TRUE,TRUE,Comment
PAUSE,2000
VERIFYINDEXHYBRIDINDICATOR,$SA1,$SESSION1,$CLASS1,FALSE,TRUE,TRUE,Comment

COMMENT, Routing Property Setup
SETFIRMVOLUMELIMIT,$SA1,$SESSION1,$MM1EXCHANGE,$MM1EXECFIRM,$CLASS1,49999,TRUE,TRUE,Comment
PAUSE,2000
VERIFYFIRMVOLUMELIMIT,$SA1,$SESSION1,$MM1EXCHANGE,$MM1EXECFIRM,$CLASS1,49999,TRUE,TRUE,Comment
SETFIRMVOLUMELIMIT,$SA1,$SESSION1,$MM1EXCHANGE,$MM1EXECFIRM,$CLASS1,49999,TRUE,TRUE,Comment
PAUSE,2000
VERIFYFIRMVOLUMELIMIT,$SA1,$SESSION1,$MM1EXCHANGE,$MM1EXECFIRM,$CLASS1,49999,TRUE,TRUE,Comment
SETFIRMVOLUMELIMIT,$SA1,$SESSION1,$MM1EXCHANGE,$MM1EXECFIRM,$STRATEGYCLASS1,49999,TRUE,TRUE,Comment
PAUSE,2000
VERIFYFIRMVOLUMELIMIT,$SA1,$SESSION1,$MM1EXCHANGE,$MM1EXECFIRM,$STRATEGYCLASS1,49999,TRUE,TRUE,Comment
SETHELPDESKDEFAULTDESTINATION,$SA1,$SESSION1,$MM1EXCHANGE,$MM1EXECFIRM,$CLASS1,$HOMT1,TRUE,TRUE,Comment
PAUSE,2000
VERIFYHELPDESKDEFAULTDESTINATION,$SA1,$SESSION1,$MM1EXCHANGE,$MM1EXECFIRM,$CLASS1,$HOMT1:7,TRUE,TRUE,Comment
SETHELPDESKDEFAULTDESTINATION,$SA1,$SESSION1,$MM1EXCHANGE,$MM1EXECFIRM,$CLASS1,$HOMT1,TRUE,TRUE,Comment
PAUSE,2000
VERIFYHELPDESKDEFAULTDESTINATION,$SA1,$SESSION1,$MM1EXCHANGE,$MM1EXECFIRM,$CLASS1,$HOMT1:7,TRUE,TRUE,Comment
SETHELPDESKDEFAULTDESTINATION,$SA1,$SESSION1,$MM1EXCHANGE,$MM1EXECFIRM,$STRATEGYCLASS1,$HOMT1,TRUE,TRUE,Comment
PAUSE,2000
VERIFYHELPDESKDEFAULTDESTINATION,$SA1,$SESSION1,$MM1EXCHANGE,$MM1EXECFIRM,$STRATEGYCLASS1,$HOMT1:7,TRUE,TRUE,Comment
SETVOLUMEDEVIATION,$SA1,$SESSION1,$MM1EXCHANGE,$MM1EXECFIRM,$CLASS1,*,1,49999,All,$TE,SIMPLE,TRUE,TRUE,Comment
PAUSE,2000
VERIFYVOLUMEDEVIATION,$SA1,$SESSION1,$MM1EXCHANGE,$MM1EXECFIRM,$CLASS1,*,1,49999,All,$TE,SIMPLE,TRUE,TRUE,Comment
SETVOLUMEDEVIATION,$SA1,$SESSION1,$MM1EXCHANGE,$MM1EXECFIRM,$CLASS1,*,1,49999,All,$TE,SIMPLE,TRUE,TRUE,Comment
PAUSE,2000
VERIFYVOLUMEDEVIATION,$SA1,$SESSION1,$MM1EXCHANGE,$MM1EXECFIRM,$CLASS1,*,1,49999,All,$TE,SIMPLE,TRUE,TRUE,Comment
SETVOLUMEDEVIATION,$SA1,$SESSION1,$MM1EXCHANGE,$MM1EXECFIRM,$STRATEGYCLASS1,*,1,49999,All,$TE,COMPLEX,TRUE,TRUE,Comment
PAUSE,2000
VERIFYVOLUMEDEVIATION,$SA1,$SESSION1,$MM1EXCHANGE,$MM1EXECFIRM,$STRATEGYCLASS1,*,1,49999,All,$TE,COMPLEX,TRUE,TRUE,Comment
SETCOAELIGIBLE,$SA1,$SESSION1,$MM1EXCHANGE,$MM1EXECFIRM,$STRATEGYCLASS1,*,1,TRUE,TRUE,Comment
PAUSE,2000
VERIFYCOAELIGIBLE,$SA1,$SESSION1,$MM1EXCHANGE,$MM1EXECFIRM,$STRATEGYCLASS1,*,1,TRUE,TRUE,Comment

SETALLELECTRONICTRADINGCLASS,$SA1,$SESSION1,$CLASS1,FALSE,TRUE,TRUE,Comment
PAUSE,2000
VERIFYALLELECTRONICTRADINGCLASS,$SA1,$SESSION1,$CLASS1,FALSE,TRUE,TRUE,Comment
SETALLELECTRONICTRADINGCLASS,$SA1,$SESSION1,$CLASS1,FALSE,TRUE,TRUE,Comment
PAUSE,2000
VERIFYALLELECTRONICTRADINGCLASS,$SA1,$SESSION1,$CLASS1,FALSE,TRUE,TRUE,Comment
SETALLELECTRONICTRADINGCLASS,$SA1,$SESSION1,$STRATEGYCLASS1,FALSE,TRUE,TRUE,Comment
PAUSE,2000
VERIFYALLELECTRONICTRADINGCLASS,$SA1,$SESSION1,$STRATEGYCLASS1,FALSE,TRUE,TRUE,Comment
SETFIRMVOLUMELIMIT,$SA1,$SESSION1,$MM1EXCHANGE,$MM1EXECFIRM,$CLASS1,49999,TRUE,TRUE,Comment
PAUSE,2000
VERIFYFIRMVOLUMELIMIT,$SA1,$SESSION1,$MM1EXCHANGE,$MM1EXECFIRM,$CLASS1,49999,TRUE,TRUE,Comment
SETHELPDESKDEFAULTDESTINATION,$SA1,$SESSION1,$MM1EXCHANGE,$MM1EXECFIRM,$CLASS1,$HOMT1,TRUE,TRUE,Comment
PAUSE,2000
VERIFYHELPDESKDEFAULTDESTINATION,$SA1,$SESSION1,$MM1EXCHANGE,$MM1EXECFIRM,$CLASS1,$HOMT1:7,TRUE,TRUE,Comment
SETVOLUMEDEVIATION,$SA1,$SESSION1,$MM1EXCHANGE,$MM1EXECFIRM,$CLASS1,*,1,49999,All,$TE,SIMPLE,TRUE,TRUE,Comment
PAUSE,2000
VERIFYVOLUMEDEVIATION,$SA1,$SESSION1,$MM1EXCHANGE,$MM1EXECFIRM,$CLASS1,*,1,49999,All,$TE,SIMPLE,TRUE,TRUE,Comment

COMMENT, Pre-Test Settings
SUBSCRIBECURRENTMARKET,$MM1,$SESSION1,$CLASS1,$CLASS1PRODUCT1,TRUE,TRUE,Comment
SUBSCRIBECURRENTMARKET,$MM1,$SESSION1,$CLASS1,$CLASS1PRODUCT2,TRUE,TRUE,Comment
SUBSCRIBERECAP,$MM1,$SESSION1,$STRATEGY1,TRUE,TRUE,Comment
SUBSCRIBEAUCTION,$MM1,$SESSION1,$STRATEGYCLASS1,2,TRUE,TRUE,Comment
SUBSCRIBECURRENTMARKET,$MM1,$SESSION1,$CLASS1,$CLASS1PRODUCT3,TRUE,TRUE,Comment

COMMENT, Test Case 1:During an ongoing Re-COA for CUSTOMER complex order on the SAME side and BETTER price than the resting CUSTOMER complex order on Strategy:Inbound Complex Order from PAR (at price marketable with both complex orders and Legs) ends Re-COA prematurely and trades FULL Q-TY with both complex orders (ReCOA-ed and resting Complex Order)
CLEARALLCALLBACKS,$MM1
SETPRODUCTSTATEBYPRODUCT,$SA1,$SESSION1,$CLASS1PRODUCT1,$CLASS1,1,TRUE,TRUE,Comment
PRODUCTSTATEQUERY,$SA1,$SESSION1,$CLASS1PRODUCT1,1,TRUE,TRUE,Comment
SETPRODUCTSTATEBYPRODUCT,$SA1,$SESSION1,$CLASS1PRODUCT2,$CLASS1,1,TRUE,TRUE,Comment
PRODUCTSTATEQUERY,$SA1,$SESSION1,$CLASS1PRODUCT2,1,TRUE,TRUE,Comment
SETPRODUCTSTATEBYPRODUCT,$SA1,$SESSION1,$CLASS1PRODUCT3,$CLASS1,1,TRUE,TRUE,Comment
PRODUCTSTATEQUERY,$SA1,$SESSION1,$CLASS1PRODUCT3,1,TRUE,TRUE,Comment
SETPRODUCTSTATEBYPRODUCT,$SA1,$SESSION1,$CLASS1PRODUCT1,$CLASS1,2,TRUE,TRUE,Comment
PRODUCTSTATEQUERY,$SA1,$SESSION1,$CLASS1PRODUCT1,2,TRUE,TRUE,Comment
SETPRODUCTSTATEBYPRODUCT,$SA1,$SESSION1,$CLASS1PRODUCT2,$CLASS1,2,TRUE,TRUE,Comment
PRODUCTSTATEQUERY,$SA1,$SESSION1,$CLASS1PRODUCT2,2,TRUE,TRUE,Comment
SETPRODUCTSTATEBYPRODUCT,$SA1,$SESSION1,$CLASS1PRODUCT3,$CLASS1,2,TRUE,TRUE,Comment
PRODUCTSTATEQUERY,$SA1,$SESSION1,$CLASS1PRODUCT3,2,TRUE,TRUE,Comment
SETPRODUCTSTATEBYPRODUCT,$SA1,$SESSION1,$CLASS1PRODUCT1,$CLASS1,3,TRUE,TRUE,Comment
PRODUCTSTATEQUERY,$SA1,$SESSION1,$CLASS1PRODUCT1,3,TRUE,TRUE,Comment
SETPRODUCTSTATEBYPRODUCT,$SA1,$SESSION1,$CLASS1PRODUCT2,$CLASS1,3,TRUE,TRUE,Comment
PRODUCTSTATEQUERY,$SA1,$SESSION1,$CLASS1PRODUCT2,3,TRUE,TRUE,Comment
SETPRODUCTSTATEBYPRODUCT,$SA1,$SESSION1,$CLASS1PRODUCT3,$CLASS1,3,TRUE,TRUE,Comment
PRODUCTSTATEQUERY,$SA1,$SESSION1,$CLASS1PRODUCT3,3,TRUE,TRUE,Comment
SETPRODUCTSTATEBYPRODUCT,$SA1,$SESSION1,$CLASS1PRODUCT1,$CLASS1,4,TRUE,TRUE,Comment
PRODUCTSTATEQUERY,$SA1,$SESSION1,$CLASS1PRODUCT1,4,TRUE,TRUE,Comment
SETPRODUCTSTATEBYPRODUCT,$SA1,$SESSION1,$CLASS1PRODUCT2,$CLASS1,4,TRUE,TRUE,Comment
PRODUCTSTATEQUERY,$SA1,$SESSION1,$CLASS1PRODUCT2,4,TRUE,TRUE,Comment
SETPRODUCTSTATEBYPRODUCT,$SA1,$SESSION1,$CLASS1PRODUCT3,$CLASS1,4,TRUE,TRUE,Comment
PRODUCTSTATEQUERY,$SA1,$SESSION1,$CLASS1PRODUCT3,4,TRUE,TRUE,Comment
PARLOGIN,$PAR1,$PAR_PWD1,$WORKSTATION1,$PARCONN1,TRUE,TRUE,Comment

TOPOFBOOKVERIFICATION,$MM1,$SESSION1,$CLASS1PRODUCT1,0,2,0,00,0,2,0,00,TRUE,TRUE,Comment
TOPOFBOOKVERIFICATION,$MM1,$SESSION1,$CLASS1PRODUCT2,0,2,0,00,0,2,0,00,TRUE,TRUE,Comment
TOPOFBOOKVERIFICATION,$MM1,$SESSION1,$CLASS1PRODUCT3,0,2,0,00,0,2,0,00,TRUE,TRUE,Comment
QUOTE,$MM1,2,10,00,100,2,10,20,100,$CLASS1PRODUCT1,$SESSION1,User Assigned Id..,TRUE,TRUE,Comment
PAUSE,1000
CURRENTMARKETV4BESTMARKETQUERY,$MM1,CBOE,$CLASS1PRODUCT1,100,2,10,00,100,2,10,20,TRUE,TRUE,Comment
QUOTE,$MM1,2,1,00,100,2,1,20,100,$CLASS1PRODUCT2,$SESSION1,User Assigned Id..,TRUE,TRUE,Comment
PAUSE,1000
CURRENTMARKETV4BESTMARKETQUERY,$MM1,CBOE,$CLASS1PRODUCT2,100,2,1,00,100,2,1,20,TRUE,TRUE,Comment
QUOTE,$MM1,2,1,00,100,2,1,20,100,$CLASS1PRODUCT3,$SESSION1,User Assigned Id..,TRUE,TRUE,Comment
PAUSE,1000
CURRENTMARKETV4BESTMARKETQUERY,$MM1,CBOE,$CLASS1PRODUCT3,100,2,1,00,100,2,1,20,TRUE,TRUE,Comment
SETPRODUCTSTATEBYPRODUCT,$SA1,$SESSION1,$STRATEGY1,$STRATEGYCLASS1,1,TRUE,TRUE,Comment
PRODUCTSTATEQUERY,$SA1,$SESSION1,$STRATEGY1,1,TRUE,TRUE,Comment
SETPRODUCTSTATEBYPRODUCT,$SA1,$SESSION1,$STRATEGY1,$STRATEGYCLASS1,2,TRUE,TRUE,Comment
PRODUCTSTATEQUERY,$SA1,$SESSION1,$STRATEGY1,2,TRUE,TRUE,Comment
SETPRODUCTSTATEBYPRODUCT,$SA1,$SESSION1,$STRATEGY1,$STRATEGYCLASS1,3,TRUE,TRUE,Comment
PRODUCTSTATEQUERY,$SA1,$SESSION1,$STRATEGY1,3,TRUE,TRUE,Comment
SETPRODUCTSTATEBYPRODUCT,$SA1,$SESSION1,$STRATEGY1,$STRATEGYCLASS1,4,TRUE,TRUE,Comment
PRODUCTSTATEQUERY,$SA1,$SESSION1,$STRATEGY1,4,TRUE,TRUE,Comment
TOPOFBOOKVERIFICATION,$MM1,$SESSION1,$STRATEGY1,0,2,0,00,0,2,0,00,TRUE,TRUE,Comment
STRATEGYORDER,$MM1,$MM1EXCHANGE,$MM1EXECFIRM,SEG,3596,ABC,*,$MM1EXCHANGE,$MM1,100,$STRATEGY1,D,2,-8,70,D,21/12/2003 6:00:00.0,1,2,0,00,0,-,-,-,$MM1,$MM1,C,FALSE,C,U,0,-,-,$SESSION1,3,$CLASS1PRODUCT1,$MM1EXCHANGE,$MM1EXECFIRM,C,C,$CLASS1PRODUCT2,$MM1EXCHANGE,$MM1EXECFIRM,C,C,$CLASS1PRODUCT3,$MM1EXCHANGE,$MM1EXECFIRM,C,C,TRUE,TRUE,This is the Strategy order: BA:249
PAUSE,2000
RFPQUERY,$MM1,$SESSION1,$STRATEGY1,$AUCTION249,U,100,1,0,00,TRUE,TRUE,Comment
PAUSE,40000
TOPOFBOOKVERIFICATION,$MM1,$SESSION1,$STRATEGY1,100,2,-8,70,0,2,0,00,TRUE,TRUE,Comment
STRATEGYORDER,$MM1,$MM1EXCHANGE,$MM1EXECFIRM,QHA,6020,ABC,*,$MM1EXCHANGE,$MM1,100,$STRATEGY1,D,2,-8,75,D,21/12/2003 6:00:00.0,1,2,0,00,0,-,-,-,$MM1,$MM1,C,FALSE,C,U,0,-,-,$SESSION1,3,$CLASS1PRODUCT1,$MM1EXCHANGE,$MM1EXECFIRM,C,C,$CLASS1PRODUCT2,$MM1EXCHANGE,$MM1EXECFIRM,C,C,$CLASS1PRODUCT3,$MM1EXCHANGE,$MM1EXECFIRM,C,C,TRUE,TRUE,This is the Strategy order: BA:250
PAUSE,2000
RFPQUERY,$MM1,$SESSION1,$STRATEGY1,$AUCTION250,U,100,1,0,00,TRUE,TRUE,Comment
PAUSE,40000
TOPOFBOOKVERIFICATION,$MM1,$SESSION1,$STRATEGY1,100,2,-8,75,0,2,0,00,TRUE,TRUE,Comment
STRATEGYORDER,$MM1,$MM1EXCHANGE,$MM1EXECFIRM,FNW,6243,ABC,*,$MM1EXCHANGE,$MM1,200,$STRATEGY1,O,2,8,55,D,21/12/2003 6:00:00.0,1,2,0,00,0,-,-,BARTID=$WORKSTATION1,$MM1,$MM1,C,FALSE,C,U,0,-,-,$SESSION1,3,$CLASS1PRODUCT1,$MM1EXCHANGE,$MM1EXECFIRM,C,C,$CLASS1PRODUCT2,$MM1EXCHANGE,$MM1EXECFIRM,C,C,$CLASS1PRODUCT3,$MM1EXCHANGE,$MM1EXECFIRM,C,C,TRUE,TRUE,This is the Strategy order: BA:253
PAUSE,10000
VERIFYCOMPLEXPARORDER,$PAR1,$MM1,$MM1EXECFIRM,ABC,FNW,6243,*,8.55,C,1,3,Y,Y,N,Y,-,10.00,10.20,200,S,100,100,1,200,1.00,1.20,400,B,100,100,2,400,1.00,1.20,200,S,100,100,1,200,TRUE,TRUE,Comment
QUOTE,$MM1,2,1,00,200,2,1,20,200,$CLASS1PRODUCT2,$SESSION1,User Assigned Id..,TRUE,TRUE,Comment
PAUSE,10000
CURRENTMARKETV4BESTMARKETQUERY,$MM1,CBOE,$CLASS1PRODUCT2,200,2,1,00,200,2,1,20,TRUE,TRUE,Comment
RFPQUERY,$MM1,$SESSION1,$STRATEGY1,$AUCTION250,U,100,1,0,00,TRUE,TRUE,Comment
TOPOFBOOKVERIFICATION,$MM1,$SESSION1,$STRATEGY1,100,2,-8,70,0,2,0,00,TRUE,TRUE,Comment
PARCOMPLEXORDERTRADEWITHBOOKREQ,$PAR1,$MM1,$MM1EXECFIRM,ABC,FNW,6243,*,*,C,8.55,3,200,400,200,Y,TRUE,TRUE,Comment
PAUSE,15000
LASTSALEQUERY,$MM1,$SESSION1,$STRATEGY1,2,-8,70,100,TRUE,TRUE,Comment
CURRENTMARKETV4BESTMARKETQUERY,$MM1,CBOE,$CLASS1PRODUCT1,100,2,10,00,100,2,10,20,TRUE,TRUE,Comment
CURRENTMARKETV4BESTMARKETQUERY,$MM1,CBOE,$CLASS1PRODUCT2,200,2,1,00,200,2,1,20,TRUE,TRUE,Comment
CURRENTMARKETV4BESTMARKETQUERY,$MM1,CBOE,$CLASS1PRODUCT3,100,2,1,00,100,2,1,20,TRUE,TRUE,Comment
CLEARALLPARCALLBACKS,$PAR1
VERIFYCOMPLEXPARORDER,$PAR1,$MM1,$MM1EXECFIRM,ABC,FNW,6243,*,8.55,C,1,3,Y,Y,N,Y,-,10.00,10.20,200,S,100,100,1,200,1.00,1.20,400,B,200,200,2,400,1.00,1.20,200,S,100,100,1,200,FALSE,TRUE,Comment
QUOTECANCEL,$MM1,$SESSION1,$CLASS1PRODUCT1,2,TRUE,TRUE,Comment
QUOTECANCELVERIFICATION,$MM1,$SESSION1,$CLASS1PRODUCT1,2,TRUE,TRUE,Comment
QUOTECANCEL,$MM1,$SESSION1,$CLASS1PRODUCT2,2,TRUE,TRUE,Comment
QUOTECANCELVERIFICATION,$MM1,$SESSION1,$CLASS1PRODUCT2,2,TRUE,TRUE,Comment
QUOTECANCEL,$MM1,$SESSION1,$CLASS1PRODUCT3,2,TRUE,TRUE,Comment
QUOTECANCELVERIFICATION,$MM1,$SESSION1,$CLASS1PRODUCT3,2,TRUE,TRUE,Comment
CANCELALLPARORDERS,$PAR1,$MM1,TRUE,TRUE,Comment
CLEARALLPARCALLBACKS,$PAR1
VERIFYCOMPLEXPARORDER,$PAR1,$MM1,$MM1EXECFIRM,ABC,FNW,6243,*,8.55,C,1,3,Y,Y,N,Y,-,0.00,0.00,200,S,0,0,1,200,0.00,0.00,400,B,0,0,2,400,0.00,0.00,200,S,0,0,1,200,FALSE,TRUE,Comment
TOPOFBOOKVERIFICATION,$MM1,$SESSION1,$STRATEGY1,0,2,0,00,0,2,0,00,TRUE,TRUE,Comment

COMMENT, Test Case 2:During an ongoing Re-COA for CUSTOMER complex order on the SAME side and BETTER price than the resting CUSTOMER complex order on Strategy:Inbound Complex Order from PAR (at price marketable with both complex orders and Legs) ends Re-COA prematurely and trades PARTIAL Q-TY with both complex orders (ReCOA-ed and resting Complex Order). The remainder of the PAR order is routed back to PAR
CLEARALLCALLBACKS,$MM1
PRODUCTSTATEQUERY,$SA1,$SESSION1,$CLASS1PRODUCT1,4,TRUE,TRUE,Comment
PRODUCTSTATEQUERY,$SA1,$SESSION1,$CLASS1PRODUCT2,4,TRUE,TRUE,Comment
PRODUCTSTATEQUERY,$SA1,$SESSION1,$CLASS1PRODUCT3,4,TRUE,TRUE,Comment
TOPOFBOOKVERIFICATION,$MM1,$SESSION1,$CLASS1PRODUCT1,0,2,0,00,0,2,0,00,TRUE,TRUE,Comment
TOPOFBOOKVERIFICATION,$MM1,$SESSION1,$CLASS1PRODUCT2,0,2,0,00,0,2,0,00,TRUE,TRUE,Comment
TOPOFBOOKVERIFICATION,$MM1,$SESSION1,$CLASS1PRODUCT3,0,2,0,00,0,2,0,00,TRUE,TRUE,Comment
QUOTE,$MM1,2,10,00,100,2,10,20,100,$CLASS1PRODUCT1,$SESSION1,User Assigned Id..,TRUE,TRUE,Comment
PAUSE,1000
CURRENTMARKETV4BESTMARKETQUERY,$MM1,CBOE,$CLASS1PRODUCT1,100,2,10,00,100,2,10,20,TRUE,TRUE,Comment
QUOTE,$MM1,2,1,00,100,2,1,20,100,$CLASS1PRODUCT2,$SESSION1,User Assigned Id..,TRUE,TRUE,Comment
PAUSE,1000
CURRENTMARKETV4BESTMARKETQUERY,$MM1,CBOE,$CLASS1PRODUCT2,100,2,1,00,100,2,1,20,TRUE,TRUE,Comment
QUOTE,$MM1,2,1,00,100,2,1,20,100,$CLASS1PRODUCT3,$SESSION1,User Assigned Id..,TRUE,TRUE,Comment
PAUSE,1000
CURRENTMARKETV4BESTMARKETQUERY,$MM1,CBOE,$CLASS1PRODUCT3,100,2,1,00,100,2,1,20,TRUE,TRUE,Comment
SETPRODUCTSTATEBYPRODUCT,$SA1,$SESSION1,$STRATEGY1,$STRATEGYCLASS1,1,TRUE,TRUE,Comment
PRODUCTSTATEQUERY,$SA1,$SESSION1,$STRATEGY1,1,TRUE,TRUE,Comment
SETPRODUCTSTATEBYPRODUCT,$SA1,$SESSION1,$STRATEGY1,$STRATEGYCLASS1,2,TRUE,TRUE,Comment
PRODUCTSTATEQUERY,$SA1,$SESSION1,$STRATEGY1,2,TRUE,TRUE,Comment
SETPRODUCTSTATEBYPRODUCT,$SA1,$SESSION1,$STRATEGY1,$STRATEGYCLASS1,3,TRUE,TRUE,Comment
PRODUCTSTATEQUERY,$SA1,$SESSION1,$STRATEGY1,3,TRUE,TRUE,Comment
SETPRODUCTSTATEBYPRODUCT,$SA1,$SESSION1,$STRATEGY1,$STRATEGYCLASS1,4,TRUE,TRUE,Comment
PRODUCTSTATEQUERY,$SA1,$SESSION1,$STRATEGY1,4,TRUE,TRUE,Comment
TOPOFBOOKVERIFICATION,$MM1,$SESSION1,$STRATEGY1,0,2,0,00,0,2,0,00,TRUE,TRUE,Comment
STRATEGYORDER,$MM1,$MM1EXCHANGE,$MM1EXECFIRM,HOK,5947,ABC,*,$MM1EXCHANGE,$MM1,100,$STRATEGY1,D,2,-8,70,D,21/12/2003 6:00:00.0,1,2,0,00,0,-,-,-,$MM1,$MM1,C,FALSE,C,U,0,-,-,$SESSION1,3,$CLASS1PRODUCT1,$MM1EXCHANGE,$MM1EXECFIRM,C,C,$CLASS1PRODUCT2,$MM1EXCHANGE,$MM1EXECFIRM,C,C,$CLASS1PRODUCT3,$MM1EXCHANGE,$MM1EXECFIRM,C,C,TRUE,TRUE,This is the Strategy order: BA:249
PAUSE,2000
RFPQUERY,$MM1,$SESSION1,$STRATEGY1,$AUCTION249,U,100,1,0,00,TRUE,TRUE,Comment
PAUSE,40000
TOPOFBOOKVERIFICATION,$MM1,$SESSION1,$STRATEGY1,100,2,-8,70,0,2,0,00,TRUE,TRUE,Comment
STRATEGYORDER,$MM1,$MM1EXCHANGE,$MM1EXECFIRM,LLU,1318,ABC,*,$MM1EXCHANGE,$MM1,100,$STRATEGY1,D,2,-8,75,D,21/12/2003 6:00:00.0,1,2,0,00,0,-,-,-,$MM1,$MM1,C,FALSE,C,U,0,-,-,$SESSION1,3,$CLASS1PRODUCT1,$MM1EXCHANGE,$MM1EXECFIRM,C,C,$CLASS1PRODUCT2,$MM1EXCHANGE,$MM1EXECFIRM,C,C,$CLASS1PRODUCT3,$MM1EXCHANGE,$MM1EXECFIRM,C,C,TRUE,TRUE,This is the Strategy order: BA:250
PAUSE,2000
RFPQUERY,$MM1,$SESSION1,$STRATEGY1,$AUCTION250,U,100,1,0,00,TRUE,TRUE,Comment
PAUSE,40000
TOPOFBOOKVERIFICATION,$MM1,$SESSION1,$STRATEGY1,100,2,-8,75,0,2,0,00,TRUE,TRUE,Comment
STRATEGYORDER,$MM1,$MM1EXCHANGE,$MM1EXECFIRM,GZA,3311,ABC,*,$MM1EXCHANGE,$MM1,400,$STRATEGY1,O,2,8,55,D,21/12/2003 6:00:00.0,1,2,0,00,0,-,-,BARTID=$WORKSTATION1,$MM1,$MM1,C,FALSE,C,U,0,-,-,$SESSION1,3,$CLASS1PRODUCT1,$MM1EXCHANGE,$MM1EXECFIRM,C,C,$CLASS1PRODUCT2,$MM1EXCHANGE,$MM1EXECFIRM,C,C,$CLASS1PRODUCT3,$MM1EXCHANGE,$MM1EXECFIRM,C,C,TRUE,TRUE,This is the Strategy order: BA:253
PAUSE,10000
VERIFYCOMPLEXPARORDER,$PAR1,$MM1,$MM1EXECFIRM,ABC,GZA,3311,*,8.55,C,1,3,Y,Y,N,Y,-,10.00,10.20,400,S,100,100,1,400,1.00,1.20,800,B,100,100,2,800,1.00,1.20,400,S,100,100,1,400,TRUE,TRUE,Comment
QUOTE,$MM1,2,10,00,200,2,10,20,200,$CLASS1PRODUCT1,$SESSION1,User Assigned Id..,TRUE,TRUE,Comment
PAUSE,1000
CURRENTMARKETV4BESTMARKETQUERY,$MM1,CBOE,$CLASS1PRODUCT1,200,2,10,00,200,2,10,20,TRUE,TRUE,Comment
RFPQUERY,$MM1,$SESSION1,$STRATEGY1,$AUCTION250,U,100,1,0,00,TRUE,TRUE,Comment
TOPOFBOOKVERIFICATION,$MM1,$SESSION1,$STRATEGY1,100,2,-8,70,0,2,0,00,TRUE,TRUE,Comment
PARCOMPLEXORDERTRADEWITHBOOKREQ,$PAR1,$MM1,$MM1EXECFIRM,ABC,GZA,3311,*,*,C,8.55,3,400,800,400,Y,TRUE,TRUE,Comment
PAUSE,10000
LASTSALEQUERY,$MM1,$SESSION1,$STRATEGY1,2,-8,70,100,TRUE,TRUE,Comment
TOPOFBOOKVERIFICATION,$MM1,$SESSION1,$STRATEGY1,0,2,0,00,0,2,0,00,TRUE,TRUE,Comment
CURRENTMARKETV4BESTMARKETQUERY,$MM1,CBOE,$CLASS1PRODUCT1,200,2,10,00,200,2,10,20,TRUE,TRUE,Comment
CURRENTMARKETV4BESTMARKETQUERY,$MM1,CBOE,$CLASS1PRODUCT2,100,2,1,00,100,2,1,20,TRUE,TRUE,Comment
CURRENTMARKETV4BESTMARKETQUERY,$MM1,CBOE,$CLASS1PRODUCT3,100,2,1,00,100,2,1,20,TRUE,TRUE,Comment
VERIFYCOMPLEXPARORDER,$PAR1,$MM1,$MM1EXECFIRM,ABC,GZA,3311,*,8.55,C,1,3,Y,Y,N,Y,-,10.00,10.20,200,S,200,200,1,400,1.00,1.20,400,B,100,100,2,800,1.00,1.20,200,S,100,100,1,400,TRUE,TRUE,Comment
QUOTECANCEL,$MM1,$SESSION1,$CLASS1PRODUCT1,2,TRUE,TRUE,Comment
QUOTECANCELVERIFICATION,$MM1,$SESSION1,$CLASS1PRODUCT1,2,TRUE,TRUE,Comment
QUOTECANCEL,$MM1,$SESSION1,$CLASS1PRODUCT2,2,TRUE,TRUE,Comment
QUOTECANCELVERIFICATION,$MM1,$SESSION1,$CLASS1PRODUCT2,2,TRUE,TRUE,Comment
QUOTECANCEL,$MM1,$SESSION1,$CLASS1PRODUCT3,2,TRUE,TRUE,Comment
QUOTECANCELVERIFICATION,$MM1,$SESSION1,$CLASS1PRODUCT3,2,TRUE,TRUE,Comment
CANCELALLPARORDERS,$PAR1,$MM1,TRUE,TRUE,Comment
CLEARALLPARCALLBACKS,$PAR1
VERIFYCOMPLEXPARORDER,$PAR1,$MM1,$MM1EXECFIRM,ABC,GZA,3311,*,8.55,C,1,3,Y,Y,N,Y,-,0.00,0.00,200,S,0,0,1,400,0.00,0.00,400,B,0,0,2,800,0.00,0.00,200,S,0,0,1,400,FALSE,TRUE,Comment

COMMENT, Test Case 3:During an ongoing Re-COA for CUSTOMER complex order on the SAME side and BETTER price than the resting CUSTOMER complex order on Strategy:Inbound Complex Order from PAR (at price marketable with both complex orders and Legs) ends Re-COA prematurely and trades FULL Q-TY ONLY with ReCOA-ed complex order
CLEARALLCALLBACKS,$MM1
PRODUCTSTATEQUERY,$SA1,$SESSION1,$CLASS1PRODUCT1,4,TRUE,TRUE,Comment
PRODUCTSTATEQUERY,$SA1,$SESSION1,$CLASS1PRODUCT2,4,TRUE,TRUE,Comment
PRODUCTSTATEQUERY,$SA1,$SESSION1,$CLASS1PRODUCT3,4,TRUE,TRUE,Comment
TOPOFBOOKVERIFICATION,$MM1,$SESSION1,$CLASS1PRODUCT1,0,2,0,00,0,2,0,00,TRUE,TRUE,Comment
TOPOFBOOKVERIFICATION,$MM1,$SESSION1,$CLASS1PRODUCT2,0,2,0,00,0,2,0,00,TRUE,TRUE,Comment
TOPOFBOOKVERIFICATION,$MM1,$SESSION1,$CLASS1PRODUCT3,0,2,0,00,0,2,0,00,TRUE,TRUE,Comment
QUOTE,$MM1,2,10,00,100,2,10,20,100,$CLASS1PRODUCT1,$SESSION1,User Assigned Id..,TRUE,TRUE,Comment
PAUSE,1000
CURRENTMARKETV4BESTMARKETQUERY,$MM1,CBOE,$CLASS1PRODUCT1,100,2,10,00,100,2,10,20,TRUE,TRUE,Comment
QUOTE,$MM1,2,1,00,100,2,1,20,100,$CLASS1PRODUCT2,$SESSION1,User Assigned Id..,TRUE,TRUE,Comment
PAUSE,1000
CURRENTMARKETV4BESTMARKETQUERY,$MM1,CBOE,$CLASS1PRODUCT2,100,2,1,00,100,2,1,20,TRUE,TRUE,Comment
QUOTE,$MM1,2,1,00,100,2,1,20,100,$CLASS1PRODUCT3,$SESSION1,User Assigned Id..,TRUE,TRUE,Comment
PAUSE,1000
CURRENTMARKETV4BESTMARKETQUERY,$MM1,CBOE,$CLASS1PRODUCT3,100,2,1,00,100,2,1,20,TRUE,TRUE,Comment
SETPRODUCTSTATEBYPRODUCT,$SA1,$SESSION1,$STRATEGY1,$STRATEGYCLASS1,1,TRUE,TRUE,Comment
PRODUCTSTATEQUERY,$SA1,$SESSION1,$STRATEGY1,1,TRUE,TRUE,Comment
SETPRODUCTSTATEBYPRODUCT,$SA1,$SESSION1,$STRATEGY1,$STRATEGYCLASS1,2,TRUE,TRUE,Comment
PRODUCTSTATEQUERY,$SA1,$SESSION1,$STRATEGY1,2,TRUE,TRUE,Comment
SETPRODUCTSTATEBYPRODUCT,$SA1,$SESSION1,$STRATEGY1,$STRATEGYCLASS1,3,TRUE,TRUE,Comment
PRODUCTSTATEQUERY,$SA1,$SESSION1,$STRATEGY1,3,TRUE,TRUE,Comment
SETPRODUCTSTATEBYPRODUCT,$SA1,$SESSION1,$STRATEGY1,$STRATEGYCLASS1,4,TRUE,TRUE,Comment
PRODUCTSTATEQUERY,$SA1,$SESSION1,$STRATEGY1,4,TRUE,TRUE,Comment
STRATEGYORDER,$MM1,$MM1EXCHANGE,$MM1EXECFIRM,YYF,4240,ABC,*,$MM1EXCHANGE,$MM1,100,$STRATEGY1,D,2,-8,70,D,21/12/2003 6:00:00.0,1,2,0,00,0,-,-,-,$MM1,$MM1,C,FALSE,C,U,0,-,-,$SESSION1,3,$CLASS1PRODUCT1,$MM1EXCHANGE,$MM1EXECFIRM,C,C,$CLASS1PRODUCT2,$MM1EXCHANGE,$MM1EXECFIRM,C,C,$CLASS1PRODUCT3,$MM1EXCHANGE,$MM1EXECFIRM,C,C,TRUE,TRUE,This is the Strategy order: BA:249
PAUSE,2000
RFPQUERY,$MM1,$SESSION1,$STRATEGY1,$AUCTION249,U,100,1,0,00,TRUE,TRUE,Comment
PAUSE,40000
TOPOFBOOKVERIFICATION,$MM1,$SESSION1,$STRATEGY1,100,2,-8,70,0,2,0,00,TRUE,TRUE,Comment
STRATEGYORDER,$MM1,$MM1EXCHANGE,$MM1EXECFIRM,HSG,8619,ABC,*,$MM1EXCHANGE,$MM1,100,$STRATEGY1,D,2,-8,75,D,21/12/2003 6:00:00.0,1,2,0,00,0,-,-,-,$MM1,$MM1,C,FALSE,C,U,0,-,-,$SESSION1,3,$CLASS1PRODUCT1,$MM1EXCHANGE,$MM1EXECFIRM,C,C,$CLASS1PRODUCT2,$MM1EXCHANGE,$MM1EXECFIRM,C,C,$CLASS1PRODUCT3,$MM1EXCHANGE,$MM1EXECFIRM,C,C,TRUE,TRUE,This is the Strategy order: BA:250
PAUSE,2000
RFPQUERY,$MM1,$SESSION1,$STRATEGY1,$AUCTION250,U,100,1,0,00,TRUE,TRUE,Comment
PAUSE,40000
TOPOFBOOKVERIFICATION,$MM1,$SESSION1,$STRATEGY1,100,2,-8,75,0,2,0,00,TRUE,TRUE,Comment
STRATEGYORDER,$MM1,$MM1EXCHANGE,$MM1EXECFIRM,XJB,6402,ABC,*,$MM1EXCHANGE,$MM1,100,$STRATEGY1,O,2,8,55,D,21/12/2003 6:00:00.0,1,2,0,00,0,-,-,BARTID=$WORKSTATION1,$MM1,$MM1,C,FALSE,C,U,0,-,-,$SESSION1,3,$CLASS1PRODUCT1,$MM1EXCHANGE,$MM1EXECFIRM,C,C,$CLASS1PRODUCT2,$MM1EXCHANGE,$MM1EXECFIRM,C,C,$CLASS1PRODUCT3,$MM1EXCHANGE,$MM1EXECFIRM,C,C,TRUE,TRUE,This is the Strategy order: BA:253
PAUSE,10000
VERIFYCOMPLEXPARORDER,$PAR1,$MM1,$MM1EXECFIRM,ABC,XJB,6402,*,8.55,C,1,3,Y,Y,N,Y,-,10.00,10.20,100,S,100,100,1,100,1.00,1.20,200,B,100,100,2,200,1.00,1.20,100,S,100,100,1,100,TRUE,TRUE,Comment
QUOTE,$MM1,2,1,00,500,2,1,20,500,$CLASS1PRODUCT2,$SESSION1,User Assigned Id..,TRUE,TRUE,Comment
PAUSE,1000
CURRENTMARKETV4BESTMARKETQUERY,$MM1,CBOE,$CLASS1PRODUCT2,500,2,1,00,500,2,1,20,TRUE,TRUE,Comment
RFPQUERY,$MM1,$SESSION1,$STRATEGY1,$AUCTION250,U,100,1,0,00,TRUE,TRUE,Comment
TOPOFBOOKVERIFICATION,$MM1,$SESSION1,$STRATEGY1,100,2,-8,70,0,2,0,00,TRUE,TRUE,Comment
PARCOMPLEXORDERTRADEWITHBOOKREQ,$PAR1,$MM1,$MM1EXECFIRM,ABC,XJB,6402,*,*,C,8.55,3,100,200,100,Y,TRUE,TRUE,Comment
PAUSE,10000
LASTSALEQUERY,$MM1,$SESSION1,$STRATEGY1,2,-8,75,100,TRUE,TRUE,Comment
TOPOFBOOKVERIFICATION,$MM1,$SESSION1,$STRATEGY1,100,2,-8,70,0,2,0,00,TRUE,TRUE,Comment
CURRENTMARKETV4BESTMARKETQUERY,$MM1,CBOE,$CLASS1PRODUCT1,100,2,10,00,100,2,10,20,TRUE,TRUE,Comment
CURRENTMARKETV4BESTMARKETQUERY,$MM1,CBOE,$CLASS1PRODUCT2,500,2,1,00,500,2,1,20,TRUE,TRUE,Comment
CURRENTMARKETV4BESTMARKETQUERY,$MM1,CBOE,$CLASS1PRODUCT3,100,2,1,00,100,2,1,20,TRUE,TRUE,Comment
CLEARALLPARCALLBACKS,$PAR1
PAUSE,1000
VERIFYCOMPLEXPARORDER,$PAR1,$MM1,$MM1EXECFIRM,ABC,XJB,6402,*,8.55,C,1,3,Y,Y,N,Y,-,10.00,10.20,100,S,100,100,1,100,1.00,1.20,200,B,500,500,2,200,1.00,1.20,100,S,100,100,1,100,FALSE,TRUE,Comment
QUOTECANCEL,$MM1,$SESSION1,$CLASS1PRODUCT1,2,TRUE,TRUE,Comment
QUOTECANCELVERIFICATION,$MM1,$SESSION1,$CLASS1PRODUCT1,2,TRUE,TRUE,Comment
QUOTECANCEL,$MM1,$SESSION1,$CLASS1PRODUCT2,2,TRUE,TRUE,Comment
QUOTECANCELVERIFICATION,$MM1,$SESSION1,$CLASS1PRODUCT2,2,TRUE,TRUE,Comment
QUOTECANCEL,$MM1,$SESSION1,$CLASS1PRODUCT3,2,TRUE,TRUE,Comment
QUOTECANCELVERIFICATION,$MM1,$SESSION1,$CLASS1PRODUCT3,2,TRUE,TRUE,Comment
ORDERCANCELBYIDNOWAIT,$MM1,$MM1EXCHANGE,$MM1EXECFIRM,YYF,4240,ABC,*,100,$SESSION1,1,TRUE,TRUE,Comment
ORDERCANCELVERIFICATION,$MM1,$MM1EXCHANGE,$MM1EXECFIRM,YYF,4240,ABC,*,$SESSION1,$STRATEGY1,2,100,TRUE,TRUE,Comment
PAUSE,1000
TOPOFBOOKVERIFICATION,$MM1,$SESSION1,$STRATEGY1,0,2,0,00,0,2,0,00,TRUE,TRUE,Comment

COMMENT, Test Case 4:During an ongoing Re-COA for NON-CUSTOMER complex order on the SAME side and BETTER price than the resting CUSTOMER complex order on Strategy:Inbound Complex Order from PAR (at price marketable with both complex orders and Legs) does NOT end Re-COA but it is routed back to PAR station. Re-COA CONTINUES. CONDITION:Q-ty of the PAR order is sufficient to trade with both resting order in COB and Re-COA-ed order
CLEARALLCALLBACKS,$MM1
PRODUCTSTATEQUERY,$SA1,$SESSION1,$CLASS1PRODUCT1,4,TRUE,TRUE,Comment
PRODUCTSTATEQUERY,$SA1,$SESSION1,$CLASS1PRODUCT2,4,TRUE,TRUE,Comment
PRODUCTSTATEQUERY,$SA1,$SESSION1,$CLASS1PRODUCT3,4,TRUE,TRUE,Comment
TOPOFBOOKVERIFICATION,$MM1,$SESSION1,$CLASS1PRODUCT1,0,2,0,00,0,2,0,00,TRUE,TRUE,Comment
TOPOFBOOKVERIFICATION,$MM1,$SESSION1,$CLASS1PRODUCT2,0,2,0,00,0,2,0,00,TRUE,TRUE,Comment
TOPOFBOOKVERIFICATION,$MM1,$SESSION1,$CLASS1PRODUCT3,0,2,0,00,0,2,0,00,TRUE,TRUE,Comment
QUOTE,$MM1,2,10,00,100,2,10,20,100,$CLASS1PRODUCT1,$SESSION1,User Assigned Id..,TRUE,TRUE,Comment
PAUSE,1000
CURRENTMARKETV4BESTMARKETQUERY,$MM1,CBOE,$CLASS1PRODUCT1,100,2,10,00,100,2,10,20,TRUE,TRUE,Comment
QUOTE,$MM1,2,1,00,100,2,1,20,100,$CLASS1PRODUCT2,$SESSION1,User Assigned Id..,TRUE,TRUE,Comment
PAUSE,1000
CURRENTMARKETV4BESTMARKETQUERY,$MM1,CBOE,$CLASS1PRODUCT2,100,2,1,00,100,2,1,20,TRUE,TRUE,Comment
QUOTE,$MM1,2,1,00,100,2,1,20,100,$CLASS1PRODUCT3,$SESSION1,User Assigned Id..,TRUE,TRUE,Comment
PAUSE,1000
CURRENTMARKETV4BESTMARKETQUERY,$MM1,CBOE,$CLASS1PRODUCT3,100,2,1,00,100,2,1,20,TRUE,TRUE,Comment
SETPRODUCTSTATEBYPRODUCT,$SA1,$SESSION1,$STRATEGY1,$STRATEGYCLASS1,1,TRUE,TRUE,Comment
PRODUCTSTATEQUERY,$SA1,$SESSION1,$STRATEGY1,1,TRUE,TRUE,Comment
SETPRODUCTSTATEBYPRODUCT,$SA1,$SESSION1,$STRATEGY1,$STRATEGYCLASS1,2,TRUE,TRUE,Comment
PRODUCTSTATEQUERY,$SA1,$SESSION1,$STRATEGY1,2,TRUE,TRUE,Comment
SETPRODUCTSTATEBYPRODUCT,$SA1,$SESSION1,$STRATEGY1,$STRATEGYCLASS1,3,TRUE,TRUE,Comment
PRODUCTSTATEQUERY,$SA1,$SESSION1,$STRATEGY1,3,TRUE,TRUE,Comment
SETPRODUCTSTATEBYPRODUCT,$SA1,$SESSION1,$STRATEGY1,$STRATEGYCLASS1,4,TRUE,TRUE,Comment
PRODUCTSTATEQUERY,$SA1,$SESSION1,$STRATEGY1,4,TRUE,TRUE,Comment
STRATEGYORDER,$MM1,$MM1EXCHANGE,$MM1EXECFIRM,HVM,9705,ABC,*,$MM1EXCHANGE,$MM1,100,$STRATEGY1,D,2,-8,70,D,21/12/2003 6:00:00.0,1,2,0,00,0,-,-,-,$MM1,$MM1,C,FALSE,C,U,0,-,-,$SESSION1,3,$CLASS1PRODUCT1,$MM1EXCHANGE,$MM1EXECFIRM,C,C,$CLASS1PRODUCT2,$MM1EXCHANGE,$MM1EXECFIRM,C,C,$CLASS1PRODUCT3,$MM1EXCHANGE,$MM1EXECFIRM,C,C,TRUE,TRUE,This is the Strategy order: BA:249
PAUSE,2000
RFPQUERY,$MM1,$SESSION1,$STRATEGY1,$AUCTION249,U,100,1,0,00,TRUE,TRUE,Comment
PAUSE,40000
TOPOFBOOKVERIFICATION,$MM1,$SESSION1,$STRATEGY1,100,2,-8,70,0,2,0,00,TRUE,TRUE,Comment
STRATEGYORDER,$MM1,$MM1EXCHANGE,$MM1EXECFIRM,LIL,9912,ABC,*,$MM1EXCHANGE,$MM1,100,$STRATEGY1,D,2,-8,75,D,21/12/2003 6:00:00.0,1,2,0,00,0,-,-,-,$MM1,$MM1,C,FALSE,F,U,0,-,-,$SESSION1,3,$CLASS1PRODUCT1,$MM1EXCHANGE,$MM1EXECFIRM,C,C,$CLASS1PRODUCT2,$MM1EXCHANGE,$MM1EXECFIRM,C,C,$CLASS1PRODUCT3,$MM1EXCHANGE,$MM1EXECFIRM,C,C,TRUE,TRUE,This is the Strategy order: BA:250
PAUSE,3000
RFPQUERY,$MM1,$SESSION1,$STRATEGY1,$AUCTION250,U,100,1,0,00,TRUE,TRUE,Comment
PAUSE,40000
TOPOFBOOKVERIFICATION,$MM1,$SESSION1,$STRATEGY1,100,2,-8,75,0,2,0,00,TRUE,TRUE,Comment
STRATEGYORDER,$MM1,$MM1EXCHANGE,$MM1EXECFIRM,OXX,662,ABC,*,$MM1EXCHANGE,$MM1,200,$STRATEGY1,O,2,8,55,D,21/12/2003 6:00:00.0,1,2,0,00,0,-,-,BARTID=$WORKSTATION1,$MM1,$MM1,C,FALSE,F,U,0,-,-,$SESSION1,3,$CLASS1PRODUCT1,$MM1EXCHANGE,$MM1EXECFIRM,C,C,$CLASS1PRODUCT2,$MM1EXCHANGE,$MM1EXECFIRM,C,C,$CLASS1PRODUCT3,$MM1EXCHANGE,$MM1EXECFIRM,C,C,TRUE,TRUE,This is the Strategy order: BA:253
PAUSE,10000
VERIFYCOMPLEXPARORDER,$PAR1,$MM1,$MM1EXECFIRM,ABC,OXX,662,*,8.55,C,1,3,Y,Y,N,Y,-,10.00,10.20,200,S,100,100,1,200,1.00,1.20,400,B,100,100,2,400,1.00,1.20,200,S,100,100,1,200,TRUE,TRUE,Comment
QUOTE,$MM1,2,1,00,200,2,1,20,200,$CLASS1PRODUCT2,$SESSION1,User Assigned Id..,TRUE,TRUE,Comment
CURRENTMARKETV4BESTMARKETQUERY,$MM1,CBOE,$CLASS1PRODUCT2,200,2,1,00,200,2,1,20,TRUE,TRUE,Comment
RFPQUERY,$MM1,$SESSION1,$STRATEGY1,$AUCTION250,U,100,1,0,00,TRUE,TRUE,Comment
TOPOFBOOKVERIFICATION,$MM1,$SESSION1,$STRATEGY1,100,2,-8,70,0,2,0,00,TRUE,TRUE,Comment
PARCOMPLEXORDERTRADEWITHBOOKREQ,$PAR1,$MM1,$MM1EXECFIRM,ABC,OXX,662,*,*,C,8.55,3,200,400,200,Y,TRUE,TRUE,Comment
PAUSE,10000
TOPOFBOOKVERIFICATION,$MM1,$SESSION1,$STRATEGY1,100,2,-8,70,0,2,0,00,TRUE,TRUE,Comment
CURRENTMARKETV4BESTMARKETQUERY,$MM1,CBOE,$CLASS1PRODUCT1,100,2,10,00,100,2,10,20,TRUE,TRUE,Comment
CURRENTMARKETV4BESTMARKETQUERY,$MM1,CBOE,$CLASS1PRODUCT2,200,2,1,00,200,2,1,20,TRUE,TRUE,Comment
CURRENTMARKETV4BESTMARKETQUERY,$MM1,CBOE,$CLASS1PRODUCT3,100,2,1,00,100,2,1,20,TRUE,TRUE,Comment
VERIFYCOMPLEXPARORDER,$PAR1,$MM1,$MM1EXECFIRM,ABC,OXX,662,*,8.55,C,1,3,Y,Y,N,Y,-,10.00,10.20,200,S,100,100,1,200,1.00,1.20,400,B,200,200,2,400,1.00,1.20,200,S,100,100,1,200,TRUE,TRUE,Comment
PAUSE,30000
TOPOFBOOKVERIFICATION,$MM1,$SESSION1,$STRATEGY1,100,2,-8,75,0,2,0,00,TRUE,TRUE,Comment
QUOTECANCEL,$MM1,$SESSION1,$CLASS1PRODUCT1,2,TRUE,TRUE,Comment
QUOTECANCELVERIFICATION,$MM1,$SESSION1,$CLASS1PRODUCT1,2,TRUE,TRUE,Comment
QUOTECANCEL,$MM1,$SESSION1,$CLASS1PRODUCT2,2,TRUE,TRUE,Comment
QUOTECANCELVERIFICATION,$MM1,$SESSION1,$CLASS1PRODUCT2,2,TRUE,TRUE,Comment
QUOTECANCEL,$MM1,$SESSION1,$CLASS1PRODUCT3,2,TRUE,TRUE,Comment
QUOTECANCELVERIFICATION,$MM1,$SESSION1,$CLASS1PRODUCT3,2,TRUE,TRUE,Comment
CANCELALLPARORDERS,$PAR1,$MM1,TRUE,TRUE,Comment
CLEARALLPARCALLBACKS,$PAR1
VERIFYCOMPLEXPARORDER,$PAR1,$MM1,$MM1EXECFIRM,ABC,OXX,662,*,8.55,C,1,3,Y,Y,N,Y,-,0.00,0.00,200,S,0,0,1,200,0.00,0.00,400,B,0,0,2,400,0.00,0.00,200,S,0,0,1,200,FALSE,TRUE,Comment
ORDERCANCELBYIDNOWAIT,$MM1,$MM1EXCHANGE,$MM1EXECFIRM,HVM,9705,ABC,*,100,$SESSION1,1,TRUE,TRUE,Comment
ORDERCANCELVERIFICATION,$MM1,$MM1EXCHANGE,$MM1EXECFIRM,HVM,9705,ABC,*,$SESSION1,$STRATEGY1,2,100,TRUE,TRUE,Comment
ORDERCANCELBYIDNOWAIT,$MM1,$MM1EXCHANGE,$MM1EXECFIRM,LIL,9912,ABC,*,100,$SESSION1,1,TRUE,TRUE,Comment
ORDERCANCELVERIFICATION,$MM1,$MM1EXCHANGE,$MM1EXECFIRM,LIL,9912,ABC,*,$SESSION1,$STRATEGY1,2,100,TRUE,TRUE,Comment
TOPOFBOOKVERIFICATION,$MM1,$SESSION1,$STRATEGY1,0,2,0,00,0,2,0,00,TRUE,TRUE,Comment

COMMENT, Test Case 5:During an ongoing RE-COA for NON-CUSTOMER complex order on the SAME side and BETTER price than the resting CUSTOMER complex order on Strategy:Inbound Complex Order from PAR (at price marketable with both complex orders and Legs) does NOT end RE-COA but it is routed back to PAR station. RE-COA continues. CONDITION:Q-ty of the PAR order is GREATER than Q-ty needed to trade with both resting order in COB and RE-COA-ed order
CLEARALLCALLBACKS,$MM1
PRODUCTSTATEQUERY,$SA1,$SESSION1,$CLASS1PRODUCT1,4,TRUE,TRUE,Comment
PRODUCTSTATEQUERY,$SA1,$SESSION1,$CLASS1PRODUCT2,4,TRUE,TRUE,Comment
PRODUCTSTATEQUERY,$SA1,$SESSION1,$CLASS1PRODUCT3,4,TRUE,TRUE,Comment
TOPOFBOOKVERIFICATION,$MM1,$SESSION1,$CLASS1PRODUCT1,0,2,0,00,0,2,0,00,TRUE,TRUE,Comment
TOPOFBOOKVERIFICATION,$MM1,$SESSION1,$CLASS1PRODUCT2,0,2,0,00,0,2,0,00,TRUE,TRUE,Comment
TOPOFBOOKVERIFICATION,$MM1,$SESSION1,$CLASS1PRODUCT3,0,2,0,00,0,2,0,00,TRUE,TRUE,Comment
QUOTE,$MM1,2,10,00,100,2,10,20,100,$CLASS1PRODUCT1,$SESSION1,User Assigned Id..,TRUE,TRUE,Comment
PAUSE,1000
CURRENTMARKETV4BESTMARKETQUERY,$MM1,CBOE,$CLASS1PRODUCT1,100,2,10,00,100,2,10,20,TRUE,TRUE,Comment
QUOTE,$MM1,2,1,00,100,2,1,20,100,$CLASS1PRODUCT2,$SESSION1,User Assigned Id..,TRUE,TRUE,Comment
PAUSE,1000
CURRENTMARKETV4BESTMARKETQUERY,$MM1,CBOE,$CLASS1PRODUCT2,100,2,1,00,100,2,1,20,TRUE,TRUE,Comment
QUOTE,$MM1,2,1,00,100,2,1,20,100,$CLASS1PRODUCT3,$SESSION1,User Assigned Id..,TRUE,TRUE,Comment
PAUSE,1000
CURRENTMARKETV4BESTMARKETQUERY,$MM1,CBOE,$CLASS1PRODUCT3,100,2,1,00,100,2,1,20,TRUE,TRUE,Comment
SETPRODUCTSTATEBYPRODUCT,$SA1,$SESSION1,$STRATEGY1,$STRATEGYCLASS1,1,TRUE,TRUE,Comment
PRODUCTSTATEQUERY,$SA1,$SESSION1,$STRATEGY1,1,TRUE,TRUE,Comment
SETPRODUCTSTATEBYPRODUCT,$SA1,$SESSION1,$STRATEGY1,$STRATEGYCLASS1,2,TRUE,TRUE,Comment
PRODUCTSTATEQUERY,$SA1,$SESSION1,$STRATEGY1,2,TRUE,TRUE,Comment
SETPRODUCTSTATEBYPRODUCT,$SA1,$SESSION1,$STRATEGY1,$STRATEGYCLASS1,3,TRUE,TRUE,Comment
PRODUCTSTATEQUERY,$SA1,$SESSION1,$STRATEGY1,3,TRUE,TRUE,Comment
SETPRODUCTSTATEBYPRODUCT,$SA1,$SESSION1,$STRATEGY1,$STRATEGYCLASS1,4,TRUE,TRUE,Comment
PRODUCTSTATEQUERY,$SA1,$SESSION1,$STRATEGY1,4,TRUE,TRUE,Comment
STRATEGYORDER,$MM1,$MM1EXCHANGE,$MM1EXECFIRM,XPW,3617,ABC,*,$MM1EXCHANGE,$MM1,100,$STRATEGY1,D,2,-8,70,D,21/12/2003 6:00:00.0,1,2,0,00,0,-,-,-,$MM1,$MM1,C,FALSE,C,U,0,-,-,$SESSION1,3,$CLASS1PRODUCT1,$MM1EXCHANGE,$MM1EXECFIRM,C,C,$CLASS1PRODUCT2,$MM1EXCHANGE,$MM1EXECFIRM,C,C,$CLASS1PRODUCT3,$MM1EXCHANGE,$MM1EXECFIRM,C,C,TRUE,TRUE,This is the Strategy order: BA:249
PAUSE,2000
RFPQUERY,$MM1,$SESSION1,$STRATEGY1,$AUCTION249,U,100,1,0,00,TRUE,TRUE,Comment
PAUSE,40000
TOPOFBOOKVERIFICATION,$MM1,$SESSION1,$STRATEGY1,100,2,-8,70,0,2,0,00,TRUE,TRUE,Comment
STRATEGYORDER,$MM1,$MM1EXCHANGE,$MM1EXECFIRM,GVU,8173,ABC,*,$MM1EXCHANGE,$MM1,100,$STRATEGY1,D,2,-8,75,D,21/12/2003 6:00:00.0,1,2,0,00,0,-,-,-,$MM1,$MM1,C,FALSE,F,U,0,-,-,$SESSION1,3,$CLASS1PRODUCT1,$MM1EXCHANGE,$MM1EXECFIRM,C,C,$CLASS1PRODUCT2,$MM1EXCHANGE,$MM1EXECFIRM,C,C,$CLASS1PRODUCT3,$MM1EXCHANGE,$MM1EXECFIRM,C,C,TRUE,TRUE,This is the Strategy order: BA:250
PAUSE,2000
RFPQUERY,$MM1,$SESSION1,$STRATEGY1,$AUCTION250,U,100,1,0,00,TRUE,TRUE,Comment
PAUSE,40000
TOPOFBOOKVERIFICATION,$MM1,$SESSION1,$STRATEGY1,100,2,-8,75,0,2,0,00,TRUE,TRUE,Comment
STRATEGYORDER,$MM1,$MM1EXCHANGE,$MM1EXECFIRM,LST,3270,ABC,*,$MM1EXCHANGE,$MM1,500,$STRATEGY1,O,2,8,55,D,21/12/2003 6:00:00.0,1,2,0,00,0,-,-,BARTID=$WORKSTATION1,$MM1,$MM1,C,FALSE,BD,U,0,-,-,$SESSION1,3,$CLASS1PRODUCT1,$MM1EXCHANGE,$MM1EXECFIRM,C,C,$CLASS1PRODUCT2,$MM1EXCHANGE,$MM1EXECFIRM,C,C,$CLASS1PRODUCT3,$MM1EXCHANGE,$MM1EXECFIRM,C,C,TRUE,TRUE,This is the Strategy order: BA:253
PAUSE,10000
VERIFYCOMPLEXPARORDER,$PAR1,$MM1,$MM1EXECFIRM,ABC,LST,3270,*,8.55,C,1,3,Y,Y,N,Y,-,10.00,10.20,500,S,100,100,1,500,1.00,1.20,1000,B,100,100,2,1000,1.00,1.20,500,S,100,100,1,500,TRUE,TRUE,Comment
QUOTE,$MM1,2,1,00,200,2,1,20,200,$CLASS1PRODUCT2,$SESSION1,User Assigned Id..,TRUE,TRUE,Comment
PAUSE,1000
CURRENTMARKETV4BESTMARKETQUERY,$MM1,CBOE,$CLASS1PRODUCT2,200,2,1,00,200,2,1,20,TRUE,TRUE,Comment
RFPQUERY,$MM1,$SESSION1,$STRATEGY1,$AUCTION250,U,100,1,0,00,TRUE,TRUE,Comment
TOPOFBOOKVERIFICATION,$MM1,$SESSION1,$STRATEGY1,100,2,-8,70,0,2,0,00,TRUE,TRUE,Comment
PARCOMPLEXORDERTRADEWITHBOOKREQ,$PAR1,$MM1,$MM1EXECFIRM,ABC,LST,3270,*,*,C,8.55,3,500,1000,500,Y,TRUE,TRUE,Comment
PAUSE,10000
TOPOFBOOKVERIFICATION,$MM1,$SESSION1,$STRATEGY1,100,2,-8,70,0,2,0,00,TRUE,TRUE,Comment
CURRENTMARKETV4BESTMARKETQUERY,$MM1,CBOE,$CLASS1PRODUCT1,100,2,10,00,100,2,10,20,TRUE,TRUE,Comment
CURRENTMARKETV4BESTMARKETQUERY,$MM1,CBOE,$CLASS1PRODUCT2,200,2,1,00,200,2,1,20,TRUE,TRUE,Comment
CURRENTMARKETV4BESTMARKETQUERY,$MM1,CBOE,$CLASS1PRODUCT3,100,2,1,00,100,2,1,20,TRUE,TRUE,Comment
VERIFYCOMPLEXPARORDER,$PAR1,$MM1,$MM1EXECFIRM,ABC,LST,3270,*,8.55,C,1,3,Y,Y,N,Y,-,10.00,10.20,500,S,100,100,1,500,1.00,1.20,1000,B,200,200,2,1000,1.00,1.20,500,S,100,100,1,500,TRUE,TRUE,Comment
QUOTECANCEL,$MM1,$SESSION1,$CLASS1PRODUCT1,2,TRUE,TRUE,Comment
QUOTECANCELVERIFICATION,$MM1,$SESSION1,$CLASS1PRODUCT1,2,TRUE,TRUE,Comment
QUOTECANCEL,$MM1,$SESSION1,$CLASS1PRODUCT2,2,TRUE,TRUE,Comment
QUOTECANCELVERIFICATION,$MM1,$SESSION1,$CLASS1PRODUCT2,2,TRUE,TRUE,Comment
QUOTECANCEL,$MM1,$SESSION1,$CLASS1PRODUCT3,2,TRUE,TRUE,Comment
QUOTECANCELVERIFICATION,$MM1,$SESSION1,$CLASS1PRODUCT3,2,TRUE,TRUE,Comment
CANCELALLPARORDERS,$PAR1,$MM1,TRUE,TRUE,Comment
CLEARALLPARCALLBACKS,$PAR1
VERIFYCOMPLEXPARORDER,$PAR1,$MM1,$MM1EXECFIRM,ABC,LST,3270,*,8.55,C,1,3,Y,Y,N,Y,-,0.00,0.00,500,S,0,0,1,500,0.00,0.00,1000,B,0,0,2,1000,0.00,0.00,500,S,0,0,1,500,FALSE,TRUE,Comment
ORDERCANCELBYIDNOWAIT,$MM1,$MM1EXCHANGE,$MM1EXECFIRM,XPW,3617,ABC,*,100,$SESSION1,1,TRUE,TRUE,Comment
ORDERCANCELVERIFICATION,$MM1,$MM1EXCHANGE,$MM1EXECFIRM,XPW,3617,ABC,*,$SESSION1,$STRATEGY1,2,100,TRUE,TRUE,Comment
ORDERCANCELBYIDNOWAIT,$MM1,$MM1EXCHANGE,$MM1EXECFIRM,GVU,8173,ABC,*,100,$SESSION1,1,TRUE,TRUE,Comment
ORDERCANCELVERIFICATION,$MM1,$MM1EXCHANGE,$MM1EXECFIRM,GVU,8173,ABC,*,$SESSION1,$STRATEGY1,2,100,TRUE,TRUE,Comment
PAUSE,1000
TOPOFBOOKVERIFICATION,$MM1,$SESSION1,$STRATEGY1,0,2,0,00,0,2,0,00,TRUE,TRUE,Comment

COMMENT, Test Case 6:During an ongoing RE-COA for NON-CUSTOMER complex order on the SAME side and BETTER price than the resting CUSTOMER complex order on Strategy:Inbound Complex Order from PAR (at price marketable with both complex orders and Legs) does NOT end RE-COA but it is routed back to PAR station. RE-COA continues. CONDITION:Q-ty of the PAR order is LESSER than Q-ty needed to trade with both resting order in COB and RE-COA-ed order
CLEARALLCALLBACKS,$MM1
PRODUCTSTATEQUERY,$SA1,$SESSION1,$CLASS1PRODUCT1,4,TRUE,TRUE,Comment
PRODUCTSTATEQUERY,$SA1,$SESSION1,$CLASS1PRODUCT2,4,TRUE,TRUE,Comment
PRODUCTSTATEQUERY,$SA1,$SESSION1,$CLASS1PRODUCT3,4,TRUE,TRUE,Comment
TOPOFBOOKVERIFICATION,$MM1,$SESSION1,$CLASS1PRODUCT1,0,2,0,00,0,2,0,00,TRUE,TRUE,Comment
TOPOFBOOKVERIFICATION,$MM1,$SESSION1,$CLASS1PRODUCT2,0,2,0,00,0,2,0,00,TRUE,TRUE,Comment
TOPOFBOOKVERIFICATION,$MM1,$SESSION1,$CLASS1PRODUCT3,0,2,0,00,0,2,0,00,TRUE,TRUE,Comment
QUOTE,$MM1,2,10,00,100,2,10,20,100,$CLASS1PRODUCT1,$SESSION1,User Assigned Id..,TRUE,TRUE,Comment
PAUSE,1000
CURRENTMARKETV4BESTMARKETQUERY,$MM1,CBOE,$CLASS1PRODUCT1,100,2,10,00,100,2,10,20,TRUE,TRUE,Comment
QUOTE,$MM1,2,1,00,100,2,1,20,100,$CLASS1PRODUCT2,$SESSION1,User Assigned Id..,TRUE,TRUE,Comment
PAUSE,1000
CURRENTMARKETV4BESTMARKETQUERY,$MM1,CBOE,$CLASS1PRODUCT2,100,2,1,00,100,2,1,20,TRUE,TRUE,Comment
QUOTE,$MM1,2,1,00,100,2,1,20,100,$CLASS1PRODUCT3,$SESSION1,User Assigned Id..,TRUE,TRUE,Comment
PAUSE,1000
CURRENTMARKETV4BESTMARKETQUERY,$MM1,CBOE,$CLASS1PRODUCT3,100,2,1,00,100,2,1,20,TRUE,TRUE,Comment
SETPRODUCTSTATEBYPRODUCT,$SA1,$SESSION1,$STRATEGY1,$STRATEGYCLASS1,1,TRUE,TRUE,Comment
PRODUCTSTATEQUERY,$SA1,$SESSION1,$STRATEGY1,1,TRUE,TRUE,Comment
SETPRODUCTSTATEBYPRODUCT,$SA1,$SESSION1,$STRATEGY1,$STRATEGYCLASS1,2,TRUE,TRUE,Comment
PRODUCTSTATEQUERY,$SA1,$SESSION1,$STRATEGY1,2,TRUE,TRUE,Comment
SETPRODUCTSTATEBYPRODUCT,$SA1,$SESSION1,$STRATEGY1,$STRATEGYCLASS1,3,TRUE,TRUE,Comment
PRODUCTSTATEQUERY,$SA1,$SESSION1,$STRATEGY1,3,TRUE,TRUE,Comment
SETPRODUCTSTATEBYPRODUCT,$SA1,$SESSION1,$STRATEGY1,$STRATEGYCLASS1,4,TRUE,TRUE,Comment
PRODUCTSTATEQUERY,$SA1,$SESSION1,$STRATEGY1,4,TRUE,TRUE,Comment
STRATEGYORDER,$MM1,$MM1EXCHANGE,$MM1EXECFIRM,COS,9356,ABC,*,$MM1EXCHANGE,$MM1,100,$STRATEGY1,D,2,-8,70,D,21/12/2003 6:00:00.0,1,2,0,00,0,-,-,-,$MM1,$MM1,C,FALSE,C,U,0,-,-,$SESSION1,3,$CLASS1PRODUCT1,$MM1EXCHANGE,$MM1EXECFIRM,C,C,$CLASS1PRODUCT2,$MM1EXCHANGE,$MM1EXECFIRM,C,C,$CLASS1PRODUCT3,$MM1EXCHANGE,$MM1EXECFIRM,C,C,TRUE,TRUE,This is the Strategy order: BA:249
PAUSE,1000
RFPQUERY,$MM1,$SESSION1,$STRATEGY1,$AUCTION249,U,100,1,0,00,TRUE,TRUE,Comment
PAUSE,40000
TOPOFBOOKVERIFICATION,$MM1,$SESSION1,$STRATEGY1,100,2,-8,70,0,2,0,00,TRUE,TRUE,Comment
STRATEGYORDER,$MM1,$MM1EXCHANGE,$MM1EXECFIRM,XTI,1198,ABC,*,$MM1EXCHANGE,$MM1,100,$STRATEGY1,D,2,-8,75,D,21/12/2003 6:00:00.0,1,2,0,00,0,-,-,-,$MM1,$MM1,C,FALSE,F,U,0,-,-,$SESSION1,3,$CLASS1PRODUCT1,$MM1EXCHANGE,$MM1EXECFIRM,C,C,$CLASS1PRODUCT2,$MM1EXCHANGE,$MM1EXECFIRM,C,C,$CLASS1PRODUCT3,$MM1EXCHANGE,$MM1EXECFIRM,C,C,TRUE,TRUE,This is the Strategy order: BA:250
PAUSE,1000
RFPQUERY,$MM1,$SESSION1,$STRATEGY1,$AUCTION250,U,100,1,0,00,TRUE,TRUE,Comment
PAUSE,40000
TOPOFBOOKVERIFICATION,$MM1,$SESSION1,$STRATEGY1,100,2,-8,75,0,2,0,00,TRUE,TRUE,Comment
STRATEGYORDER,$MM1,$MM1EXCHANGE,$MM1EXECFIRM,FCP,7709,ABC,*,$MM1EXCHANGE,$MM1,100,$STRATEGY1,O,2,8,55,D,21/12/2003 6:00:00.0,1,2,0,00,0,-,-,BARTID=$WORKSTATION1,$MM1,$MM1,C,FALSE,M,U,0,-,-,$SESSION1,3,$CLASS1PRODUCT1,$MM1EXCHANGE,$MM1EXECFIRM,C,C,$CLASS1PRODUCT2,$MM1EXCHANGE,$MM1EXECFIRM,C,C,$CLASS1PRODUCT3,$MM1EXCHANGE,$MM1EXECFIRM,C,C,TRUE,TRUE,This is the Strategy order: BA:253
PAUSE,10000
VERIFYCOMPLEXPARORDER,$PAR1,$MM1,$MM1EXECFIRM,ABC,FCP,7709,*,8.55,C,1,3,Y,Y,N,Y,-,10.00,10.20,100,S,100,100,1,100,1.00,1.20,200,B,100,100,2,200,1.00,1.20,100,S,100,100,1,100,TRUE,TRUE,Comment
QUOTE,$MM1,2,1,00,200,2,1,20,200,$CLASS1PRODUCT2,$SESSION1,User Assigned Id..,TRUE,TRUE,Comment
CURRENTMARKETV4BESTMARKETQUERY,$MM1,CBOE,$CLASS1PRODUCT2,200,2,1,00,200,2,1,20,TRUE,TRUE,Comment
RFPQUERY,$MM1,$SESSION1,$STRATEGY1,$AUCTION250,U,100,1,0,00,TRUE,TRUE,Comment
TOPOFBOOKVERIFICATION,$MM1,$SESSION1,$STRATEGY1,100,2,-8,70,0,2,0,00,TRUE,TRUE,Comment
PARCOMPLEXORDERTRADEWITHBOOKREQ,$PAR1,$MM1,$MM1EXECFIRM,ABC,FCP,7709,*,*,C,8.55,3,100,200,100,Y,TRUE,TRUE,Comment
PAUSE,10000
TOPOFBOOKVERIFICATION,$MM1,$SESSION1,$STRATEGY1,100,2,-8,70,0,2,0,00,TRUE,TRUE,Comment
CURRENTMARKETV4BESTMARKETQUERY,$MM1,CBOE,$CLASS1PRODUCT1,100,2,10,00,100,2,10,20,TRUE,TRUE,Comment
CURRENTMARKETV4BESTMARKETQUERY,$MM1,CBOE,$CLASS1PRODUCT2,200,2,1,00,200,2,1,20,TRUE,TRUE,Comment
CURRENTMARKETV4BESTMARKETQUERY,$MM1,CBOE,$CLASS1PRODUCT3,100,2,1,00,100,2,1,20,TRUE,TRUE,Comment
VERIFYCOMPLEXPARORDER,$PAR1,$MM1,$MM1EXECFIRM,ABC,FCP,7709,*,8.55,C,1,3,Y,Y,N,Y,-,10.00,10.20,100,S,100,100,1,100,1.00,1.20,200,B,200,200,2,200,1.00,1.20,100,S,100,100,1,100,TRUE,TRUE,Comment
QUOTECANCEL,$MM1,$SESSION1,$CLASS1PRODUCT1,2,TRUE,TRUE,Comment
QUOTECANCELVERIFICATION,$MM1,$SESSION1,$CLASS1PRODUCT1,2,TRUE,TRUE,Comment
QUOTECANCEL,$MM1,$SESSION1,$CLASS1PRODUCT2,2,TRUE,TRUE,Comment
QUOTECANCELVERIFICATION,$MM1,$SESSION1,$CLASS1PRODUCT2,2,TRUE,TRUE,Comment
QUOTECANCEL,$MM1,$SESSION1,$CLASS1PRODUCT3,2,TRUE,TRUE,Comment
QUOTECANCELVERIFICATION,$MM1,$SESSION1,$CLASS1PRODUCT3,2,TRUE,TRUE,Comment
CANCELALLPARORDERS,$PAR1,$MM1,TRUE,TRUE,Comment
CLEARALLPARCALLBACKS,$PAR1
VERIFYCOMPLEXPARORDER,$PAR1,$MM1,$MM1EXECFIRM,ABC,FCP,7709,*,8.55,C,1,3,Y,Y,N,Y,-,0.00,0.00,100,S,0,0,1,100,0.00,0.00,200,B,0,0,2,200,0.00,0.00,100,S,0,0,1,100,FALSE,TRUE,Comment
ORDERCANCELBYIDNOWAIT,$MM1,$MM1EXCHANGE,$MM1EXECFIRM,COS,9356,ABC,*,100,$SESSION1,1,TRUE,TRUE,Comment
ORDERCANCELVERIFICATION,$MM1,$MM1EXCHANGE,$MM1EXECFIRM,COS,9356,ABC,*,$SESSION1,$STRATEGY1,2,100,TRUE,TRUE,Comment
ORDERCANCELBYIDNOWAIT,$MM1,$MM1EXCHANGE,$MM1EXECFIRM,XTI,1198,ABC,*,100,$SESSION1,1,TRUE,TRUE,Comment
ORDERCANCELVERIFICATION,$MM1,$MM1EXCHANGE,$MM1EXECFIRM,XTI,1198,ABC,*,$SESSION1,$STRATEGY1,2,100,TRUE,TRUE,Comment
PAUSE,1000
TOPOFBOOKVERIFICATION,$MM1,$SESSION1,$STRATEGY1,0,2,0,00,0,2,0,00,TRUE,TRUE,Comment

COMMENT, Test Case 7:TB button is not activated when NON-CUSTOMER order is at TOB. TB button is activated once NON-CUSTOMER order is cancelled and the CUSTOMER order becomes new TOB
CLEARALLCALLBACKS,$MM1
PRODUCTSTATEQUERY,$SA1,$SESSION1,$CLASS1PRODUCT1,4,TRUE,TRUE,Comment
PRODUCTSTATEQUERY,$SA1,$SESSION1,$CLASS1PRODUCT2,4,TRUE,TRUE,Comment
PRODUCTSTATEQUERY,$SA1,$SESSION1,$CLASS1PRODUCT3,4,TRUE,TRUE,Comment
TOPOFBOOKVERIFICATION,$MM1,$SESSION1,$CLASS1PRODUCT1,0,2,0,00,0,2,0,00,TRUE,TRUE,Comment
TOPOFBOOKVERIFICATION,$MM1,$SESSION1,$CLASS1PRODUCT2,0,2,0,00,0,2,0,00,TRUE,TRUE,Comment
TOPOFBOOKVERIFICATION,$MM1,$SESSION1,$CLASS1PRODUCT3,0,2,0,00,0,2,0,00,TRUE,TRUE,Comment
QUOTE,$MM1,2,10,00,100,2,10,20,100,$CLASS1PRODUCT1,$SESSION1,User Assigned Id..,TRUE,TRUE,Comment
PAUSE,1000
CURRENTMARKETV4BESTMARKETQUERY,$MM1,CBOE,$CLASS1PRODUCT1,100,2,10,00,100,2,10,20,TRUE,TRUE,Comment
QUOTE,$MM1,2,1,00,100,2,1,20,100,$CLASS1PRODUCT2,$SESSION1,User Assigned Id..,TRUE,TRUE,Comment
PAUSE,1000
CURRENTMARKETV4BESTMARKETQUERY,$MM1,CBOE,$CLASS1PRODUCT2,100,2,1,00,100,2,1,20,TRUE,TRUE,Comment
QUOTE,$MM1,2,1,00,100,2,1,20,100,$CLASS1PRODUCT3,$SESSION1,User Assigned Id..,TRUE,TRUE,Comment
PAUSE,1000
CURRENTMARKETV4BESTMARKETQUERY,$MM1,CBOE,$CLASS1PRODUCT3,100,2,1,00,100,2,1,20,TRUE,TRUE,Comment
SETPRODUCTSTATEBYPRODUCT,$SA1,$SESSION1,$STRATEGY1,$STRATEGYCLASS1,1,TRUE,TRUE,Comment
PRODUCTSTATEQUERY,$SA1,$SESSION1,$STRATEGY1,1,TRUE,TRUE,Comment
SETPRODUCTSTATEBYPRODUCT,$SA1,$SESSION1,$STRATEGY1,$STRATEGYCLASS1,2,TRUE,TRUE,Comment
PRODUCTSTATEQUERY,$SA1,$SESSION1,$STRATEGY1,2,TRUE,TRUE,Comment
SETPRODUCTSTATEBYPRODUCT,$SA1,$SESSION1,$STRATEGY1,$STRATEGYCLASS1,3,TRUE,TRUE,Comment
PRODUCTSTATEQUERY,$SA1,$SESSION1,$STRATEGY1,3,TRUE,TRUE,Comment
SETPRODUCTSTATEBYPRODUCT,$SA1,$SESSION1,$STRATEGY1,$STRATEGYCLASS1,4,TRUE,TRUE,Comment
PRODUCTSTATEQUERY,$SA1,$SESSION1,$STRATEGY1,4,TRUE,TRUE,Comment
TOPOFBOOKVERIFICATION,$MM1,$SESSION1,$STRATEGY1,0,2,0,00,0,2,0,00,TRUE,TRUE,Comment
STRATEGYORDER,$MM1,$MM1EXCHANGE,$MM1EXECFIRM,SBU,3297,ABC,*,$MM1EXCHANGE,$MM1,100,$STRATEGY1,D,2,-8,75,D,21/12/2003 6:00:00.0,1,2,0,00,0,-,-,-,$MM1,$MM1,C,FALSE,F,U,0,-,-,$SESSION1,3,$CLASS1PRODUCT1,$MM1EXCHANGE,$MM1EXECFIRM,C,C,$CLASS1PRODUCT2,$MM1EXCHANGE,$MM1EXECFIRM,C,C,$CLASS1PRODUCT3,$MM1EXCHANGE,$MM1EXECFIRM,C,C,TRUE,TRUE,This is the Strategy order: BA:249
PAUSE,2000
RFPQUERY,$MM1,$SESSION1,$STRATEGY1,$AUCTION249,U,100,1,0,00,TRUE,TRUE,Comment
PAUSE,40000
TOPOFBOOKVERIFICATION,$MM1,$SESSION1,$STRATEGY1,100,2,-8,75,0,2,0,00,TRUE,TRUE,Comment
STRATEGYORDER,$MM1,$MM1EXCHANGE,$MM1EXECFIRM,ATN,6258,ABC,*,$MM1EXCHANGE,$MM1,100,$STRATEGY1,O,2,8,55,D,21/12/2003 6:00:00.0,1,2,0,00,0,-,-,BARTID=$WORKSTATION1,$MM1,$MM1,C,FALSE,C,U,0,-,-,$SESSION1,3,$CLASS1PRODUCT1,$MM1EXCHANGE,$MM1EXECFIRM,C,C,$CLASS1PRODUCT2,$MM1EXCHANGE,$MM1EXECFIRM,C,C,$CLASS1PRODUCT3,$MM1EXCHANGE,$MM1EXECFIRM,C,C,TRUE,TRUE,This is the Strategy order: BA:253
PAUSE,1000
VERIFYCOMPLEXPARORDER,$PAR1,$MM1,$MM1EXECFIRM,ABC,ATN,6258,*,8.55,C,1,3,Y,Y,N,Y,-,10.00,10.20,100,S,100,100,1,100,1.00,1.20,200,B,100,100,2,200,1.00,1.20,100,S,100,100,1,100,TRUE,TRUE,Comment
PARCOMPLEXORDERTRADEWITHBOOKREQ,$PAR1,$MM1,$MM1EXECFIRM,ABC,ATN,6258,*,*,C,8.55,3,100,200,100,Y,TRUE,TRUE,Comment
PAUSE,10000
TOPOFBOOKVERIFICATION,$MM1,$SESSION1,$STRATEGY1,100,2,-8,75,0,2,0,00,TRUE,TRUE,Comment
CURRENTMARKETV4BESTMARKETQUERY,$MM1,CBOE,$CLASS1PRODUCT1,100,2,10,00,100,2,10,20,TRUE,TRUE,Comment
CURRENTMARKETV4BESTMARKETQUERY,$MM1,CBOE,$CLASS1PRODUCT2,100,2,1,00,100,2,1,20,TRUE,TRUE,Comment
CURRENTMARKETV4BESTMARKETQUERY,$MM1,CBOE,$CLASS1PRODUCT3,100,2,1,00,100,2,1,20,TRUE,TRUE,Comment
VERIFYCOMPLEXPARORDER,$PAR1,$MM1,$MM1EXECFIRM,ABC,ATN,6258,*,8.55,C,1,3,Y,Y,N,Y,-,10.00,10.20,100,S,100,100,1,100,1.00,1.20,200,B,100,100,2,200,1.00,1.20,100,S,100,100,1,100,TRUE,TRUE,Comment
STRATEGYORDER,$MM1,$MM1EXCHANGE,$MM1EXECFIRM,YIF,3746,ABC,*,$MM1EXCHANGE,$MM1,100,$STRATEGY1,D,2,-8,70,D,21/12/2003 6:00:00.0,1,2,0,00,0,-,-,-,$MM1,$MM1,C,FALSE,C,U,0,-,-,$SESSION1,3,$CLASS1PRODUCT1,$MM1EXCHANGE,$MM1EXECFIRM,C,C,$CLASS1PRODUCT2,$MM1EXCHANGE,$MM1EXECFIRM,C,C,$CLASS1PRODUCT3,$MM1EXCHANGE,$MM1EXECFIRM,C,C,TRUE,TRUE,This is the Strategy order: BA:250
PAUSE,1000
RFPQUERY,$MM1,$SESSION1,$STRATEGY1,$AUCTION250,U,100,1,0,00,FALSE,TRUE,Comment
TOPOFBOOKVERIFICATION,$MM1,$SESSION1,$STRATEGY1,100,2,-8,75,0,2,0,00,TRUE,TRUE,Comment
PARCOMPLEXORDERTRADEWITHBOOKREQ,$PAR1,$MM1,$MM1EXECFIRM,ABC,ATN,6258,*,*,C,8.55,3,100,200,100,Y,TRUE,TRUE,Comment
PAUSE,10000
TOPOFBOOKVERIFICATION,$MM1,$SESSION1,$STRATEGY1,100,2,-8,75,0,2,0,00,TRUE,TRUE,Comment
CURRENTMARKETV4BESTMARKETQUERY,$MM1,CBOE,$CLASS1PRODUCT1,100,2,10,00,100,2,10,20,TRUE,TRUE,Comment
CURRENTMARKETV4BESTMARKETQUERY,$MM1,CBOE,$CLASS1PRODUCT2,100,2,1,00,100,2,1,20,TRUE,TRUE,Comment
CURRENTMARKETV4BESTMARKETQUERY,$MM1,CBOE,$CLASS1PRODUCT3,100,2,1,00,100,2,1,20,TRUE,TRUE,Comment
VERIFYCOMPLEXPARORDER,$PAR1,$MM1,$MM1EXECFIRM,ABC,ATN,6258,*,8.55,C,1,3,Y,Y,N,Y,-,10.00,10.20,100,S,100,100,1,100,1.00,1.20,200,B,100,100,2,200,1.00,1.20,100,S,100,100,1,100,TRUE,TRUE,Comment
ORDERCANCELBYIDNOWAIT,$MM1,$MM1EXCHANGE,$MM1EXECFIRM,SBU,3297,ABC,*,100,$SESSION1,1,TRUE,TRUE,Comment
ORDERCANCELVERIFICATION,$MM1,$MM1EXCHANGE,$MM1EXECFIRM,SBU,3297,ABC,*,$SESSION1,$STRATEGY1,2,100,TRUE,TRUE,Comment
PAUSE,1000
TOPOFBOOKVERIFICATION,$MM1,$SESSION1,$STRATEGY1,100,2,-8,70,0,2,0,00,TRUE,TRUE,Comment
PARCOMPLEXORDERTRADEWITHBOOKREQ,$PAR1,$MM1,$MM1EXECFIRM,ABC,ATN,6258,*,*,C,8.55,3,100,200,100,Y,TRUE,TRUE,Comment
PAUSE,10000
LASTSALEQUERY,$MM1,$SESSION1,$STRATEGY1,2,-8,70,100,TRUE,TRUE,Comment
CURRENTMARKETV4BESTMARKETQUERY,$MM1,CBOE,$CLASS1PRODUCT1,100,2,10,00,100,2,10,20,TRUE,TRUE,Comment
CURRENTMARKETV4BESTMARKETQUERY,$MM1,CBOE,$CLASS1PRODUCT2,100,2,1,00,100,2,1,20,TRUE,TRUE,Comment
TOPOFBOOKVERIFICATION,$MM1,$SESSION1,$STRATEGY1,0,2,0,00,0,2,0,00,TRUE,TRUE,Comment
CLEARALLPARCALLBACKS,$PAR1
VERIFYCOMPLEXPARORDER,$PAR1,$MM1,$MM1EXECFIRM,ABC,ATN,6258,*,8.55,C,1,3,Y,Y,N,Y,-,10.00,10.20,100,S,100,100,1,100,1.00,1.20,200,B,100,100,2,200,1.00,1.20,100,S,100,100,1,100,FALSE,TRUE,Comment
QUOTECANCEL,$MM1,$SESSION1,$CLASS1PRODUCT1,2,TRUE,TRUE,Comment
QUOTECANCELVERIFICATION,$MM1,$SESSION1,$CLASS1PRODUCT1,2,TRUE,TRUE,Comment
QUOTECANCEL,$MM1,$SESSION1,$CLASS1PRODUCT2,2,TRUE,TRUE,Comment
QUOTECANCELVERIFICATION,$MM1,$SESSION1,$CLASS1PRODUCT2,2,TRUE,TRUE,Comment
QUOTECANCEL,$MM1,$SESSION1,$CLASS1PRODUCT3,2,TRUE,TRUE,Comment
QUOTECANCELVERIFICATION,$MM1,$SESSION1,$CLASS1PRODUCT3,2,TRUE,TRUE,Comment

COMMENT, Test Case 8:TB button is not activated when NON-CUSTOMER order is at TOB. TB button is activated once NON-CUSTOMER order is cancelled and the CUSTOMER order becomes new TOB
CLEARALLCALLBACKS,$MM1
PRODUCTSTATEQUERY,$SA1,$SESSION1,$CLASS1PRODUCT1,4,TRUE,TRUE,Comment
PRODUCTSTATEQUERY,$SA1,$SESSION1,$CLASS1PRODUCT2,4,TRUE,TRUE,Comment
PRODUCTSTATEQUERY,$SA1,$SESSION1,$CLASS1PRODUCT3,4,TRUE,TRUE,Comment
TOPOFBOOKVERIFICATION,$MM1,$SESSION1,$CLASS1PRODUCT1,0,2,0,00,0,2,0,00,TRUE,TRUE,Comment
TOPOFBOOKVERIFICATION,$MM1,$SESSION1,$CLASS1PRODUCT2,0,2,0,00,0,2,0,00,TRUE,TRUE,Comment
TOPOFBOOKVERIFICATION,$MM1,$SESSION1,$CLASS1PRODUCT3,0,2,0,00,0,2,0,00,TRUE,TRUE,Comment
QUOTE,$MM1,2,10,00,100,2,10,20,100,$CLASS1PRODUCT1,$SESSION1,User Assigned Id..,TRUE,TRUE,Comment
PAUSE,1000
CURRENTMARKETV4BESTMARKETQUERY,$MM1,CBOE,$CLASS1PRODUCT1,100,2,10,00,100,2,10,20,TRUE,TRUE,Comment
QUOTE,$MM1,2,1,00,100,2,1,20,100,$CLASS1PRODUCT2,$SESSION1,User Assigned Id..,TRUE,TRUE,Comment
PAUSE,1000
CURRENTMARKETV4BESTMARKETQUERY,$MM1,CBOE,$CLASS1PRODUCT2,100,2,1,00,100,2,1,20,TRUE,TRUE,Comment
QUOTE,$MM1,2,1,00,100,2,1,20,100,$CLASS1PRODUCT3,$SESSION1,User Assigned Id..,TRUE,TRUE,Comment
PAUSE,1000
CURRENTMARKETV4BESTMARKETQUERY,$MM1,CBOE,$CLASS1PRODUCT3,100,2,1,00,100,2,1,20,TRUE,TRUE,Comment
SETPRODUCTSTATEBYPRODUCT,$SA1,$SESSION1,$STRATEGY1,$STRATEGYCLASS1,1,TRUE,TRUE,Comment
PRODUCTSTATEQUERY,$SA1,$SESSION1,$STRATEGY1,1,TRUE,TRUE,Comment
SETPRODUCTSTATEBYPRODUCT,$SA1,$SESSION1,$STRATEGY1,$STRATEGYCLASS1,2,TRUE,TRUE,Comment
PRODUCTSTATEQUERY,$SA1,$SESSION1,$STRATEGY1,2,TRUE,TRUE,Comment
SETPRODUCTSTATEBYPRODUCT,$SA1,$SESSION1,$STRATEGY1,$STRATEGYCLASS1,3,TRUE,TRUE,Comment
PRODUCTSTATEQUERY,$SA1,$SESSION1,$STRATEGY1,3,TRUE,TRUE,Comment
SETPRODUCTSTATEBYPRODUCT,$SA1,$SESSION1,$STRATEGY1,$STRATEGYCLASS1,4,TRUE,TRUE,Comment
PRODUCTSTATEQUERY,$SA1,$SESSION1,$STRATEGY1,4,TRUE,TRUE,Comment
TOPOFBOOKVERIFICATION,$MM1,$SESSION1,$STRATEGY1,0,2,0,00,0,2,0,00,TRUE,TRUE,Comment
STRATEGYORDER,$MM1,$MM1EXCHANGE,$MM1EXECFIRM,GAL,9523,ABC,*,$MM1EXCHANGE,$MM1,100,$STRATEGY1,O,2,8,55,D,21/12/2003 6:00:00.0,1,2,0,00,0,-,-,BARTID=$WORKSTATION1,$MM1,$MM1,C,FALSE,M,U,0,-,-,$SESSION1,3,$CLASS1PRODUCT1,$MM1EXCHANGE,$MM1EXECFIRM,C,C,$CLASS1PRODUCT2,$MM1EXCHANGE,$MM1EXECFIRM,C,C,$CLASS1PRODUCT3,$MM1EXCHANGE,$MM1EXECFIRM,C,C,TRUE,TRUE,This is the Strategy order: BA:253
PAUSE,10000
VERIFYCOMPLEXPARORDER,$PAR1,$MM1,$MM1EXECFIRM,ABC,GAL,9523,*,8.55,C,1,3,Y,Y,N,Y,-,10.00,10.20,100,S,100,100,1,100,1.00,1.20,200,B,100,100,2,200,1.00,1.20,100,S,100,100,1,100,TRUE,TRUE,Comment
STRATEGYORDER,$MM1,$MM1EXCHANGE,$MM1EXECFIRM,NLC,245,ABC,*,$MM1EXCHANGE,$MM1,100,$STRATEGY1,D,2,-8,75,D,21/12/2003 6:00:00.0,1,2,0,00,0,-,-,-,$MM1,$MM1,C,FALSE,F,U,0,-,-,$SESSION1,3,$CLASS1PRODUCT1,$MM1EXCHANGE,$MM1EXECFIRM,C,C,$CLASS1PRODUCT2,$MM1EXCHANGE,$MM1EXECFIRM,C,C,$CLASS1PRODUCT3,$MM1EXCHANGE,$MM1EXECFIRM,C,C,TRUE,TRUE,This is the Strategy order: BA:249
PAUSE,1000
RFPQUERY,$MM1,$SESSION1,$STRATEGY1,$AUCTION249,U,100,1,0,00,TRUE,TRUE,Comment
STRATEGYORDER,$MM1,$MM1EXCHANGE,$MM1EXECFIRM,SJI,8395,ABC,*,$MM1EXCHANGE,$MM1,100,$STRATEGY1,D,2,-8,70,D,21/12/2003 6:00:00.0,1,2,0,00,0,-,-,-,$MM1,$MM1,C,FALSE,C,U,0,-,-,$SESSION1,3,$CLASS1PRODUCT1,$MM1EXCHANGE,$MM1EXECFIRM,C,C,$CLASS1PRODUCT2,$MM1EXCHANGE,$MM1EXECFIRM,C,C,$CLASS1PRODUCT3,$MM1EXCHANGE,$MM1EXECFIRM,C,C,TRUE,TRUE,This is the Strategy order: BA:250
PAUSE,1000
TOPOFBOOKVERIFICATION,$MM1,$SESSION1,$STRATEGY1,100,2,-8,70,0,2,0,00,TRUE,TRUE,Comment
PARCOMPLEXORDERTRADEWITHBOOKREQ,$PAR1,$MM1,$MM1EXECFIRM,ABC,GAL,9523,*,*,C,8.55,3,100,200,100,Y,TRUE,TRUE,Comment
PAUSE,10000
VERIFYCOMPLEXPARORDER,$PAR1,$MM1,$MM1EXECFIRM,ABC,GAL,9523,*,8.55,C,1,3,Y,Y,N,Y,-,10.00,10.20,100,S,100,100,1,100,1.00,1.20,200,B,100,100,2,200,1.00,1.20,100,S,100,100,1,100,TRUE,TRUE,Comment
PAUSE,10000
TOPOFBOOKVERIFICATION,$MM1,$SESSION1,$STRATEGY1,100,2,-8,70,0,2,0,00,TRUE,TRUE,Comment
STRATEGYORDER,$MM1,$MM1EXCHANGE,$MM1EXECFIRM,VLN,5167,ABC,*,$MM1EXCHANGE,$MM1,100,$STRATEGY1,O,2,8,75,D,21/12/2003 6:00:00.0,14,2,0,00,0,-,-,$AUCTION249,$MM1,$MM1,C,FALSE,F,U,0,-,-,$SESSION1,3,$CLASS1PRODUCT1,$MM1EXCHANGE,$MM1EXECFIRM,C,C,$CLASS1PRODUCT2,$MM1EXCHANGE,$MM1EXECFIRM,C,C,$CLASS1PRODUCT3,$MM1EXCHANGE,$MM1EXECFIRM,C,C,TRUE,TRUE,Comment
PAUSE,1000
CURRENTMARKETV4BESTMARKETQUERY,$MM1,CBOE,$CLASS1PRODUCT1,100,2,10,00,100,2,10,20,TRUE,TRUE,Comment
CURRENTMARKETV4BESTMARKETQUERY,$MM1,CBOE,$CLASS1PRODUCT2,100,2,1,00,100,2,1,20,TRUE,TRUE,Comment
CURRENTMARKETV4BESTMARKETQUERY,$MM1,CBOE,$CLASS1PRODUCT3,100,2,1,00,100,2,1,20,TRUE,TRUE,Comment
PAUSE,30000
TOPOFBOOKVERIFICATION,$MM1,$SESSION1,$STRATEGY1,100,2,-8,70,0,2,0,00,TRUE,TRUE,Comment
PARCOMPLEXORDERTRADEWITHBOOKREQ,$PAR1,$MM1,$MM1EXECFIRM,ABC,GAL,9523,*,*,C,8.55,3,100,200,100,Y,TRUE,TRUE,Comment
PAUSE,10000
CURRENTMARKETV4BESTMARKETQUERY,$MM1,CBOE,$CLASS1PRODUCT2,100,2,1,00,100,2,1,20,TRUE,TRUE,Comment
CURRENTMARKETV4BESTMARKETQUERY,$MM1,CBOE,$CLASS1PRODUCT1,100,2,10,00,100,2,10,20,TRUE,TRUE,Comment
CURRENTMARKETV4BESTMARKETQUERY,$MM1,CBOE,$CLASS1PRODUCT3,100,2,1,00,100,2,1,20,TRUE,TRUE,Comment
CLEARALLPARCALLBACKS,$PAR1
PAUSE,10000
VERIFYCOMPLEXPARORDER,$PAR1,$MM1,$MM1EXECFIRM,ABC,GAL,9523,*,8.55,C,1,3,Y,Y,N,Y,-,10.00,10.20,100,S,100,100,1,100,1.00,1.20,200,B,100,100,2,200,1.00,1.20,100,S,100,100,1,100,FALSE,TRUE,Comment
TOPOFBOOKVERIFICATION,$MM1,$SESSION1,$STRATEGY1,0,2,0,00,0,2,0,00,TRUE,TRUE,Comment
QUOTECANCEL,$MM1,$SESSION1,$CLASS1PRODUCT1,2,TRUE,TRUE,Comment
QUOTECANCELVERIFICATION,$MM1,$SESSION1,$CLASS1PRODUCT1,2,TRUE,TRUE,Comment
QUOTECANCEL,$MM1,$SESSION1,$CLASS1PRODUCT2,2,TRUE,TRUE,Comment
QUOTECANCELVERIFICATION,$MM1,$SESSION1,$CLASS1PRODUCT2,2,TRUE,TRUE,Comment
QUOTECANCEL,$MM1,$SESSION1,$CLASS1PRODUCT3,2,TRUE,TRUE,Comment
QUOTECANCELVERIFICATION,$MM1,$SESSION1,$CLASS1PRODUCT3,2,TRUE,TRUE,Comment
PARLOGOUT,$PAR1,TRUE,TRUE,Comment


COMMENT, Test Case:Cleaning Up Task
TRADERLOGOUT,$MM1,TRUE,TRUE,Comment

SALOGOUT,$SA1,TRUE,TRUE,Comment
ENDPOINT,
PRINTOUTPUTSUMMARY,