TESTSUITENAME,C2_MATCHING_ALGORITHM for COMPLEX_AIM_PART_4C WR 6687_ Test Plan
PRINTOUTPUTHEADING,
STARTPOINT,
SALOGIN,$SA1,$SA1,TRUE,TRUE,Comment


COMMENT, Test Cases:11

COMMENT, Test Environment Setup
SELECTCLASSESANDPRODUCTS,$SA1,$SESSION1,7,1,CLASS,2,PRODUCT,$HYBRIDCLASSLIST1,TRUE,TRUE,Comment
VERIFYSESSIONSTATE,$SA1,$SESSION1,2,TRUE,TRUE,Comment

COMMENT, User Setup
CREATEUSER,$SA1,$MM1,$MM1EXCHANGE,$MM1EXECFIRM,M,1,Automated API $MM1 User,FALSE,TRUE,TRUE,New User for Clearing Firm "939" and Exchange "CBOE2" !
VERIFYUSEREXISTENCE,$SA1,$MM1EXCHANGE,$MM1,M,TRUE,TRUE,TRUE,Comment
CREATEUSER,$SA1,$MM2,$MM2EXCHANGE,$MM2EXECFIRM,M,1,Automated API $MM2 User,FALSE,TRUE,TRUE,New User for Clearing Firm "939" and Exchange "CBOE2" !
VERIFYUSEREXISTENCE,$SA1,$MM2EXCHANGE,$MM2,M,TRUE,TRUE,TRUE,Comment
CREATEUSER,$SA1,$MM3,$MM3EXCHANGE,$MM3EXECFIRM,M,1,Automated API $MM3 User,FALSE,TRUE,TRUE,New User for Clearing Firm "939" and Exchange "CBOE2" !
VERIFYUSEREXISTENCE,$SA1,$MM3EXCHANGE,$MM3,M,TRUE,TRUE,TRUE,Comment
CREATEUSER,$SA1,$MM4,$MM4EXCHANGE,$MM4EXECFIRM,M,1,Automated API $MM4 User,FALSE,TRUE,TRUE,New User for Clearing Firm "939" and Exchange "CBOE2" !
VERIFYUSEREXISTENCE,$SA1,$MM4EXCHANGE,$MM4,M,TRUE,TRUE,TRUE,Comment
CREATEUSER,$SA1,$MM5,$MM5EXCHANGE,$MM5EXECFIRM,M,1,Automated API $MM5 User,FALSE,TRUE,TRUE,New User for Clearing Firm "939" and Exchange "CBOE2" !
VERIFYUSEREXISTENCE,$SA1,$MM5EXCHANGE,$MM5,M,TRUE,TRUE,TRUE,Comment
CREATEUSER,$SA1,$MM6,$MM6EXCHANGE,$MM6EXECFIRM,M,1,Automated API $MM6 User,FALSE,TRUE,TRUE,New User for Clearing Firm "939" and Exchange "CBOE2" !
VERIFYUSEREXISTENCE,$SA1,$MM6EXCHANGE,$MM6,M,TRUE,TRUE,TRUE,Comment
CREATEUSER,$SA1,$MM7,$MM7EXCHANGE,$MM7EXECFIRM,M,1,Automated API $MM7 User,FALSE,TRUE,TRUE,New User for Clearing Firm "939" and Exchange "CBOE2" !
VERIFYUSEREXISTENCE,$SA1,$MM7EXCHANGE,$MM7,M,TRUE,TRUE,TRUE,Comment
TRADERLOGIN,$MM1,$MM1,$CASANDPORT,TRUE,TRUE,Comment
TRADERLOGIN,$MM2,$MM2,$CASANDPORT,TRUE,TRUE,Comment
TRADERLOGIN,$MM3,$MM3,$CASANDPORT,TRUE,TRUE,Comment
TRADERLOGIN,$MM4,$MM4,$CASANDPORT,TRUE,TRUE,Comment
TRADERLOGIN,$MM5,$MM5,$CASANDPORT,TRUE,TRUE,Comment
TRADERLOGIN,$MM6,$MM6,$CASANDPORT,TRUE,TRUE,Comment
TRADERLOGIN,$MM7,$MM7,$CASANDPORT,TRUE,TRUE,Comment

STRATEGYCREATE,$MM1,$SESSION1,$CLASS1,$STRATEGY1,2,$CLASS1PRODUCT1,1,B,$CLASS1PRODUCT2,1,S,TRUE,TRUE,Comment

COMMENT, Trading Property Setup
SETAUCTIONENABLED,$SA1,$SESSION1,$STRATEGYCLASS1,2:true;1:true,TRUE,TRUE,Comment
PAUSE,2000
VERIFYAUCTIONENABLED,$SA1,$SESSION1,$STRATEGYCLASS1,2:true;1:true,TRUE,TRUE,Comment
SETAUCTIONTIMETOLIVE,$SA1,$SESSION1,$STRATEGYCLASS1,1:15000-15000;2:15000-15000,TRUE,TRUE,Comment
PAUSE,2000
VERIFYAUCTIONTIMETOLIVE,$SA1,$SESSION1,$STRATEGYCLASS1,1:15000-15000;2:15000-15000,TRUE,TRUE,Comment
SETALLOWMARKETORDER,$SA1,$SESSION1,$STRATEGYCLASS1,TRUE,TRUE,TRUE,Comment
PAUSE,2000
VERIFYALLOWMARKETORDER,$SA1,$SESSION1,$STRATEGYCLASS1,TRUE,TRUE,TRUE,Comment
SETAUCTIONMINQUOTERS,$SA1,$SESSION1,$STRATEGYCLASS1,1:1;2:1,TRUE,TRUE,Comment
PAUSE,2000
VERIFYAUCTIONMINQUOTERS,$SA1,$SESSION1,$STRATEGYCLASS1,1:1;2:1,TRUE,TRUE,Comment
SETAUCTIONMINMAXORDERSIZE,$SA1,$SESSION1,$STRATEGYCLASS1,1:1-99999;2:1-99999,TRUE,TRUE,Comment
PAUSE,2000
VERIFYAUCTIONMINMAXORDERSIZE,$SA1,$SESSION1,$STRATEGYCLASS1,1:1-99999;2:1-99999,TRUE,TRUE,Comment
SETAUCTIONRECEIVERTYPES,$SA1,$SESSION1,$STRATEGYCLASS1,2:1,TRUE,TRUE,Comment
PAUSE,2000
VERIFYAUCTIONRECEIVERTYPES,$SA1,$SESSION1,$STRATEGYCLASS1,2:1,TRUE,TRUE,Comment
SETEXCHANGEPRESCRIBEDWIDTH,$SA1,$SESSION1,$STRATEGYCLASS1,0.0-3.0:0.5;3.0-10:1.0;10-99999:2.0,TRUE,TRUE,Comment
PAUSE,2000
VERIFYEXCHANGEPRESCRIBEDWIDTH,$SA1,$SESSION1,$STRATEGYCLASS1,0.0-3.0:0.5;3.0-10:1.0;10-99999:2.0,TRUE,TRUE,Comment
SETAUCTIONENABLED,$SA1,$SESSION1,$CLASS1,-8:false;5:false,TRUE,TRUE,Comment
PAUSE,2000
VERIFYAUCTIONENABLED,$SA1,$SESSION1,$CLASS1,-8:false;5:false,TRUE,TRUE,Comment
SETTICKSAWAYFORRECOA,$SA1,$SESSION1,$STRATEGYCLASS1,0,TRUE,TRUE,Comment
PAUSE,2000
VERIFYTICKSAWAYFORRECOA,$SA1,$SESSION1,$STRATEGYCLASS1,0,TRUE,TRUE,Comment
SETNUMBEROFATTEMPTSFORRECOA,$SA1,$SESSION1,$STRATEGYCLASS1,0,TRUE,TRUE,Comment
PAUSE,2000
VERIFYNUMBEROFATTEMPTSFORRECOA,$SA1,$SESSION1,$STRATEGYCLASS1,0,TRUE,TRUE,Comment
SETAUCTIONMINORDERSIZEFORTICKSABOVENBBO,$SA1,$SESSION1,$STRATEGYCLASS1,1:50-1,TRUE,TRUE,Comment
PAUSE,2000
VERIFYAUCTIONMINORDERSIZEFORTICKSABOVENBBO,$SA1,$SESSION1,$STRATEGYCLASS1,1:50-1,TRUE,TRUE,Comment
SETAUCTIONORDERTICKSAWAYFROMNBBO,$SA1,$SESSION1,$STRATEGYCLASS1,2:0;1:0,TRUE,TRUE,Comment
PAUSE,2000
VERIFYAUCTIONORDERTICKSAWAYFROMNBBO,$SA1,$SESSION1,$STRATEGYCLASS1,2:0;1:0,TRUE,TRUE,Comment
SETAUCTIONMINPRICEINCREMENT,$SA1,$SESSION1,$STRATEGYCLASS1,1:0,TRUE,TRUE,Comment
PAUSE,2000
VERIFYAUCTIONMINPRICEINCREMENT,$SA1,$SESSION1,$STRATEGYCLASS1,1:0,TRUE,TRUE,Comment
SETALLOCATIONSTRATEGIES,$SA1,$SESSION1,$STRATEGYCLASS1,5=1;4;30 6=1;4,TRUE,TRUE,Comment
PAUSE,2000
VERIFYALLOCATIONSTRATEGIES,$SA1,$SESSION1,$STRATEGYCLASS1,5=1;4;30 6=1;4,TRUE,TRUE,Comment
PAUSE,2000
REFRESHALLOCATIONSTRATEGYFORCLASS,$SA1,$SESSION1,$STRATEGYCLASS1,TRUE,TRUE,Comment
SETINTERNALIZATIONGUARANTEEDPERCENTAGE,$SA1,$SESSION1,$STRATEGYCLASS1,1:0-1:1.0;1:1-2:0.5;1:2-99999:0.4,TRUE,TRUE,Comment
PAUSE,2000
VERIFYINTERNALIZATIONGUARANTEEDPERCENTAGE,$SA1,$SESSION1,$STRATEGYCLASS1,1:0-1:1.0;1:1-2:0.5;1:2-99999:0.4,TRUE,TRUE,Comment

COMMENT, Routing Property Setup

COMMENT, Pre-Test Settings
SUBSCRIBECURRENTMARKET,$MM1,$SESSION1,$CLASS1,$CLASS1PRODUCT1,TRUE,TRUE,Comment
SUBSCRIBECURRENTMARKET,$MM1,$SESSION1,$CLASS1,$CLASS1PRODUCT2,TRUE,TRUE,Comment
SUBSCRIBEAUCTION,$MM1,$SESSION1,$STRATEGYCLASS1,2,TRUE,TRUE,Comment
SUBSCRIBERECAP,$MM1,$SESSION1,$STRATEGY1,TRUE,TRUE,Comment
SUBSCRIBEAUCTION,$MM1,$SESSION1,$STRATEGYCLASS1,1,TRUE,TRUE,Comment

COMMENT, Test Case 1:SETTING THE CONDITIONS FOR CASES BELOW
CLEARALLCALLBACKS,$MM1
SETPRODUCTSTATEBYPRODUCT,$SA1,$SESSION1,$CLASS1PRODUCT1,$CLASS1,1,TRUE,TRUE,Comment
PRODUCTSTATEQUERY,$SA1,$SESSION1,$CLASS1PRODUCT1,1,TRUE,TRUE,Comment
SETPRODUCTSTATEBYPRODUCT,$SA1,$SESSION1,$CLASS1PRODUCT2,$CLASS1,1,TRUE,TRUE,Comment
PRODUCTSTATEQUERY,$SA1,$SESSION1,$CLASS1PRODUCT2,1,TRUE,TRUE,Comment
SETPRODUCTSTATEBYPRODUCT,$SA1,$SESSION1,$CLASS1PRODUCT1,$CLASS1,2,TRUE,TRUE,Comment
PRODUCTSTATEQUERY,$SA1,$SESSION1,$CLASS1PRODUCT1,2,TRUE,TRUE,Comment
SETPRODUCTSTATEBYPRODUCT,$SA1,$SESSION1,$CLASS1PRODUCT2,$CLASS1,2,TRUE,TRUE,Comment
PRODUCTSTATEQUERY,$SA1,$SESSION1,$CLASS1PRODUCT2,2,TRUE,TRUE,Comment
SETPRODUCTSTATEBYPRODUCT,$SA1,$SESSION1,$CLASS1PRODUCT1,$CLASS1,3,TRUE,TRUE,Comment
PRODUCTSTATEQUERY,$SA1,$SESSION1,$CLASS1PRODUCT1,3,TRUE,TRUE,Comment
SETPRODUCTSTATEBYPRODUCT,$SA1,$SESSION1,$CLASS1PRODUCT2,$CLASS1,3,TRUE,TRUE,Comment
PRODUCTSTATEQUERY,$SA1,$SESSION1,$CLASS1PRODUCT2,3,TRUE,TRUE,Comment
SETPRODUCTSTATEBYPRODUCT,$SA1,$SESSION1,$CLASS1PRODUCT1,$CLASS1,4,TRUE,TRUE,Comment
PRODUCTSTATEQUERY,$SA1,$SESSION1,$CLASS1PRODUCT1,4,TRUE,TRUE,Comment
SETPRODUCTSTATEBYPRODUCT,$SA1,$SESSION1,$CLASS1PRODUCT2,$CLASS1,4,TRUE,TRUE,Comment
PRODUCTSTATEQUERY,$SA1,$SESSION1,$CLASS1PRODUCT2,4,TRUE,TRUE,Comment
TOPOFBOOKVERIFICATION,$MM1,$SESSION1,$CLASS1PRODUCT1,0,1,0,00,0,1,0,00,TRUE,TRUE,Comment
TOPOFBOOKVERIFICATION,$MM1,$SESSION1,$CLASS1PRODUCT2,0,1,0,00,0,1,0,00,TRUE,TRUE,Comment
PAUSE,1000
TOPOFBOOKVERIFICATION,$MM1,$SESSION1,$STRATEGY1,0,1,0,00,0,1,0,00,TRUE,TRUE,Comment

COMMENT, Test Case 2:SINGLE AUCTION RESPONSE (inbound QUOTE-LIKE COMPLEX ORDER with I origin) during an ongoing COMPLEX AIM
CLEARALLCALLBACKS,$MM1
PRODUCTSTATEQUERY,$SA1,$SESSION1,$CLASS1PRODUCT1,4,TRUE,TRUE,Comment
PRODUCTSTATEQUERY,$SA1,$SESSION1,$CLASS1PRODUCT2,4,TRUE,TRUE,Comment
TOPOFBOOKVERIFICATION,$MM1,$SESSION1,$CLASS1PRODUCT1,0,1,0,00,0,1,0,00,TRUE,TRUE,Comment
TOPOFBOOKVERIFICATION,$MM1,$SESSION1,$CLASS1PRODUCT2,0,1,0,00,0,1,0,00,TRUE,TRUE,Comment
QUOTE,$MM1,2,10,00,100,2,10,20,100,$CLASS1PRODUCT1,$SESSION1,User Assigned Id..,TRUE,TRUE,Comment
PAUSE,1000
CURRENTMARKETV4BESTMARKETQUERY,$MM1,CBOE2,$CLASS1PRODUCT1,100,2,10,00,100,2,10,20,TRUE,TRUE,Comment
QUOTE,$MM1,2,1,00,100,2,1,20,100,$CLASS1PRODUCT2,$SESSION1,User Assigned Id..,TRUE,TRUE,Comment
PAUSE,1000
CURRENTMARKETV4BESTMARKETQUERY,$MM1,CBOE2,$CLASS1PRODUCT2,100,2,1,00,100,2,1,20,TRUE,TRUE,Comment
SETPRODUCTSTATEBYPRODUCT,$SA1,$SESSION1,$STRATEGY1,$STRATEGYCLASS1,1,TRUE,TRUE,Comment
PRODUCTSTATEQUERY,$SA1,$SESSION1,$STRATEGY1,1,TRUE,TRUE,Comment
SETPRODUCTSTATEBYPRODUCT,$SA1,$SESSION1,$STRATEGY1,$STRATEGYCLASS1,2,TRUE,TRUE,Comment
PRODUCTSTATEQUERY,$SA1,$SESSION1,$STRATEGY1,2,TRUE,TRUE,Comment
SETPRODUCTSTATEBYPRODUCT,$SA1,$SESSION1,$STRATEGY1,$STRATEGYCLASS1,3,TRUE,TRUE,Comment
PRODUCTSTATEQUERY,$SA1,$SESSION1,$STRATEGY1,3,TRUE,TRUE,Comment
SETPRODUCTSTATEBYPRODUCT,$SA1,$SESSION1,$STRATEGY1,$STRATEGYCLASS1,4,TRUE,TRUE,Comment
PRODUCTSTATEQUERY,$SA1,$SESSION1,$STRATEGY1,4,TRUE,TRUE,Comment
PAUSE,1000
TOPOFBOOKVERIFICATION,$MM1,$SESSION1,$STRATEGY1,0,1,0,00,0,1,0,00,TRUE,TRUE,Comment
INTERNALIZEDSTRATEGYORDER,$MM2,2,$MM2EXCHANGE,$MM2EXECFIRM,UIT,389,ABC,*,$MM2EXCHANGE,$MM2,850,$STRATEGY1,D,3,0,00,D,21/12/2003 6:00:00.0,1,1,0,00,0,-,-,-,$MM2,$MM2,C,FALSE,C,U,0,-,-,$SESSION1,$MM2EXCHANGE,$MM2EXECFIRM,UIT,3891,ABC,*,$MM2EXCHANGE,$MM2,850,$STRATEGY1,O,2,9,10,D,21/12/2003 6:00:00.0,1,1,0,00,0,-,-,-,$MM2,$MM2,C,FALSE,F,U,0,-,-,$SESSION1,2,$CLASS1PRODUCT1,$MM2EXCHANGE,$MM2EXECFIRM,C,C,$CLASS1PRODUCT2,$MM2EXCHANGE,$MM2EXECFIRM,C,C,TRUE,TRUE,Comment
PAUSE,1000
RFPQUERY,$MM1,$SESSION1,$STRATEGY1,$AUCTION126,D,850,1,0,00,TRUE,TRUE,Comment
STRATEGYORDER,$MM5,$MM5EXCHANGE,$MM5EXECFIRM,ECS,8098,ABC,*,$MM5EXCHANGE,$MM5,500,$STRATEGY1,O,2,9,10,D,21/12/2003 6:00:00.0,1,1,0,00,0,-,-,-,$MM5,$MM5,C,FALSE,I,U,0,-,-,$SESSION1,2,$CLASS1PRODUCT1,$MM5EXCHANGE,$MM5EXECFIRM,C,C,$CLASS1PRODUCT2,$MM5EXCHANGE,$MM5EXECFIRM,C,C,TRUE,TRUE,This is the Strategy order: BA:250
PAUSE,1000
TOPOFBOOKVERIFICATION,$MM1,$SESSION1,$STRATEGY1,0,1,0,00,500,2,9,10,TRUE,TRUE,Comment
PAUSE,10000
ORDERFILLVERIFICATION,$MM2,$MM2EXCHANGE,$MM2EXECFIRM,UIT,389,ABC,*,0,0,3,850,2,2,-9,10,TRUE,TRUE,Comment
ORDERFILLVERIFICATION,$MM2,$MM2EXCHANGE,$MM2EXECFIRM,UIT,3891,ABC,*,425,425,1,425,1,2,9,10,TRUE,TRUE,Comment
ORDERFILLVERIFICATION,$MM5,$MM5EXCHANGE,$MM5EXECFIRM,ECS,8098,ABC,*,75,75,1,425,1,2,9,10,TRUE,TRUE,Comment
ORDERCANCELVERIFICATION,$MM2,$MM2EXCHANGE,$MM2EXECFIRM,UIT,3891,ABC,*,$SESSION1,$STRATEGY1,3,425,TRUE,TRUE,Comment
TOPOFBOOKVERIFICATION,$MM1,$SESSION1,$STRATEGY1,0,1,0,00,75,2,9,10,TRUE,TRUE,Comment
ORDERCANCELBYIDNOWAIT,$MM5,$MM5EXCHANGE,$MM5EXECFIRM,ECS,8098,ABC,*,75,$SESSION1,1,TRUE,TRUE,Comment
ORDERCANCELVERIFICATION,$MM5,$MM5EXCHANGE,$MM5EXECFIRM,ECS,8098,ABC,*,$SESSION1,$STRATEGY1,2,75,TRUE,TRUE,Comment
PAUSE,1000
TOPOFBOOKVERIFICATION,$MM1,$SESSION1,$STRATEGY1,0,1,0,00,0,1,0,00,TRUE,TRUE,Comment
TOPOFBOOKVERIFICATION,$MM1,$SESSION1,$CLASS1PRODUCT1,100,2,10,00,100,2,10,20,TRUE,TRUE,Comment
TOPOFBOOKVERIFICATION,$MM1,$SESSION1,$CLASS1PRODUCT2,100,2,1,00,100,2,1,20,TRUE,TRUE,Comment
QUOTECANCEL,$MM1,$SESSION1,$CLASS1PRODUCT1,2,TRUE,TRUE,Comment
QUOTECANCELVERIFICATION,$MM1,$SESSION1,$CLASS1PRODUCT1,2,TRUE,TRUE,Comment
QUOTECANCEL,$MM1,$SESSION1,$CLASS1PRODUCT2,2,TRUE,TRUE,Comment
QUOTECANCELVERIFICATION,$MM1,$SESSION1,$CLASS1PRODUCT2,2,TRUE,TRUE,Comment

COMMENT, Test Case 3:SINGLE AUCTION RESPONSE (inbound QUOTE-LIKE COMPLEX ORDER with J origin) during an ongoing COMPLEX AIM
CLEARALLCALLBACKS,$MM1
PRODUCTSTATEQUERY,$SA1,$SESSION1,$CLASS1PRODUCT1,4,TRUE,TRUE,Comment
PRODUCTSTATEQUERY,$SA1,$SESSION1,$CLASS1PRODUCT2,4,TRUE,TRUE,Comment
TOPOFBOOKVERIFICATION,$MM1,$SESSION1,$CLASS1PRODUCT1,0,1,0,00,0,1,0,00,TRUE,TRUE,Comment
TOPOFBOOKVERIFICATION,$MM1,$SESSION1,$CLASS1PRODUCT2,0,1,0,00,0,1,0,00,TRUE,TRUE,Comment
QUOTE,$MM1,2,10,00,100,2,10,20,100,$CLASS1PRODUCT1,$SESSION1,User Assigned Id..,TRUE,TRUE,Comment
PAUSE,1000
CURRENTMARKETV4BESTMARKETQUERY,$MM1,CBOE2,$CLASS1PRODUCT1,100,2,10,00,100,2,10,20,TRUE,TRUE,Comment
QUOTE,$MM1,2,1,00,100,2,1,20,100,$CLASS1PRODUCT2,$SESSION1,User Assigned Id..,TRUE,TRUE,Comment
PAUSE,1000
CURRENTMARKETV4BESTMARKETQUERY,$MM1,CBOE2,$CLASS1PRODUCT2,100,2,1,00,100,2,1,20,TRUE,TRUE,Comment
SETPRODUCTSTATEBYPRODUCT,$SA1,$SESSION1,$STRATEGY1,$STRATEGYCLASS1,1,TRUE,TRUE,Comment
PRODUCTSTATEQUERY,$SA1,$SESSION1,$STRATEGY1,1,TRUE,TRUE,Comment
SETPRODUCTSTATEBYPRODUCT,$SA1,$SESSION1,$STRATEGY1,$STRATEGYCLASS1,2,TRUE,TRUE,Comment
PRODUCTSTATEQUERY,$SA1,$SESSION1,$STRATEGY1,2,TRUE,TRUE,Comment
SETPRODUCTSTATEBYPRODUCT,$SA1,$SESSION1,$STRATEGY1,$STRATEGYCLASS1,3,TRUE,TRUE,Comment
PRODUCTSTATEQUERY,$SA1,$SESSION1,$STRATEGY1,3,TRUE,TRUE,Comment
SETPRODUCTSTATEBYPRODUCT,$SA1,$SESSION1,$STRATEGY1,$STRATEGYCLASS1,4,TRUE,TRUE,Comment
PRODUCTSTATEQUERY,$SA1,$SESSION1,$STRATEGY1,4,TRUE,TRUE,Comment
PAUSE,1000
TOPOFBOOKVERIFICATION,$MM1,$SESSION1,$STRATEGY1,0,1,0,00,0,1,0,00,TRUE,TRUE,Comment
INTERNALIZEDSTRATEGYORDER,$MM2,2,$MM2EXCHANGE,$MM2EXECFIRM,YTB,2522,ABC,*,$MM2EXCHANGE,$MM2,850,$STRATEGY1,D,3,0,00,D,21/12/2003 6:00:00.0,1,1,0,00,0,-,-,-,$MM2,$MM2,C,FALSE,C,U,0,-,-,$SESSION1,$MM2EXCHANGE,$MM2EXECFIRM,YTB,25221,ABC,*,$MM2EXCHANGE,$MM2,850,$STRATEGY1,O,2,9,10,D,21/12/2003 6:00:00.0,1,1,0,00,0,-,-,-,$MM2,$MM2,C,FALSE,F,U,0,-,-,$SESSION1,2,$CLASS1PRODUCT1,$MM2EXCHANGE,$MM2EXECFIRM,C,C,$CLASS1PRODUCT2,$MM2EXCHANGE,$MM2EXECFIRM,C,C,TRUE,TRUE,Comment
PAUSE,1000
RFPQUERY,$MM1,$SESSION1,$STRATEGY1,$AUCTION126,D,850,1,0,00,TRUE,TRUE,Comment
STRATEGYORDER,$MM5,$MM5EXCHANGE,$MM5EXECFIRM,IOB,1056,ABC,*,$MM5EXCHANGE,$MM5,500,$STRATEGY1,O,2,9,10,D,21/12/2003 6:00:00.0,1,1,0,00,0,-,-,-,$MM5,$MM5,C,FALSE,J,U,0,-,-,$SESSION1,2,$CLASS1PRODUCT1,$MM5EXCHANGE,$MM5EXECFIRM,C,C,$CLASS1PRODUCT2,$MM5EXCHANGE,$MM5EXECFIRM,C,C,TRUE,TRUE,This is the Strategy order: BA:250
PAUSE,1000
TOPOFBOOKVERIFICATION,$MM1,$SESSION1,$STRATEGY1,0,1,0,00,500,2,9,10,TRUE,TRUE,Comment
PAUSE,10000
ORDERFILLVERIFICATION,$MM2,$MM2EXCHANGE,$MM2EXECFIRM,YTB,2522,ABC,*,0,0,3,850,2,2,-9,10,TRUE,TRUE,Comment
ORDERFILLVERIFICATION,$MM2,$MM2EXCHANGE,$MM2EXECFIRM,YTB,25221,ABC,*,425,425,1,425,1,2,9,10,TRUE,TRUE,Comment
ORDERFILLVERIFICATION,$MM5,$MM5EXCHANGE,$MM5EXECFIRM,IOB,1056,ABC,*,75,75,1,425,1,2,9,10,TRUE,TRUE,Comment
ORDERCANCELVERIFICATION,$MM2,$MM2EXCHANGE,$MM2EXECFIRM,YTB,25221,ABC,*,$SESSION1,$STRATEGY1,3,425,TRUE,TRUE,Comment
TOPOFBOOKVERIFICATION,$MM1,$SESSION1,$STRATEGY1,0,1,0,00,75,2,9,10,TRUE,TRUE,Comment
ORDERCANCELBYIDNOWAIT,$MM5,$MM5EXCHANGE,$MM5EXECFIRM,IOB,1056,ABC,*,75,$SESSION1,1,TRUE,TRUE,Comment
ORDERCANCELVERIFICATION,$MM5,$MM5EXCHANGE,$MM5EXECFIRM,IOB,1056,ABC,*,$SESSION1,$STRATEGY1,2,75,TRUE,TRUE,Comment
PAUSE,1000
TOPOFBOOKVERIFICATION,$MM1,$SESSION1,$STRATEGY1,0,1,0,00,0,1,0,00,TRUE,TRUE,Comment
TOPOFBOOKVERIFICATION,$MM1,$SESSION1,$CLASS1PRODUCT1,100,2,10,00,100,2,10,20,TRUE,TRUE,Comment
TOPOFBOOKVERIFICATION,$MM1,$SESSION1,$CLASS1PRODUCT2,100,2,1,00,100,2,1,20,TRUE,TRUE,Comment
QUOTECANCEL,$MM1,$SESSION1,$CLASS1PRODUCT1,2,TRUE,TRUE,Comment
QUOTECANCELVERIFICATION,$MM1,$SESSION1,$CLASS1PRODUCT1,2,TRUE,TRUE,Comment
QUOTECANCEL,$MM1,$SESSION1,$CLASS1PRODUCT2,2,TRUE,TRUE,Comment
QUOTECANCELVERIFICATION,$MM1,$SESSION1,$CLASS1PRODUCT2,2,TRUE,TRUE,Comment

COMMENT, Test Case 4:SINGLE AUCTION RESPONSE (inbound QUOTE-LIKE COMPLEX ORDER with K origin) during an ongoing COMPLEX AIM
CLEARALLCALLBACKS,$MM1
PRODUCTSTATEQUERY,$SA1,$SESSION1,$CLASS1PRODUCT1,4,TRUE,TRUE,Comment
PRODUCTSTATEQUERY,$SA1,$SESSION1,$CLASS1PRODUCT2,4,TRUE,TRUE,Comment
TOPOFBOOKVERIFICATION,$MM1,$SESSION1,$CLASS1PRODUCT1,0,1,0,00,0,1,0,00,TRUE,TRUE,Comment
TOPOFBOOKVERIFICATION,$MM1,$SESSION1,$CLASS1PRODUCT2,0,1,0,00,0,1,0,00,TRUE,TRUE,Comment
QUOTE,$MM1,2,10,00,100,2,10,20,100,$CLASS1PRODUCT1,$SESSION1,User Assigned Id..,TRUE,TRUE,Comment
PAUSE,1000
CURRENTMARKETV4BESTMARKETQUERY,$MM1,CBOE2,$CLASS1PRODUCT1,100,2,10,00,100,2,10,20,TRUE,TRUE,Comment
QUOTE,$MM1,2,1,00,100,2,1,20,100,$CLASS1PRODUCT2,$SESSION1,User Assigned Id..,TRUE,TRUE,Comment
PAUSE,1000
CURRENTMARKETV4BESTMARKETQUERY,$MM1,CBOE2,$CLASS1PRODUCT2,100,2,1,00,100,2,1,20,TRUE,TRUE,Comment
SETPRODUCTSTATEBYPRODUCT,$SA1,$SESSION1,$STRATEGY1,$STRATEGYCLASS1,1,TRUE,TRUE,Comment
PRODUCTSTATEQUERY,$SA1,$SESSION1,$STRATEGY1,1,TRUE,TRUE,Comment
SETPRODUCTSTATEBYPRODUCT,$SA1,$SESSION1,$STRATEGY1,$STRATEGYCLASS1,2,TRUE,TRUE,Comment
PRODUCTSTATEQUERY,$SA1,$SESSION1,$STRATEGY1,2,TRUE,TRUE,Comment
SETPRODUCTSTATEBYPRODUCT,$SA1,$SESSION1,$STRATEGY1,$STRATEGYCLASS1,3,TRUE,TRUE,Comment
PRODUCTSTATEQUERY,$SA1,$SESSION1,$STRATEGY1,3,TRUE,TRUE,Comment
SETPRODUCTSTATEBYPRODUCT,$SA1,$SESSION1,$STRATEGY1,$STRATEGYCLASS1,4,TRUE,TRUE,Comment
PRODUCTSTATEQUERY,$SA1,$SESSION1,$STRATEGY1,4,TRUE,TRUE,Comment
PAUSE,1000
TOPOFBOOKVERIFICATION,$MM1,$SESSION1,$STRATEGY1,0,1,0,00,0,1,0,00,TRUE,TRUE,Comment
INTERNALIZEDSTRATEGYORDER,$MM2,2,$MM2EXCHANGE,$MM2EXECFIRM,FNP,4876,ABC,*,$MM2EXCHANGE,$MM2,850,$STRATEGY1,D,3,0,00,D,21/12/2003 6:00:00.0,1,1,0,00,0,-,-,-,$MM2,$MM2,C,FALSE,C,U,0,-,-,$SESSION1,$MM2EXCHANGE,$MM2EXECFIRM,FNP,48761,ABC,*,$MM2EXCHANGE,$MM2,850,$STRATEGY1,O,2,9,10,D,21/12/2003 6:00:00.0,1,1,0,00,0,-,-,-,$MM2,$MM2,C,FALSE,F,U,0,-,-,$SESSION1,2,$CLASS1PRODUCT1,$MM2EXCHANGE,$MM2EXECFIRM,C,C,$CLASS1PRODUCT2,$MM2EXCHANGE,$MM2EXECFIRM,C,C,TRUE,TRUE,Comment
PAUSE,1000
RFPQUERY,$MM1,$SESSION1,$STRATEGY1,$AUCTION126,D,850,1,0,00,TRUE,TRUE,Comment
STRATEGYORDER,$MM5,$MM5EXCHANGE,$MM5EXECFIRM,EHS,8295,ABC,*,$MM5EXCHANGE,$MM5,500,$STRATEGY1,O,2,9,10,D,21/12/2003 6:00:00.0,1,1,0,00,0,-,-,-,$MM5,$MM5,C,FALSE,K,U,0,-,-,$SESSION1,2,$CLASS1PRODUCT1,$MM5EXCHANGE,$MM5EXECFIRM,C,C,$CLASS1PRODUCT2,$MM5EXCHANGE,$MM5EXECFIRM,C,C,TRUE,TRUE,This is the Strategy order: BA:250
PAUSE,1000
TOPOFBOOKVERIFICATION,$MM1,$SESSION1,$STRATEGY1,0,1,0,00,500,2,9,10,TRUE,TRUE,Comment
PAUSE,10000
ORDERFILLVERIFICATION,$MM2,$MM2EXCHANGE,$MM2EXECFIRM,FNP,4876,ABC,*,0,0,3,850,2,2,-9,10,TRUE,TRUE,Comment
ORDERFILLVERIFICATION,$MM2,$MM2EXCHANGE,$MM2EXECFIRM,FNP,48761,ABC,*,425,425,1,425,1,2,9,10,TRUE,TRUE,Comment
ORDERFILLVERIFICATION,$MM5,$MM5EXCHANGE,$MM5EXECFIRM,EHS,8295,ABC,*,75,75,1,425,1,2,9,10,TRUE,TRUE,Comment
ORDERCANCELVERIFICATION,$MM2,$MM2EXCHANGE,$MM2EXECFIRM,FNP,48761,ABC,*,$SESSION1,$STRATEGY1,3,425,TRUE,TRUE,Comment
TOPOFBOOKVERIFICATION,$MM1,$SESSION1,$STRATEGY1,0,1,0,00,75,2,9,10,TRUE,TRUE,Comment
ORDERCANCELBYIDNOWAIT,$MM5,$MM5EXCHANGE,$MM5EXECFIRM,EHS,8295,ABC,*,75,$SESSION1,1,TRUE,TRUE,Comment
ORDERCANCELVERIFICATION,$MM5,$MM5EXCHANGE,$MM5EXECFIRM,EHS,8295,ABC,*,$SESSION1,$STRATEGY1,2,75,TRUE,TRUE,Comment
PAUSE,1000
TOPOFBOOKVERIFICATION,$MM1,$SESSION1,$STRATEGY1,0,1,0,00,0,1,0,00,TRUE,TRUE,Comment
TOPOFBOOKVERIFICATION,$MM1,$SESSION1,$CLASS1PRODUCT1,100,2,10,00,100,2,10,20,TRUE,TRUE,Comment
TOPOFBOOKVERIFICATION,$MM1,$SESSION1,$CLASS1PRODUCT2,100,2,1,00,100,2,1,20,TRUE,TRUE,Comment
QUOTECANCEL,$MM1,$SESSION1,$CLASS1PRODUCT1,2,TRUE,TRUE,Comment
QUOTECANCELVERIFICATION,$MM1,$SESSION1,$CLASS1PRODUCT1,2,TRUE,TRUE,Comment
QUOTECANCEL,$MM1,$SESSION1,$CLASS1PRODUCT2,2,TRUE,TRUE,Comment
QUOTECANCELVERIFICATION,$MM1,$SESSION1,$CLASS1PRODUCT2,2,TRUE,TRUE,Comment

COMMENT, Test Case 5:SINGLE AUCTION RESPONSE (inbound QUOTE-LIKE COMPLEX ORDER with U origin) during an ongoing COMPLEX AIM
CLEARALLCALLBACKS,$MM1
PRODUCTSTATEQUERY,$SA1,$SESSION1,$CLASS1PRODUCT1,4,TRUE,TRUE,Comment
PRODUCTSTATEQUERY,$SA1,$SESSION1,$CLASS1PRODUCT2,4,TRUE,TRUE,Comment
TOPOFBOOKVERIFICATION,$MM1,$SESSION1,$CLASS1PRODUCT1,0,1,0,00,0,1,0,00,TRUE,TRUE,Comment
TOPOFBOOKVERIFICATION,$MM1,$SESSION1,$CLASS1PRODUCT2,0,1,0,00,0,1,0,00,TRUE,TRUE,Comment
QUOTE,$MM1,2,10,00,100,2,10,20,100,$CLASS1PRODUCT1,$SESSION1,User Assigned Id..,TRUE,TRUE,Comment
PAUSE,1000
CURRENTMARKETV4BESTMARKETQUERY,$MM1,CBOE2,$CLASS1PRODUCT1,100,2,10,00,100,2,10,20,TRUE,TRUE,Comment
QUOTE,$MM1,2,1,00,100,2,1,20,100,$CLASS1PRODUCT2,$SESSION1,User Assigned Id..,TRUE,TRUE,Comment
PAUSE,1000
CURRENTMARKETV4BESTMARKETQUERY,$MM1,CBOE2,$CLASS1PRODUCT2,100,2,1,00,100,2,1,20,TRUE,TRUE,Comment
SETPRODUCTSTATEBYPRODUCT,$SA1,$SESSION1,$STRATEGY1,$STRATEGYCLASS1,1,TRUE,TRUE,Comment
PRODUCTSTATEQUERY,$SA1,$SESSION1,$STRATEGY1,1,TRUE,TRUE,Comment
SETPRODUCTSTATEBYPRODUCT,$SA1,$SESSION1,$STRATEGY1,$STRATEGYCLASS1,2,TRUE,TRUE,Comment
PRODUCTSTATEQUERY,$SA1,$SESSION1,$STRATEGY1,2,TRUE,TRUE,Comment
SETPRODUCTSTATEBYPRODUCT,$SA1,$SESSION1,$STRATEGY1,$STRATEGYCLASS1,3,TRUE,TRUE,Comment
PRODUCTSTATEQUERY,$SA1,$SESSION1,$STRATEGY1,3,TRUE,TRUE,Comment
SETPRODUCTSTATEBYPRODUCT,$SA1,$SESSION1,$STRATEGY1,$STRATEGYCLASS1,4,TRUE,TRUE,Comment
PRODUCTSTATEQUERY,$SA1,$SESSION1,$STRATEGY1,4,TRUE,TRUE,Comment
PAUSE,1000
TOPOFBOOKVERIFICATION,$MM1,$SESSION1,$STRATEGY1,0,1,0,00,0,1,0,00,TRUE,TRUE,Comment
INTERNALIZEDSTRATEGYORDER,$MM2,2,$MM2EXCHANGE,$MM2EXECFIRM,PEX,8307,ABC,*,$MM2EXCHANGE,$MM2,850,$STRATEGY1,D,3,0,00,D,21/12/2003 6:00:00.0,1,1,0,00,0,-,-,-,$MM2,$MM2,C,FALSE,C,U,0,-,-,$SESSION1,$MM2EXCHANGE,$MM2EXECFIRM,PEX,83071,ABC,*,$MM2EXCHANGE,$MM2,850,$STRATEGY1,O,2,9,10,D,21/12/2003 6:00:00.0,1,1,0,00,0,-,-,-,$MM2,$MM2,C,FALSE,F,U,0,-,-,$SESSION1,2,$CLASS1PRODUCT1,$MM2EXCHANGE,$MM2EXECFIRM,C,C,$CLASS1PRODUCT2,$MM2EXCHANGE,$MM2EXECFIRM,C,C,TRUE,TRUE,Comment
PAUSE,1000
RFPQUERY,$MM1,$SESSION1,$STRATEGY1,$AUCTION126,D,850,1,0,00,TRUE,TRUE,Comment
STRATEGYORDER,$MM5,$MM5EXCHANGE,$MM5EXECFIRM,WUV,481,ABC,*,$MM5EXCHANGE,$MM5,500,$STRATEGY1,O,2,9,10,D,21/12/2003 6:00:00.0,1,1,0,00,0,-,-,-,$MM5,$MM5,C,FALSE,U,U,0,-,-,$SESSION1,2,$CLASS1PRODUCT1,$MM5EXCHANGE,$MM5EXECFIRM,C,C,$CLASS1PRODUCT2,$MM5EXCHANGE,$MM5EXECFIRM,C,C,TRUE,TRUE,This is the Strategy order: BA:250
PAUSE,1000
TOPOFBOOKVERIFICATION,$MM1,$SESSION1,$STRATEGY1,0,1,0,00,500,2,9,10,TRUE,TRUE,Comment
PAUSE,10000
ORDERFILLVERIFICATION,$MM2,$MM2EXCHANGE,$MM2EXECFIRM,PEX,8307,ABC,*,0,0,3,850,2,2,-9,10,TRUE,TRUE,Comment
ORDERFILLVERIFICATION,$MM2,$MM2EXCHANGE,$MM2EXECFIRM,PEX,83071,ABC,*,425,425,1,425,1,2,9,10,TRUE,TRUE,Comment
ORDERFILLVERIFICATION,$MM5,$MM5EXCHANGE,$MM5EXECFIRM,WUV,481,ABC,*,75,75,1,425,1,2,9,10,TRUE,TRUE,Comment
ORDERCANCELVERIFICATION,$MM2,$MM2EXCHANGE,$MM2EXECFIRM,PEX,83071,ABC,*,$SESSION1,$STRATEGY1,3,425,TRUE,TRUE,Comment
TOPOFBOOKVERIFICATION,$MM1,$SESSION1,$STRATEGY1,0,1,0,00,75,2,9,10,TRUE,TRUE,Comment
ORDERCANCELBYIDNOWAIT,$MM5,$MM5EXCHANGE,$MM5EXECFIRM,WUV,481,ABC,*,75,$SESSION1,1,TRUE,TRUE,Comment
ORDERCANCELVERIFICATION,$MM5,$MM5EXCHANGE,$MM5EXECFIRM,WUV,481,ABC,*,$SESSION1,$STRATEGY1,2,75,TRUE,TRUE,Comment
PAUSE,1000
TOPOFBOOKVERIFICATION,$MM1,$SESSION1,$STRATEGY1,0,1,0,00,0,1,0,00,TRUE,TRUE,Comment
TOPOFBOOKVERIFICATION,$MM1,$SESSION1,$CLASS1PRODUCT1,100,2,10,00,100,2,10,20,TRUE,TRUE,Comment
TOPOFBOOKVERIFICATION,$MM1,$SESSION1,$CLASS1PRODUCT2,100,2,1,00,100,2,1,20,TRUE,TRUE,Comment
QUOTECANCEL,$MM1,$SESSION1,$CLASS1PRODUCT1,2,TRUE,TRUE,Comment
QUOTECANCELVERIFICATION,$MM1,$SESSION1,$CLASS1PRODUCT1,2,TRUE,TRUE,Comment
QUOTECANCEL,$MM1,$SESSION1,$CLASS1PRODUCT2,2,TRUE,TRUE,Comment
QUOTECANCELVERIFICATION,$MM1,$SESSION1,$CLASS1PRODUCT2,2,TRUE,TRUE,Comment

COMMENT, Test Case 6:SINGLE AUCTION RESPONSE (inbound QUOTE-LIKE COMPLEX ORDER with Z origin) during an ongoing COMPLEX AIM
CLEARALLCALLBACKS,$MM1
PRODUCTSTATEQUERY,$SA1,$SESSION1,$CLASS1PRODUCT1,4,TRUE,TRUE,Comment
PRODUCTSTATEQUERY,$SA1,$SESSION1,$CLASS1PRODUCT2,4,TRUE,TRUE,Comment
TOPOFBOOKVERIFICATION,$MM1,$SESSION1,$CLASS1PRODUCT1,0,1,0,00,0,1,0,00,TRUE,TRUE,Comment
TOPOFBOOKVERIFICATION,$MM1,$SESSION1,$CLASS1PRODUCT2,0,1,0,00,0,1,0,00,TRUE,TRUE,Comment
QUOTE,$MM1,2,10,00,100,2,10,20,100,$CLASS1PRODUCT1,$SESSION1,User Assigned Id..,TRUE,TRUE,Comment
PAUSE,1000
CURRENTMARKETV4BESTMARKETQUERY,$MM1,CBOE2,$CLASS1PRODUCT1,100,2,10,00,100,2,10,20,TRUE,TRUE,Comment
QUOTE,$MM1,2,1,00,100,2,1,20,100,$CLASS1PRODUCT2,$SESSION1,User Assigned Id..,TRUE,TRUE,Comment
PAUSE,1000
CURRENTMARKETV4BESTMARKETQUERY,$MM1,CBOE2,$CLASS1PRODUCT2,100,2,1,00,100,2,1,20,TRUE,TRUE,Comment
SETPRODUCTSTATEBYPRODUCT,$SA1,$SESSION1,$STRATEGY1,$STRATEGYCLASS1,1,TRUE,TRUE,Comment
PRODUCTSTATEQUERY,$SA1,$SESSION1,$STRATEGY1,1,TRUE,TRUE,Comment
SETPRODUCTSTATEBYPRODUCT,$SA1,$SESSION1,$STRATEGY1,$STRATEGYCLASS1,2,TRUE,TRUE,Comment
PRODUCTSTATEQUERY,$SA1,$SESSION1,$STRATEGY1,2,TRUE,TRUE,Comment
SETPRODUCTSTATEBYPRODUCT,$SA1,$SESSION1,$STRATEGY1,$STRATEGYCLASS1,3,TRUE,TRUE,Comment
PRODUCTSTATEQUERY,$SA1,$SESSION1,$STRATEGY1,3,TRUE,TRUE,Comment
SETPRODUCTSTATEBYPRODUCT,$SA1,$SESSION1,$STRATEGY1,$STRATEGYCLASS1,4,TRUE,TRUE,Comment
PRODUCTSTATEQUERY,$SA1,$SESSION1,$STRATEGY1,4,TRUE,TRUE,Comment
PAUSE,1000
TOPOFBOOKVERIFICATION,$MM1,$SESSION1,$STRATEGY1,0,1,0,00,0,1,0,00,TRUE,TRUE,Comment
INTERNALIZEDSTRATEGYORDER,$MM2,2,$MM2EXCHANGE,$MM2EXECFIRM,RFK,5436,ABC,*,$MM2EXCHANGE,$MM2,850,$STRATEGY1,D,3,0,00,D,21/12/2003 6:00:00.0,1,1,0,00,0,-,-,-,$MM2,$MM2,C,FALSE,C,U,0,-,-,$SESSION1,$MM2EXCHANGE,$MM2EXECFIRM,RFK,54361,ABC,*,$MM2EXCHANGE,$MM2,850,$STRATEGY1,O,2,9,10,D,21/12/2003 6:00:00.0,1,1,0,00,0,-,-,-,$MM2,$MM2,C,FALSE,F,U,0,-,-,$SESSION1,2,$CLASS1PRODUCT1,$MM2EXCHANGE,$MM2EXECFIRM,C,C,$CLASS1PRODUCT2,$MM2EXCHANGE,$MM2EXECFIRM,C,C,TRUE,TRUE,Comment
PAUSE,1000
RFPQUERY,$MM1,$SESSION1,$STRATEGY1,$AUCTION126,D,850,1,0,00,TRUE,TRUE,Comment
STRATEGYORDER,$MM5,$MM5EXCHANGE,$MM5EXECFIRM,VPG,9185,ABC,*,$MM5EXCHANGE,$MM5,500,$STRATEGY1,O,2,9,10,D,21/12/2003 6:00:00.0,1,1,0,00,0,-,-,-,$MM5,$MM5,C,FALSE,Z,U,0,-,-,$SESSION1,2,$CLASS1PRODUCT1,$MM5EXCHANGE,$MM5EXECFIRM,C,C,$CLASS1PRODUCT2,$MM5EXCHANGE,$MM5EXECFIRM,C,C,TRUE,TRUE,This is the Strategy order: BA:250
PAUSE,1000
TOPOFBOOKVERIFICATION,$MM1,$SESSION1,$STRATEGY1,0,1,0,00,500,2,9,10,TRUE,TRUE,Comment
PAUSE,10000
ORDERFILLVERIFICATION,$MM2,$MM2EXCHANGE,$MM2EXECFIRM,RFK,5436,ABC,*,0,0,3,850,2,2,-9,10,TRUE,TRUE,Comment
ORDERFILLVERIFICATION,$MM2,$MM2EXCHANGE,$MM2EXECFIRM,RFK,54361,ABC,*,425,425,1,425,1,2,9,10,TRUE,TRUE,Comment
ORDERFILLVERIFICATION,$MM5,$MM5EXCHANGE,$MM5EXECFIRM,VPG,9185,ABC,*,75,75,1,425,1,2,9,10,TRUE,TRUE,Comment
ORDERCANCELVERIFICATION,$MM2,$MM2EXCHANGE,$MM2EXECFIRM,RFK,54361,ABC,*,$SESSION1,$STRATEGY1,3,425,TRUE,TRUE,Comment
TOPOFBOOKVERIFICATION,$MM1,$SESSION1,$STRATEGY1,0,1,0,00,75,2,9,10,TRUE,TRUE,Comment
ORDERCANCELBYIDNOWAIT,$MM5,$MM5EXCHANGE,$MM5EXECFIRM,VPG,9185,ABC,*,75,$SESSION1,1,TRUE,TRUE,Comment
ORDERCANCELVERIFICATION,$MM5,$MM5EXCHANGE,$MM5EXECFIRM,VPG,9185,ABC,*,$SESSION1,$STRATEGY1,2,75,TRUE,TRUE,Comment
PAUSE,1000
TOPOFBOOKVERIFICATION,$MM1,$SESSION1,$STRATEGY1,0,1,0,00,0,1,0,00,TRUE,TRUE,Comment
TOPOFBOOKVERIFICATION,$MM1,$SESSION1,$CLASS1PRODUCT1,100,2,10,00,100,2,10,20,TRUE,TRUE,Comment
TOPOFBOOKVERIFICATION,$MM1,$SESSION1,$CLASS1PRODUCT2,100,2,1,00,100,2,1,20,TRUE,TRUE,Comment
QUOTECANCEL,$MM1,$SESSION1,$CLASS1PRODUCT1,2,TRUE,TRUE,Comment
QUOTECANCELVERIFICATION,$MM1,$SESSION1,$CLASS1PRODUCT1,2,TRUE,TRUE,Comment
QUOTECANCEL,$MM1,$SESSION1,$CLASS1PRODUCT2,2,TRUE,TRUE,Comment
QUOTECANCELVERIFICATION,$MM1,$SESSION1,$CLASS1PRODUCT2,2,TRUE,TRUE,Comment

COMMENT, Test Case 7:SINGLE AUCTION RESPONSE (inbound QUOTE-LIKE COMPLEX ORDER with I origin) during an ongoing COMPLEX AIM
CLEARALLCALLBACKS,$MM1
PRODUCTSTATEQUERY,$SA1,$SESSION1,$CLASS1PRODUCT1,4,TRUE,TRUE,Comment
PRODUCTSTATEQUERY,$SA1,$SESSION1,$CLASS1PRODUCT2,4,TRUE,TRUE,Comment
TOPOFBOOKVERIFICATION,$MM1,$SESSION1,$CLASS1PRODUCT1,0,1,0,00,0,1,0,00,TRUE,TRUE,Comment
TOPOFBOOKVERIFICATION,$MM1,$SESSION1,$CLASS1PRODUCT2,0,1,0,00,0,1,0,00,TRUE,TRUE,Comment
QUOTE,$MM1,2,10,00,100,2,10,20,100,$CLASS1PRODUCT1,$SESSION1,User Assigned Id..,TRUE,TRUE,Comment
PAUSE,1000
CURRENTMARKETV4BESTMARKETQUERY,$MM1,CBOE2,$CLASS1PRODUCT1,100,2,10,00,100,2,10,20,TRUE,TRUE,Comment
QUOTE,$MM1,2,1,00,100,2,1,20,100,$CLASS1PRODUCT2,$SESSION1,User Assigned Id..,TRUE,TRUE,Comment
PAUSE,1000
CURRENTMARKETV4BESTMARKETQUERY,$MM1,CBOE2,$CLASS1PRODUCT2,100,2,1,00,100,2,1,20,TRUE,TRUE,Comment
SETPRODUCTSTATEBYPRODUCT,$SA1,$SESSION1,$STRATEGY1,$STRATEGYCLASS1,1,TRUE,TRUE,Comment
PRODUCTSTATEQUERY,$SA1,$SESSION1,$STRATEGY1,1,TRUE,TRUE,Comment
SETPRODUCTSTATEBYPRODUCT,$SA1,$SESSION1,$STRATEGY1,$STRATEGYCLASS1,2,TRUE,TRUE,Comment
PRODUCTSTATEQUERY,$SA1,$SESSION1,$STRATEGY1,2,TRUE,TRUE,Comment
SETPRODUCTSTATEBYPRODUCT,$SA1,$SESSION1,$STRATEGY1,$STRATEGYCLASS1,3,TRUE,TRUE,Comment
PRODUCTSTATEQUERY,$SA1,$SESSION1,$STRATEGY1,3,TRUE,TRUE,Comment
SETPRODUCTSTATEBYPRODUCT,$SA1,$SESSION1,$STRATEGY1,$STRATEGYCLASS1,4,TRUE,TRUE,Comment
PRODUCTSTATEQUERY,$SA1,$SESSION1,$STRATEGY1,4,TRUE,TRUE,Comment
PAUSE,1000
TOPOFBOOKVERIFICATION,$MM1,$SESSION1,$STRATEGY1,0,1,0,00,0,1,0,00,TRUE,TRUE,Comment
INTERNALIZEDSTRATEGYORDER,$MM2,3,$MM2EXCHANGE,$MM2EXECFIRM,DYS,6281,ABC,*,$MM2EXCHANGE,$MM2,850,$STRATEGY1,D,3,0,00,D,21/12/2003 6:00:00.0,1,1,0,00,0,-,-,-,$MM2,$MM2,C,FALSE,C,U,0,-,-,$SESSION1,$MM2EXCHANGE,$MM2EXECFIRM,DYS,62811,ABC,*,$MM2EXCHANGE,$MM2,850,$STRATEGY1,O,3,0,00,D,21/12/2003 6:00:00.0,1,1,0,00,0,-,-,-,$MM2,$MM2,C,FALSE,F,U,0,-,-,$SESSION1,2,$CLASS1PRODUCT1,$MM2EXCHANGE,$MM2EXECFIRM,C,C,$CLASS1PRODUCT2,$MM2EXCHANGE,$MM2EXECFIRM,C,C,TRUE,TRUE,Comment
PAUSE,1000
RFPQUERY,$MM1,$SESSION1,$STRATEGY1,$AUCTION126,D,850,1,0,00,TRUE,TRUE,Comment
STRATEGYORDER,$MM5,$MM5EXCHANGE,$MM5EXECFIRM,XYP,1951,ABC,*,$MM5EXCHANGE,$MM5,500,$STRATEGY1,O,2,9,19,D,21/12/2003 6:00:00.0,1,1,0,00,0,-,-,-,$MM5,$MM5,C,FALSE,I,U,0,-,-,$SESSION1,2,$CLASS1PRODUCT1,$MM5EXCHANGE,$MM5EXECFIRM,C,C,$CLASS1PRODUCT2,$MM5EXCHANGE,$MM5EXECFIRM,C,C,TRUE,TRUE,This is the Strategy order: BA:250
PAUSE,1000
TOPOFBOOKVERIFICATION,$MM1,$SESSION1,$STRATEGY1,0,1,0,00,500,2,9,19,TRUE,TRUE,Comment
PAUSE,10000
ORDERFILLVERIFICATION,$MM2,$MM2EXCHANGE,$MM2EXECFIRM,DYS,6281,ABC,*,0,0,3,850,2,2,-9,19,TRUE,TRUE,Comment
ORDERFILLVERIFICATION,$MM2,$MM2EXCHANGE,$MM2EXECFIRM,DYS,62811,ABC,*,425,425,1,425,1,2,9,19,TRUE,TRUE,Comment
ORDERFILLVERIFICATION,$MM5,$MM5EXCHANGE,$MM5EXECFIRM,XYP,1951,ABC,*,75,75,1,425,1,2,9,19,TRUE,TRUE,Comment
ORDERCANCELVERIFICATION,$MM2,$MM2EXCHANGE,$MM2EXECFIRM,DYS,62811,ABC,*,$SESSION1,$STRATEGY1,3,425,TRUE,TRUE,Comment
TOPOFBOOKVERIFICATION,$MM1,$SESSION1,$STRATEGY1,0,1,0,00,75,2,9,19,TRUE,TRUE,Comment
ORDERCANCELBYIDNOWAIT,$MM5,$MM5EXCHANGE,$MM5EXECFIRM,XYP,1951,ABC,*,75,$SESSION1,1,TRUE,TRUE,Comment
ORDERCANCELVERIFICATION,$MM5,$MM5EXCHANGE,$MM5EXECFIRM,XYP,1951,ABC,*,$SESSION1,$STRATEGY1,2,75,TRUE,TRUE,Comment
PAUSE,1000
TOPOFBOOKVERIFICATION,$MM1,$SESSION1,$STRATEGY1,0,1,0,00,0,1,0,00,TRUE,TRUE,Comment
TOPOFBOOKVERIFICATION,$MM1,$SESSION1,$CLASS1PRODUCT1,100,2,10,00,100,2,10,20,TRUE,TRUE,Comment
TOPOFBOOKVERIFICATION,$MM1,$SESSION1,$CLASS1PRODUCT2,100,2,1,00,100,2,1,20,TRUE,TRUE,Comment
QUOTECANCEL,$MM1,$SESSION1,$CLASS1PRODUCT1,2,TRUE,TRUE,Comment
QUOTECANCELVERIFICATION,$MM1,$SESSION1,$CLASS1PRODUCT1,2,TRUE,TRUE,Comment
QUOTECANCEL,$MM1,$SESSION1,$CLASS1PRODUCT2,2,TRUE,TRUE,Comment
QUOTECANCELVERIFICATION,$MM1,$SESSION1,$CLASS1PRODUCT2,2,TRUE,TRUE,Comment

COMMENT, Test Case 8:SINGLE AUCTION RESPONSE (inbound QUOTE-LIKE COMPLEX ORDER with J origin) during an ongoing COMPLEX AIM
CLEARALLCALLBACKS,$MM1
PRODUCTSTATEQUERY,$SA1,$SESSION1,$CLASS1PRODUCT1,4,TRUE,TRUE,Comment
PRODUCTSTATEQUERY,$SA1,$SESSION1,$CLASS1PRODUCT2,4,TRUE,TRUE,Comment
TOPOFBOOKVERIFICATION,$MM1,$SESSION1,$CLASS1PRODUCT1,0,1,0,00,0,1,0,00,TRUE,TRUE,Comment
TOPOFBOOKVERIFICATION,$MM1,$SESSION1,$CLASS1PRODUCT2,0,1,0,00,0,1,0,00,TRUE,TRUE,Comment
QUOTE,$MM1,2,10,00,100,2,10,20,100,$CLASS1PRODUCT1,$SESSION1,User Assigned Id..,TRUE,TRUE,Comment
PAUSE,1000
CURRENTMARKETV4BESTMARKETQUERY,$MM1,CBOE2,$CLASS1PRODUCT1,100,2,10,00,100,2,10,20,TRUE,TRUE,Comment
QUOTE,$MM1,2,1,00,100,2,1,20,100,$CLASS1PRODUCT2,$SESSION1,User Assigned Id..,TRUE,TRUE,Comment
PAUSE,1000
CURRENTMARKETV4BESTMARKETQUERY,$MM1,CBOE2,$CLASS1PRODUCT2,100,2,1,00,100,2,1,20,TRUE,TRUE,Comment
SETPRODUCTSTATEBYPRODUCT,$SA1,$SESSION1,$STRATEGY1,$STRATEGYCLASS1,1,TRUE,TRUE,Comment
PRODUCTSTATEQUERY,$SA1,$SESSION1,$STRATEGY1,1,TRUE,TRUE,Comment
SETPRODUCTSTATEBYPRODUCT,$SA1,$SESSION1,$STRATEGY1,$STRATEGYCLASS1,2,TRUE,TRUE,Comment
PRODUCTSTATEQUERY,$SA1,$SESSION1,$STRATEGY1,2,TRUE,TRUE,Comment
SETPRODUCTSTATEBYPRODUCT,$SA1,$SESSION1,$STRATEGY1,$STRATEGYCLASS1,3,TRUE,TRUE,Comment
PRODUCTSTATEQUERY,$SA1,$SESSION1,$STRATEGY1,3,TRUE,TRUE,Comment
SETPRODUCTSTATEBYPRODUCT,$SA1,$SESSION1,$STRATEGY1,$STRATEGYCLASS1,4,TRUE,TRUE,Comment
PRODUCTSTATEQUERY,$SA1,$SESSION1,$STRATEGY1,4,TRUE,TRUE,Comment
PAUSE,1000
TOPOFBOOKVERIFICATION,$MM1,$SESSION1,$STRATEGY1,0,1,0,00,0,1,0,00,TRUE,TRUE,Comment
INTERNALIZEDSTRATEGYORDER,$MM2,3,$MM2EXCHANGE,$MM2EXECFIRM,DVB,5973,ABC,*,$MM2EXCHANGE,$MM2,850,$STRATEGY1,D,3,0,00,D,21/12/2003 6:00:00.0,1,1,0,00,0,-,-,-,$MM2,$MM2,C,FALSE,C,U,0,-,-,$SESSION1,$MM2EXCHANGE,$MM2EXECFIRM,DVB,59731,ABC,*,$MM2EXCHANGE,$MM2,850,$STRATEGY1,O,3,0,00,D,21/12/2003 6:00:00.0,1,1,0,00,0,-,-,-,$MM2,$MM2,C,FALSE,F,U,0,-,-,$SESSION1,2,$CLASS1PRODUCT1,$MM2EXCHANGE,$MM2EXECFIRM,C,C,$CLASS1PRODUCT2,$MM2EXCHANGE,$MM2EXECFIRM,C,C,TRUE,TRUE,Comment
PAUSE,1000
RFPQUERY,$MM1,$SESSION1,$STRATEGY1,$AUCTION126,D,850,1,0,00,TRUE,TRUE,Comment
STRATEGYORDER,$MM5,$MM5EXCHANGE,$MM5EXECFIRM,JSE,5671,ABC,*,$MM5EXCHANGE,$MM5,500,$STRATEGY1,O,2,9,19,D,21/12/2003 6:00:00.0,1,1,0,00,0,-,-,-,$MM5,$MM5,C,FALSE,J,U,0,-,-,$SESSION1,2,$CLASS1PRODUCT1,$MM5EXCHANGE,$MM5EXECFIRM,C,C,$CLASS1PRODUCT2,$MM5EXCHANGE,$MM5EXECFIRM,C,C,TRUE,TRUE,This is the Strategy order: BA:250
PAUSE,1000
TOPOFBOOKVERIFICATION,$MM1,$SESSION1,$STRATEGY1,0,1,0,00,500,2,9,19,TRUE,TRUE,Comment
PAUSE,10000
ORDERFILLVERIFICATION,$MM2,$MM2EXCHANGE,$MM2EXECFIRM,DVB,5973,ABC,*,0,0,3,850,2,2,-9,19,TRUE,TRUE,Comment
ORDERFILLVERIFICATION,$MM2,$MM2EXCHANGE,$MM2EXECFIRM,DVB,59731,ABC,*,425,425,1,425,1,2,9,19,TRUE,TRUE,Comment
ORDERFILLVERIFICATION,$MM5,$MM5EXCHANGE,$MM5EXECFIRM,JSE,5671,ABC,*,75,75,1,425,1,2,9,19,TRUE,TRUE,Comment
ORDERCANCELVERIFICATION,$MM2,$MM2EXCHANGE,$MM2EXECFIRM,DVB,59731,ABC,*,$SESSION1,$STRATEGY1,3,425,TRUE,TRUE,Comment
TOPOFBOOKVERIFICATION,$MM1,$SESSION1,$STRATEGY1,0,1,0,00,75,2,9,19,TRUE,TRUE,Comment
ORDERCANCELBYIDNOWAIT,$MM5,$MM5EXCHANGE,$MM5EXECFIRM,JSE,5671,ABC,*,75,$SESSION1,1,TRUE,TRUE,Comment
ORDERCANCELVERIFICATION,$MM5,$MM5EXCHANGE,$MM5EXECFIRM,JSE,5671,ABC,*,$SESSION1,$STRATEGY1,2,75,TRUE,TRUE,Comment
PAUSE,1000
TOPOFBOOKVERIFICATION,$MM1,$SESSION1,$STRATEGY1,0,1,0,00,0,1,0,00,TRUE,TRUE,Comment
TOPOFBOOKVERIFICATION,$MM1,$SESSION1,$CLASS1PRODUCT1,100,2,10,00,100,2,10,20,TRUE,TRUE,Comment
TOPOFBOOKVERIFICATION,$MM1,$SESSION1,$CLASS1PRODUCT2,100,2,1,00,100,2,1,20,TRUE,TRUE,Comment
QUOTECANCEL,$MM1,$SESSION1,$CLASS1PRODUCT1,2,TRUE,TRUE,Comment
QUOTECANCELVERIFICATION,$MM1,$SESSION1,$CLASS1PRODUCT1,2,TRUE,TRUE,Comment
QUOTECANCEL,$MM1,$SESSION1,$CLASS1PRODUCT2,2,TRUE,TRUE,Comment
QUOTECANCELVERIFICATION,$MM1,$SESSION1,$CLASS1PRODUCT2,2,TRUE,TRUE,Comment

COMMENT, Test Case 9:SINGLE AUCTION RESPONSE (inbound QUOTE-LIKE COMPLEX ORDER with K origin) during an ongoing COMPLEX AIM
CLEARALLCALLBACKS,$MM1
PRODUCTSTATEQUERY,$SA1,$SESSION1,$CLASS1PRODUCT1,4,TRUE,TRUE,Comment
PRODUCTSTATEQUERY,$SA1,$SESSION1,$CLASS1PRODUCT2,4,TRUE,TRUE,Comment
TOPOFBOOKVERIFICATION,$MM1,$SESSION1,$CLASS1PRODUCT1,0,1,0,00,0,1,0,00,TRUE,TRUE,Comment
TOPOFBOOKVERIFICATION,$MM1,$SESSION1,$CLASS1PRODUCT2,0,1,0,00,0,1,0,00,TRUE,TRUE,Comment
QUOTE,$MM1,2,10,00,100,2,10,20,100,$CLASS1PRODUCT1,$SESSION1,User Assigned Id..,TRUE,TRUE,Comment
PAUSE,1000
CURRENTMARKETV4BESTMARKETQUERY,$MM1,CBOE2,$CLASS1PRODUCT1,100,2,10,00,100,2,10,20,TRUE,TRUE,Comment
QUOTE,$MM1,2,1,00,100,2,1,20,100,$CLASS1PRODUCT2,$SESSION1,User Assigned Id..,TRUE,TRUE,Comment
PAUSE,1000
CURRENTMARKETV4BESTMARKETQUERY,$MM1,CBOE2,$CLASS1PRODUCT2,100,2,1,00,100,2,1,20,TRUE,TRUE,Comment
SETPRODUCTSTATEBYPRODUCT,$SA1,$SESSION1,$STRATEGY1,$STRATEGYCLASS1,1,TRUE,TRUE,Comment
PRODUCTSTATEQUERY,$SA1,$SESSION1,$STRATEGY1,1,TRUE,TRUE,Comment
SETPRODUCTSTATEBYPRODUCT,$SA1,$SESSION1,$STRATEGY1,$STRATEGYCLASS1,2,TRUE,TRUE,Comment
PRODUCTSTATEQUERY,$SA1,$SESSION1,$STRATEGY1,2,TRUE,TRUE,Comment
SETPRODUCTSTATEBYPRODUCT,$SA1,$SESSION1,$STRATEGY1,$STRATEGYCLASS1,3,TRUE,TRUE,Comment
PRODUCTSTATEQUERY,$SA1,$SESSION1,$STRATEGY1,3,TRUE,TRUE,Comment
SETPRODUCTSTATEBYPRODUCT,$SA1,$SESSION1,$STRATEGY1,$STRATEGYCLASS1,4,TRUE,TRUE,Comment
PRODUCTSTATEQUERY,$SA1,$SESSION1,$STRATEGY1,4,TRUE,TRUE,Comment
PAUSE,1000
TOPOFBOOKVERIFICATION,$MM1,$SESSION1,$STRATEGY1,0,1,0,00,0,1,0,00,TRUE,TRUE,Comment
INTERNALIZEDSTRATEGYORDER,$MM2,3,$MM2EXCHANGE,$MM2EXECFIRM,QLV,9530,ABC,*,$MM2EXCHANGE,$MM2,850,$STRATEGY1,D,3,0,00,D,21/12/2003 6:00:00.0,1,1,0,00,0,-,-,-,$MM2,$MM2,C,FALSE,C,U,0,-,-,$SESSION1,$MM2EXCHANGE,$MM2EXECFIRM,QLV,95301,ABC,*,$MM2EXCHANGE,$MM2,850,$STRATEGY1,O,3,0,00,D,21/12/2003 6:00:00.0,1,1,0,00,0,-,-,-,$MM2,$MM2,C,FALSE,F,U,0,-,-,$SESSION1,2,$CLASS1PRODUCT1,$MM2EXCHANGE,$MM2EXECFIRM,C,C,$CLASS1PRODUCT2,$MM2EXCHANGE,$MM2EXECFIRM,C,C,TRUE,TRUE,Comment
PAUSE,1000
RFPQUERY,$MM1,$SESSION1,$STRATEGY1,$AUCTION126,D,850,1,0,00,TRUE,TRUE,Comment
STRATEGYORDER,$MM5,$MM5EXCHANGE,$MM5EXECFIRM,EOK,3297,ABC,*,$MM5EXCHANGE,$MM5,500,$STRATEGY1,O,2,9,19,D,21/12/2003 6:00:00.0,1,1,0,00,0,-,-,-,$MM5,$MM5,C,FALSE,K,U,0,-,-,$SESSION1,2,$CLASS1PRODUCT1,$MM5EXCHANGE,$MM5EXECFIRM,C,C,$CLASS1PRODUCT2,$MM5EXCHANGE,$MM5EXECFIRM,C,C,TRUE,TRUE,This is the Strategy order: BA:250
PAUSE,1000
TOPOFBOOKVERIFICATION,$MM1,$SESSION1,$STRATEGY1,0,1,0,00,500,2,9,19,TRUE,TRUE,Comment
PAUSE,10000
ORDERFILLVERIFICATION,$MM2,$MM2EXCHANGE,$MM2EXECFIRM,QLV,9530,ABC,*,0,0,3,850,2,2,-9,19,TRUE,TRUE,Comment
ORDERFILLVERIFICATION,$MM2,$MM2EXCHANGE,$MM2EXECFIRM,QLV,95301,ABC,*,425,425,1,425,1,2,9,19,TRUE,TRUE,Comment
ORDERFILLVERIFICATION,$MM5,$MM5EXCHANGE,$MM5EXECFIRM,EOK,3297,ABC,*,75,75,1,425,1,2,9,19,TRUE,TRUE,Comment
ORDERCANCELVERIFICATION,$MM2,$MM2EXCHANGE,$MM2EXECFIRM,QLV,95301,ABC,*,$SESSION1,$STRATEGY1,3,425,TRUE,TRUE,Comment
TOPOFBOOKVERIFICATION,$MM1,$SESSION1,$STRATEGY1,0,1,0,00,75,2,9,19,TRUE,TRUE,Comment
ORDERCANCELBYIDNOWAIT,$MM5,$MM5EXCHANGE,$MM5EXECFIRM,EOK,3297,ABC,*,75,$SESSION1,1,TRUE,TRUE,Comment
ORDERCANCELVERIFICATION,$MM5,$MM5EXCHANGE,$MM5EXECFIRM,EOK,3297,ABC,*,$SESSION1,$STRATEGY1,2,75,TRUE,TRUE,Comment
PAUSE,1000
TOPOFBOOKVERIFICATION,$MM1,$SESSION1,$STRATEGY1,0,1,0,00,0,1,0,00,TRUE,TRUE,Comment
TOPOFBOOKVERIFICATION,$MM1,$SESSION1,$CLASS1PRODUCT1,100,2,10,00,100,2,10,20,TRUE,TRUE,Comment
TOPOFBOOKVERIFICATION,$MM1,$SESSION1,$CLASS1PRODUCT2,100,2,1,00,100,2,1,20,TRUE,TRUE,Comment
QUOTECANCEL,$MM1,$SESSION1,$CLASS1PRODUCT1,2,TRUE,TRUE,Comment
QUOTECANCELVERIFICATION,$MM1,$SESSION1,$CLASS1PRODUCT1,2,TRUE,TRUE,Comment
QUOTECANCEL,$MM1,$SESSION1,$CLASS1PRODUCT2,2,TRUE,TRUE,Comment
QUOTECANCELVERIFICATION,$MM1,$SESSION1,$CLASS1PRODUCT2,2,TRUE,TRUE,Comment

COMMENT, Test Case 10:SINGLE AUCTION RESPONSE (inbound QUOTE-LIKE COMPLEX ORDER with U origin) during an ongoing COMPLEX AIM
CLEARALLCALLBACKS,$MM1
PRODUCTSTATEQUERY,$SA1,$SESSION1,$CLASS1PRODUCT1,4,TRUE,TRUE,Comment
PRODUCTSTATEQUERY,$SA1,$SESSION1,$CLASS1PRODUCT2,4,TRUE,TRUE,Comment
TOPOFBOOKVERIFICATION,$MM1,$SESSION1,$CLASS1PRODUCT1,0,1,0,00,0,1,0,00,TRUE,TRUE,Comment
TOPOFBOOKVERIFICATION,$MM1,$SESSION1,$CLASS1PRODUCT2,0,1,0,00,0,1,0,00,TRUE,TRUE,Comment
QUOTE,$MM1,2,10,00,100,2,10,20,100,$CLASS1PRODUCT1,$SESSION1,User Assigned Id..,TRUE,TRUE,Comment
PAUSE,1000
CURRENTMARKETV4BESTMARKETQUERY,$MM1,CBOE2,$CLASS1PRODUCT1,100,2,10,00,100,2,10,20,TRUE,TRUE,Comment
QUOTE,$MM1,2,1,00,100,2,1,20,100,$CLASS1PRODUCT2,$SESSION1,User Assigned Id..,TRUE,TRUE,Comment
PAUSE,1000
CURRENTMARKETV4BESTMARKETQUERY,$MM1,CBOE2,$CLASS1PRODUCT2,100,2,1,00,100,2,1,20,TRUE,TRUE,Comment
SETPRODUCTSTATEBYPRODUCT,$SA1,$SESSION1,$STRATEGY1,$STRATEGYCLASS1,1,TRUE,TRUE,Comment
PRODUCTSTATEQUERY,$SA1,$SESSION1,$STRATEGY1,1,TRUE,TRUE,Comment
SETPRODUCTSTATEBYPRODUCT,$SA1,$SESSION1,$STRATEGY1,$STRATEGYCLASS1,2,TRUE,TRUE,Comment
PRODUCTSTATEQUERY,$SA1,$SESSION1,$STRATEGY1,2,TRUE,TRUE,Comment
SETPRODUCTSTATEBYPRODUCT,$SA1,$SESSION1,$STRATEGY1,$STRATEGYCLASS1,3,TRUE,TRUE,Comment
PRODUCTSTATEQUERY,$SA1,$SESSION1,$STRATEGY1,3,TRUE,TRUE,Comment
SETPRODUCTSTATEBYPRODUCT,$SA1,$SESSION1,$STRATEGY1,$STRATEGYCLASS1,4,TRUE,TRUE,Comment
PRODUCTSTATEQUERY,$SA1,$SESSION1,$STRATEGY1,4,TRUE,TRUE,Comment
PAUSE,1000
TOPOFBOOKVERIFICATION,$MM1,$SESSION1,$STRATEGY1,0,1,0,00,0,1,0,00,TRUE,TRUE,Comment
INTERNALIZEDSTRATEGYORDER,$MM2,3,$MM2EXCHANGE,$MM2EXECFIRM,OFO,8707,ABC,*,$MM2EXCHANGE,$MM2,850,$STRATEGY1,D,3,0,00,D,21/12/2003 6:00:00.0,1,1,0,00,0,-,-,-,$MM2,$MM2,C,FALSE,C,U,0,-,-,$SESSION1,$MM2EXCHANGE,$MM2EXECFIRM,OFO,87071,ABC,*,$MM2EXCHANGE,$MM2,850,$STRATEGY1,O,3,0,00,D,21/12/2003 6:00:00.0,1,1,0,00,0,-,-,-,$MM2,$MM2,C,FALSE,F,U,0,-,-,$SESSION1,2,$CLASS1PRODUCT1,$MM2EXCHANGE,$MM2EXECFIRM,C,C,$CLASS1PRODUCT2,$MM2EXCHANGE,$MM2EXECFIRM,C,C,TRUE,TRUE,Comment
PAUSE,1000
RFPQUERY,$MM1,$SESSION1,$STRATEGY1,$AUCTION126,D,850,1,0,00,TRUE,TRUE,Comment
STRATEGYORDER,$MM5,$MM5EXCHANGE,$MM5EXECFIRM,RFJ,8856,ABC,*,$MM5EXCHANGE,$MM5,500,$STRATEGY1,O,2,9,19,D,21/12/2003 6:00:00.0,1,1,0,00,0,-,-,-,$MM5,$MM5,C,FALSE,U,U,0,-,-,$SESSION1,2,$CLASS1PRODUCT1,$MM5EXCHANGE,$MM5EXECFIRM,C,C,$CLASS1PRODUCT2,$MM5EXCHANGE,$MM5EXECFIRM,C,C,TRUE,TRUE,This is the Strategy order: BA:250
PAUSE,1000
TOPOFBOOKVERIFICATION,$MM1,$SESSION1,$STRATEGY1,0,1,0,00,500,2,9,19,TRUE,TRUE,Comment
PAUSE,10000
ORDERFILLVERIFICATION,$MM2,$MM2EXCHANGE,$MM2EXECFIRM,OFO,8707,ABC,*,0,0,3,850,2,2,-9,19,TRUE,TRUE,Comment
ORDERFILLVERIFICATION,$MM2,$MM2EXCHANGE,$MM2EXECFIRM,OFO,87071,ABC,*,425,425,1,425,1,2,9,19,TRUE,TRUE,Comment
ORDERFILLVERIFICATION,$MM5,$MM5EXCHANGE,$MM5EXECFIRM,RFJ,8856,ABC,*,75,75,1,425,1,2,9,19,TRUE,TRUE,Comment
ORDERCANCELVERIFICATION,$MM2,$MM2EXCHANGE,$MM2EXECFIRM,OFO,87071,ABC,*,$SESSION1,$STRATEGY1,3,425,TRUE,TRUE,Comment
TOPOFBOOKVERIFICATION,$MM1,$SESSION1,$STRATEGY1,0,1,0,00,75,2,9,19,TRUE,TRUE,Comment
ORDERCANCELBYIDNOWAIT,$MM5,$MM5EXCHANGE,$MM5EXECFIRM,RFJ,8856,ABC,*,75,$SESSION1,1,TRUE,TRUE,Comment
ORDERCANCELVERIFICATION,$MM5,$MM5EXCHANGE,$MM5EXECFIRM,RFJ,8856,ABC,*,$SESSION1,$STRATEGY1,2,75,TRUE,TRUE,Comment
PAUSE,1000
TOPOFBOOKVERIFICATION,$MM1,$SESSION1,$STRATEGY1,0,1,0,00,0,1,0,00,TRUE,TRUE,Comment
TOPOFBOOKVERIFICATION,$MM1,$SESSION1,$CLASS1PRODUCT1,100,2,10,00,100,2,10,20,TRUE,TRUE,Comment
TOPOFBOOKVERIFICATION,$MM1,$SESSION1,$CLASS1PRODUCT2,100,2,1,00,100,2,1,20,TRUE,TRUE,Comment
QUOTECANCEL,$MM1,$SESSION1,$CLASS1PRODUCT1,2,TRUE,TRUE,Comment
QUOTECANCELVERIFICATION,$MM1,$SESSION1,$CLASS1PRODUCT1,2,TRUE,TRUE,Comment
QUOTECANCEL,$MM1,$SESSION1,$CLASS1PRODUCT2,2,TRUE,TRUE,Comment
QUOTECANCELVERIFICATION,$MM1,$SESSION1,$CLASS1PRODUCT2,2,TRUE,TRUE,Comment

COMMENT, Test Case 11:SINGLE AUCTION RESPONSE (inbound QUOTE-LIKE COMPLEX ORDER with Z origin) during an ongoing COMPLEX AIM
CLEARALLCALLBACKS,$MM1
PRODUCTSTATEQUERY,$SA1,$SESSION1,$CLASS1PRODUCT1,4,TRUE,TRUE,Comment
PRODUCTSTATEQUERY,$SA1,$SESSION1,$CLASS1PRODUCT2,4,TRUE,TRUE,Comment
TOPOFBOOKVERIFICATION,$MM1,$SESSION1,$CLASS1PRODUCT1,0,1,0,00,0,1,0,00,TRUE,TRUE,Comment
TOPOFBOOKVERIFICATION,$MM1,$SESSION1,$CLASS1PRODUCT2,0,1,0,00,0,1,0,00,TRUE,TRUE,Comment
QUOTE,$MM1,2,10,00,100,2,10,20,100,$CLASS1PRODUCT1,$SESSION1,User Assigned Id..,TRUE,TRUE,Comment
PAUSE,1000
CURRENTMARKETV4BESTMARKETQUERY,$MM1,CBOE2,$CLASS1PRODUCT1,100,2,10,00,100,2,10,20,TRUE,TRUE,Comment
QUOTE,$MM1,2,1,00,100,2,1,20,100,$CLASS1PRODUCT2,$SESSION1,User Assigned Id..,TRUE,TRUE,Comment
PAUSE,1000
CURRENTMARKETV4BESTMARKETQUERY,$MM1,CBOE2,$CLASS1PRODUCT2,100,2,1,00,100,2,1,20,TRUE,TRUE,Comment
SETPRODUCTSTATEBYPRODUCT,$SA1,$SESSION1,$STRATEGY1,$STRATEGYCLASS1,1,TRUE,TRUE,Comment
PRODUCTSTATEQUERY,$SA1,$SESSION1,$STRATEGY1,1,TRUE,TRUE,Comment
SETPRODUCTSTATEBYPRODUCT,$SA1,$SESSION1,$STRATEGY1,$STRATEGYCLASS1,2,TRUE,TRUE,Comment
PRODUCTSTATEQUERY,$SA1,$SESSION1,$STRATEGY1,2,TRUE,TRUE,Comment
SETPRODUCTSTATEBYPRODUCT,$SA1,$SESSION1,$STRATEGY1,$STRATEGYCLASS1,3,TRUE,TRUE,Comment
PRODUCTSTATEQUERY,$SA1,$SESSION1,$STRATEGY1,3,TRUE,TRUE,Comment
SETPRODUCTSTATEBYPRODUCT,$SA1,$SESSION1,$STRATEGY1,$STRATEGYCLASS1,4,TRUE,TRUE,Comment
PRODUCTSTATEQUERY,$SA1,$SESSION1,$STRATEGY1,4,TRUE,TRUE,Comment
PAUSE,1000
TOPOFBOOKVERIFICATION,$MM1,$SESSION1,$STRATEGY1,0,1,0,00,0,1,0,00,TRUE,TRUE,Comment
INTERNALIZEDSTRATEGYORDER,$MM2,3,$MM2EXCHANGE,$MM2EXECFIRM,TSP,5921,ABC,*,$MM2EXCHANGE,$MM2,850,$STRATEGY1,D,3,0,00,D,21/12/2003 6:00:00.0,1,1,0,00,0,-,-,-,$MM2,$MM2,C,FALSE,C,U,0,-,-,$SESSION1,$MM2EXCHANGE,$MM2EXECFIRM,TSP,59211,ABC,*,$MM2EXCHANGE,$MM2,850,$STRATEGY1,O,3,0,00,D,21/12/2003 6:00:00.0,1,1,0,00,0,-,-,-,$MM2,$MM2,C,FALSE,F,U,0,-,-,$SESSION1,2,$CLASS1PRODUCT1,$MM2EXCHANGE,$MM2EXECFIRM,C,C,$CLASS1PRODUCT2,$MM2EXCHANGE,$MM2EXECFIRM,C,C,TRUE,TRUE,Comment
PAUSE,1000
RFPQUERY,$MM1,$SESSION1,$STRATEGY1,$AUCTION126,D,850,1,0,00,TRUE,TRUE,Comment
STRATEGYORDER,$MM5,$MM5EXCHANGE,$MM5EXECFIRM,HHW,5802,ABC,*,$MM5EXCHANGE,$MM5,500,$STRATEGY1,O,2,9,19,D,21/12/2003 6:00:00.0,1,1,0,00,0,-,-,-,$MM5,$MM5,C,FALSE,Z,U,0,-,-,$SESSION1,2,$CLASS1PRODUCT1,$MM5EXCHANGE,$MM5EXECFIRM,C,C,$CLASS1PRODUCT2,$MM5EXCHANGE,$MM5EXECFIRM,C,C,TRUE,TRUE,This is the Strategy order: BA:250
PAUSE,1000
TOPOFBOOKVERIFICATION,$MM1,$SESSION1,$STRATEGY1,0,1,0,00,500,2,9,19,TRUE,TRUE,Comment
PAUSE,10000
ORDERFILLVERIFICATION,$MM2,$MM2EXCHANGE,$MM2EXECFIRM,TSP,5921,ABC,*,0,0,3,850,2,2,-9,19,TRUE,TRUE,Comment
ORDERFILLVERIFICATION,$MM2,$MM2EXCHANGE,$MM2EXECFIRM,TSP,59211,ABC,*,425,425,1,425,1,2,9,19,TRUE,TRUE,Comment
ORDERFILLVERIFICATION,$MM5,$MM5EXCHANGE,$MM5EXECFIRM,HHW,5802,ABC,*,75,75,1,425,1,2,9,19,TRUE,TRUE,Comment
ORDERCANCELVERIFICATION,$MM2,$MM2EXCHANGE,$MM2EXECFIRM,TSP,59211,ABC,*,$SESSION1,$STRATEGY1,3,425,TRUE,TRUE,Comment
TOPOFBOOKVERIFICATION,$MM1,$SESSION1,$STRATEGY1,0,1,0,00,75,2,9,19,TRUE,TRUE,Comment
ORDERCANCELBYIDNOWAIT,$MM5,$MM5EXCHANGE,$MM5EXECFIRM,HHW,5802,ABC,*,75,$SESSION1,1,TRUE,TRUE,Comment
ORDERCANCELVERIFICATION,$MM5,$MM5EXCHANGE,$MM5EXECFIRM,HHW,5802,ABC,*,$SESSION1,$STRATEGY1,2,75,TRUE,TRUE,Comment
PAUSE,1000
TOPOFBOOKVERIFICATION,$MM1,$SESSION1,$STRATEGY1,0,1,0,00,0,1,0,00,TRUE,TRUE,Comment
TOPOFBOOKVERIFICATION,$MM1,$SESSION1,$CLASS1PRODUCT1,100,2,10,00,100,2,10,20,TRUE,TRUE,Comment
TOPOFBOOKVERIFICATION,$MM1,$SESSION1,$CLASS1PRODUCT2,100,2,1,00,100,2,1,20,TRUE,TRUE,Comment
QUOTECANCEL,$MM1,$SESSION1,$CLASS1PRODUCT1,2,TRUE,TRUE,Comment
QUOTECANCELVERIFICATION,$MM1,$SESSION1,$CLASS1PRODUCT1,2,TRUE,TRUE,Comment
QUOTECANCEL,$MM1,$SESSION1,$CLASS1PRODUCT2,2,TRUE,TRUE,Comment
QUOTECANCELVERIFICATION,$MM1,$SESSION1,$CLASS1PRODUCT2,2,TRUE,TRUE,Comment

COMMENT, Test Case:Cleaning Up Task
TRADERLOGOUT,$MM3,TRUE,TRUE,Comment
TRADERLOGOUT,$MM2,TRUE,TRUE,Comment
TRADERLOGOUT,$MM1,TRUE,TRUE,Comment
TRADERLOGOUT,$MM6,TRUE,TRUE,Comment
TRADERLOGOUT,$MM7,TRUE,TRUE,Comment
TRADERLOGOUT,$MM4,TRUE,TRUE,Comment
TRADERLOGOUT,$MM5,TRUE,TRUE,Comment

SALOGOUT,$SA1,TRUE,TRUE,Comment
ENDPOINT,
PRINTOUTPUTSUMMARY,