TESTSUITENAME,NON_BOB_Class:TB_BUTTON_for_CPS_PART_5 WR 6357 Test Plan
PRINTOUTPUTHEADING,
STARTPOINT,
SALOGIN,$SA1,$SA1,TRUE,TRUE,Comment


COMMENT, Test Cases:21

COMMENT, Test Environment Setup
SELECTCLASSESANDPRODUCTS,$SA1,$SESSION1,7,1,CLASS,1,PRODUCT,$HYBRIDCLASSLIST1,TRUE,TRUE,Comment
SELECTCLASSESANDPRODUCTS,$SA1,$SESSION4,3,1,CLASS1,1,PRODUCT,$W_STOCKCLASSLIST,TRUE,TRUE,Comment
VERIFYSESSIONSTATE,$SA1,$SESSION1,2,TRUE,TRUE,Comment
VERIFYSESSIONSTATE,$SA1,$SESSION4,2,TRUE,TRUE,Comment

COMMENT, User Setup
CREATEUSER,$SA1,$MM1,$MM1EXCHANGE,$MM1EXECFIRM,M,1,Automated API $MM1 User,FALSE,TRUE,TRUE,New User for Clearing Firm "671" and Exchange "CBOE" !
VERIFYUSEREXISTENCE,$SA1,$MM1EXCHANGE,$MM1,M,TRUE,TRUE,TRUE,Comment
TRADERLOGIN,$MM1,$MM1,$CASANDPORT,TRUE,TRUE,Comment

STRATEGYCREATE,$MM1,$SESSION1,$CLASS1,$STRATEGY1,2,$CLASS11PRODUCT1,100,B,$CLASS1PRODUCT1,1,S,TRUE,TRUE,Comment

COMMENT, Trading Property Setup
SETAUCTIONENABLED,$SA1,$SESSION1,$STRATEGYCLASS1,2:true,TRUE,TRUE,Comment
PAUSE,2000
VERIFYAUCTIONENABLED,$SA1,$SESSION1,$STRATEGYCLASS1,2:true,TRUE,TRUE,Comment
SETAUCTIONTIMETOLIVE,$SA1,$SESSION1,$STRATEGYCLASS1,2:3000-3000,TRUE,TRUE,Comment
PAUSE,2000
VERIFYAUCTIONTIMETOLIVE,$SA1,$SESSION1,$STRATEGYCLASS1,2:3000-3000,TRUE,TRUE,Comment
SETALLOWMARKETORDER,$SA1,$SESSION1,$STRATEGYCLASS1,TRUE,TRUE,TRUE,Comment
PAUSE,2000
VERIFYALLOWMARKETORDER,$SA1,$SESSION1,$STRATEGYCLASS1,TRUE,TRUE,TRUE,Comment
SETAUCTIONMINQUOTERS,$SA1,$SESSION1,$STRATEGYCLASS1,2:0,TRUE,TRUE,Comment
PAUSE,2000
VERIFYAUCTIONMINQUOTERS,$SA1,$SESSION1,$STRATEGYCLASS1,2:0,TRUE,TRUE,Comment
SETAUCTIONMINMAXORDERSIZE,$SA1,$SESSION1,$STRATEGYCLASS1,2:1-99999,TRUE,TRUE,Comment
PAUSE,2000
VERIFYAUCTIONMINMAXORDERSIZE,$SA1,$SESSION1,$STRATEGYCLASS1,2:1-99999,TRUE,TRUE,Comment
SETAUCTIONRECEIVERTYPES,$SA1,$SESSION1,$STRATEGYCLASS1,2:1,TRUE,TRUE,Comment
PAUSE,2000
VERIFYAUCTIONRECEIVERTYPES,$SA1,$SESSION1,$STRATEGYCLASS1,2:1,TRUE,TRUE,Comment
SETINDEXHYBRIDINDICATOR,$SA1,$SESSION1,$STRATEGYCLASS1,FALSE,TRUE,TRUE,Comment
PAUSE,2000
VERIFYINDEXHYBRIDINDICATOR,$SA1,$SESSION1,$STRATEGYCLASS1,FALSE,TRUE,TRUE,Comment
SETEXCHANGEPRESCRIBEDWIDTH,$SA1,$SESSION1,$STRATEGYCLASS1,0.0-999.0:999.0,TRUE,TRUE,Comment
PAUSE,2000
VERIFYEXCHANGEPRESCRIBEDWIDTH,$SA1,$SESSION1,$STRATEGYCLASS1,0.0-999.0:999.0,TRUE,TRUE,Comment
SETAUCTIONENABLED,$SA1,$SESSION1,$CLASS1,-8:false;5:false,TRUE,TRUE,Comment
PAUSE,2000
VERIFYAUCTIONENABLED,$SA1,$SESSION1,$CLASS1,-8:false;5:false,TRUE,TRUE,Comment
SETINDEXHYBRIDINDICATOR,$SA1,$SESSION1,$CLASS1,FALSE,TRUE,TRUE,Comment
PAUSE,2000
VERIFYINDEXHYBRIDINDICATOR,$SA1,$SESSION1,$CLASS1,FALSE,TRUE,TRUE,Comment
SETTICKSAWAYFORRECOA,$SA1,$SESSION1,$STRATEGYCLASS1,0,TRUE,TRUE,Comment
PAUSE,2000
VERIFYTICKSAWAYFORRECOA,$SA1,$SESSION1,$STRATEGYCLASS1,0,TRUE,TRUE,Comment
SETNUMBEROFATTEMPTSFORRECOA,$SA1,$SESSION1,$STRATEGYCLASS1,0,TRUE,TRUE,Comment
PAUSE,2000
VERIFYNUMBEROFATTEMPTSFORRECOA,$SA1,$SESSION1,$STRATEGYCLASS1,0,TRUE,TRUE,Comment
SETENABLECPSBOOKING,$SA1,$SESSION1,$STRATEGYCLASS1,TRUE,TRUE,TRUE,Comment
PAUSE,2000
VERIFYENABLECPSBOOKING,$SA1,$SESSION1,$STRATEGYCLASS1,TRUE,TRUE,TRUE,Comment

COMMENT, Routing Property Setup
SETFIRMVOLUMELIMIT,$SA1,$SESSION1,$MM1EXCHANGE,$MM1EXECFIRM,$CLASS1,500000,TRUE,TRUE,Comment
PAUSE,2000
VERIFYFIRMVOLUMELIMIT,$SA1,$SESSION1,$MM1EXCHANGE,$MM1EXECFIRM,$CLASS1,500000,TRUE,TRUE,Comment
SETFIRMVOLUMELIMIT,$SA1,$SESSION1,$MM1EXCHANGE,$MM1EXECFIRM,$STRATEGYCLASS1,500000,TRUE,TRUE,Comment
PAUSE,2000
VERIFYFIRMVOLUMELIMIT,$SA1,$SESSION1,$MM1EXCHANGE,$MM1EXECFIRM,$STRATEGYCLASS1,500000,TRUE,TRUE,Comment
SETHELPDESKDEFAULTDESTINATION,$SA1,$SESSION1,$MM1EXCHANGE,$MM1EXECFIRM,$CLASS1,$HOMT1,TRUE,TRUE,Comment
PAUSE,2000
VERIFYHELPDESKDEFAULTDESTINATION,$SA1,$SESSION1,$MM1EXCHANGE,$MM1EXECFIRM,$CLASS1,$HOMT1:7,TRUE,TRUE,Comment
SETHELPDESKDEFAULTDESTINATION,$SA1,$SESSION1,$MM1EXCHANGE,$MM1EXECFIRM,$STRATEGYCLASS1,$HOMT1,TRUE,TRUE,Comment
PAUSE,2000
VERIFYHELPDESKDEFAULTDESTINATION,$SA1,$SESSION1,$MM1EXCHANGE,$MM1EXECFIRM,$STRATEGYCLASS1,$HOMT1:7,TRUE,TRUE,Comment
SETVOLUMEDEVIATION,$SA1,$SESSION1,$MM1EXCHANGE,$MM1EXECFIRM,$CLASS1,*,1,500000,All,$TE,SIMPLE,TRUE,TRUE,Comment
PAUSE,2000
VERIFYVOLUMEDEVIATION,$SA1,$SESSION1,$MM1EXCHANGE,$MM1EXECFIRM,$CLASS1,*,1,500000,All,$TE,SIMPLE,TRUE,TRUE,Comment
SETVOLUMEDEVIATION,$SA1,$SESSION1,$MM1EXCHANGE,$MM1EXECFIRM,$STRATEGYCLASS1,*,1,500000,All,$TE,COMPLEX,TRUE,TRUE,Comment
PAUSE,2000
VERIFYVOLUMEDEVIATION,$SA1,$SESSION1,$MM1EXCHANGE,$MM1EXECFIRM,$STRATEGYCLASS1,*,1,500000,All,$TE,COMPLEX,TRUE,TRUE,Comment
SETCOAELIGIBLE,$SA1,$SESSION1,$MM1EXCHANGE,$MM1EXECFIRM,$STRATEGYCLASS1,*,1,TRUE,TRUE,Comment
PAUSE,2000
VERIFYCOAELIGIBLE,$SA1,$SESSION1,$MM1EXCHANGE,$MM1EXECFIRM,$STRATEGYCLASS1,*,1,TRUE,TRUE,Comment

SETALLELECTRONICTRADINGCLASS,$SA1,$SESSION1,$CLASS1,FALSE,TRUE,TRUE,Comment
PAUSE,2000
VERIFYALLELECTRONICTRADINGCLASS,$SA1,$SESSION1,$CLASS1,FALSE,TRUE,TRUE,Comment
SETALLELECTRONICTRADINGCLASS,$SA1,$SESSION1,$STRATEGYCLASS1,FALSE,TRUE,TRUE,Comment
PAUSE,2000
VERIFYALLELECTRONICTRADINGCLASS,$SA1,$SESSION1,$STRATEGYCLASS1,FALSE,TRUE,TRUE,Comment
SETVOLUMEDEVIATION,$SA1,$SESSION1,$MM1EXCHANGE,$MM1EXECFIRM,$STRATEGYCLASS1,*,1,500000,All,$TE,DN,TRUE,TRUE,Comment
PAUSE,2000
VERIFYVOLUMEDEVIATION,$SA1,$SESSION1,$MM1EXCHANGE,$MM1EXECFIRM,$STRATEGYCLASS1,*,1,500000,All,$TE,DN,TRUE,TRUE,Comment
SETENABLECPSORDERBOOKING,$SA1,$SESSION1,$STRATEGYCLASS1,TRUE,TRUE,TRUE,Comment
PAUSE,2000
VERIFYENABLECPSORDERBOOKING,$SA1,$SESSION1,$STRATEGYCLASS1,TRUE,TRUE,TRUE,Comment

COMMENT, Pre-Test Settings
SUBSCRIBECURRENTMARKET,$MM1,$SESSION1,$CLASS1,$CLASS1PRODUCT1,TRUE,TRUE,Comment
SUBSCRIBEAUCTION,$MM1,$SESSION1,$STRATEGYCLASS1,2,TRUE,TRUE,Comment
SUBSCRIBERECAP,$MM1,$SESSION1,$STRATEGY1,TRUE,TRUE,Comment
SUBSCRIBECURRENTMARKETV3,$MM1,$SESSION4,$CLASS11,$CLASS11PRODUCT1,0,TRUE,TRUE,Comment

COMMENT, Test Case 1:SETTING THE PRODUCT STATE. SETTING NBBO and BOTR
CLEARALLCALLBACKS,$MM1
SETPRODUCTSTATEBYPRODUCT,$SA1,$SESSION4,$CLASS11PRODUCT1,$CLASS11,1,TRUE,TRUE,Comment
PRODUCTSTATEQUERY,$SA1,$SESSION4,$CLASS11PRODUCT1,1,TRUE,TRUE,Comment
SETPRODUCTSTATEBYPRODUCT,$SA1,$SESSION1,$CLASS1PRODUCT1,$CLASS1,1,TRUE,TRUE,Comment
PRODUCTSTATEQUERY,$SA1,$SESSION1,$CLASS1PRODUCT1,1,TRUE,TRUE,Comment
SETPRODUCTSTATEBYPRODUCT,$SA1,$SESSION4,$CLASS11PRODUCT1,$CLASS11,2,TRUE,TRUE,Comment
PRODUCTSTATEQUERY,$SA1,$SESSION4,$CLASS11PRODUCT1,2,TRUE,TRUE,Comment
SETPRODUCTSTATEBYPRODUCT,$SA1,$SESSION1,$CLASS1PRODUCT1,$CLASS1,2,TRUE,TRUE,Comment
PRODUCTSTATEQUERY,$SA1,$SESSION1,$CLASS1PRODUCT1,2,TRUE,TRUE,Comment
SETPRODUCTSTATEBYPRODUCT,$SA1,$SESSION4,$CLASS11PRODUCT1,$CLASS11,3,TRUE,TRUE,Comment
PRODUCTSTATEQUERY,$SA1,$SESSION4,$CLASS11PRODUCT1,3,TRUE,TRUE,Comment
SETPRODUCTSTATEBYPRODUCT,$SA1,$SESSION1,$CLASS1PRODUCT1,$CLASS1,3,TRUE,TRUE,Comment
PRODUCTSTATEQUERY,$SA1,$SESSION1,$CLASS1PRODUCT1,3,TRUE,TRUE,Comment
SETPRODUCTSTATEBYPRODUCT,$SA1,$SESSION4,$CLASS11PRODUCT1,$CLASS11,4,TRUE,TRUE,Comment
PRODUCTSTATEQUERY,$SA1,$SESSION4,$CLASS11PRODUCT1,4,TRUE,TRUE,Comment
SETPRODUCTSTATEBYPRODUCT,$SA1,$SESSION1,$CLASS1PRODUCT1,$CLASS1,4,TRUE,TRUE,Comment
PRODUCTSTATEQUERY,$SA1,$SESSION1,$CLASS1PRODUCT1,4,TRUE,TRUE,Comment
PARLOGIN,$PAR1,$PAR_PWD1,$WORKSTATION1,$PARCONN1,TRUE,TRUE,Comment

UPDATENBBO,$SA1,$SESSION4,$CLASS11,$CLASS11PRODUCT1,9.90,NYSE:100,10.30,NYSE:100,TRUE,TRUE,Comment
UPDATEALLEXCHANGESBBOWITHNEWFORMAT,$SA1,$SESSION1,$CLASS1,$CLASS1PRODUCT1,NYSE:B:0.90:100:BOTR:N:A:1.30:100:BOTR:N,TRUE,TRUE,Comment
TOPOFBOOKVERIFICATION,$MM1,$SESSION4,$CLASS11PRODUCT1,0,2,0,00,0,2,0,00,TRUE,TRUE,Comment
TOPOFBOOKVERIFICATION,$MM1,$SESSION1,$CLASS1PRODUCT1,0,2,0,00,0,2,0,00,TRUE,TRUE,Comment
SETPRODUCTSTATEBYPRODUCT,$SA1,$SESSION1,$STRATEGY1,$STRATEGYCLASS1,1,TRUE,TRUE,Comment
PRODUCTSTATEQUERY,$SA1,$SESSION1,$STRATEGY1,1,TRUE,TRUE,Comment
SETPRODUCTSTATEBYPRODUCT,$SA1,$SESSION1,$STRATEGY1,$STRATEGYCLASS1,2,TRUE,TRUE,Comment
PRODUCTSTATEQUERY,$SA1,$SESSION1,$STRATEGY1,2,TRUE,TRUE,Comment
SETPRODUCTSTATEBYPRODUCT,$SA1,$SESSION1,$STRATEGY1,$STRATEGYCLASS1,3,TRUE,TRUE,Comment
PRODUCTSTATEQUERY,$SA1,$SESSION1,$STRATEGY1,3,TRUE,TRUE,Comment
SETPRODUCTSTATEBYPRODUCT,$SA1,$SESSION1,$STRATEGY1,$STRATEGYCLASS1,4,TRUE,TRUE,Comment
PRODUCTSTATEQUERY,$SA1,$SESSION1,$STRATEGY1,4,TRUE,TRUE,Comment
PAUSE,1000
TOPOFBOOKVERIFICATION,$MM1,$SESSION1,$STRATEGY1,0,2,0,00,0,2,0,00,TRUE,TRUE,Comment

COMMENT, Test Case 2:CONDITION:CPS Order at PAR at OPPOSITE side and CBOE CROSS PRODUCT BOOK is EMPTY
CLEARALLCALLBACKS,$MM1
SETPRODUCTSTATEBYPRODUCT,$SA1,$SESSION4,$CLASS11PRODUCT1,$CLASS11,1,TRUE,TRUE,Comment
PRODUCTSTATEQUERY,$SA1,$SESSION4,$CLASS11PRODUCT1,1,TRUE,TRUE,Comment
SETPRODUCTSTATEBYPRODUCT,$SA1,$SESSION1,$CLASS1PRODUCT1,$CLASS1,1,TRUE,TRUE,Comment
PRODUCTSTATEQUERY,$SA1,$SESSION1,$CLASS1PRODUCT1,1,TRUE,TRUE,Comment
SETPRODUCTSTATEBYPRODUCT,$SA1,$SESSION4,$CLASS11PRODUCT1,$CLASS11,2,TRUE,TRUE,Comment
PRODUCTSTATEQUERY,$SA1,$SESSION4,$CLASS11PRODUCT1,2,TRUE,TRUE,Comment
SETPRODUCTSTATEBYPRODUCT,$SA1,$SESSION1,$CLASS1PRODUCT1,$CLASS1,2,TRUE,TRUE,Comment
PRODUCTSTATEQUERY,$SA1,$SESSION1,$CLASS1PRODUCT1,2,TRUE,TRUE,Comment
SETPRODUCTSTATEBYPRODUCT,$SA1,$SESSION4,$CLASS11PRODUCT1,$CLASS11,3,TRUE,TRUE,Comment
PRODUCTSTATEQUERY,$SA1,$SESSION4,$CLASS11PRODUCT1,3,TRUE,TRUE,Comment
SETPRODUCTSTATEBYPRODUCT,$SA1,$SESSION1,$CLASS1PRODUCT1,$CLASS1,3,TRUE,TRUE,Comment
PRODUCTSTATEQUERY,$SA1,$SESSION1,$CLASS1PRODUCT1,3,TRUE,TRUE,Comment
SETPRODUCTSTATEBYPRODUCT,$SA1,$SESSION4,$CLASS11PRODUCT1,$CLASS11,4,TRUE,TRUE,Comment
PRODUCTSTATEQUERY,$SA1,$SESSION4,$CLASS11PRODUCT1,4,TRUE,TRUE,Comment
SETPRODUCTSTATEBYPRODUCT,$SA1,$SESSION1,$CLASS1PRODUCT1,$CLASS1,4,TRUE,TRUE,Comment
PRODUCTSTATEQUERY,$SA1,$SESSION1,$CLASS1PRODUCT1,4,TRUE,TRUE,Comment
TOPOFBOOKVERIFICATION,$MM1,$SESSION4,$CLASS11PRODUCT1,0,2,0,00,0,2,0,00,TRUE,TRUE,Comment
TOPOFBOOKVERIFICATION,$MM1,$SESSION1,$CLASS1PRODUCT1,0,2,0,00,0,2,0,00,TRUE,TRUE,Comment
QUOTE,$MM1,2,10,00,10000,2,10,20,10000,$CLASS11PRODUCT1,$SESSION4,User Assigned Id..,TRUE,TRUE,Comment
PAUSE,1000
CURRENTMARKETV3BESTMARKETQUERY,$MM1,$SESSION4,$CLASS11PRODUCT1,10000,2,10,00,10000,2,10,20,TRUE,TRUE,Comment
QUOTE,$MM1,2,1,00,100,2,1,20,100,$CLASS1PRODUCT1,$SESSION1,User Assigned Id..,TRUE,TRUE,Comment
PAUSE,1000
CURRENTMARKETV4BESTMARKETQUERY,$MM1,CBOE,$CLASS1PRODUCT1,100,2,1,00,100,2,1,20,TRUE,TRUE,Comment
SETPRODUCTSTATEBYPRODUCT,$SA1,$SESSION1,$STRATEGY1,$STRATEGYCLASS1,1,TRUE,TRUE,Comment
PRODUCTSTATEQUERY,$SA1,$SESSION1,$STRATEGY1,1,TRUE,TRUE,Comment
SETPRODUCTSTATEBYPRODUCT,$SA1,$SESSION1,$STRATEGY1,$STRATEGYCLASS1,2,TRUE,TRUE,Comment
PRODUCTSTATEQUERY,$SA1,$SESSION1,$STRATEGY1,2,TRUE,TRUE,Comment
SETPRODUCTSTATEBYPRODUCT,$SA1,$SESSION1,$STRATEGY1,$STRATEGYCLASS1,3,TRUE,TRUE,Comment
PRODUCTSTATEQUERY,$SA1,$SESSION1,$STRATEGY1,3,TRUE,TRUE,Comment
SETPRODUCTSTATEBYPRODUCT,$SA1,$SESSION1,$STRATEGY1,$STRATEGYCLASS1,4,TRUE,TRUE,Comment
PRODUCTSTATEQUERY,$SA1,$SESSION1,$STRATEGY1,4,TRUE,TRUE,Comment
PAUSE,1000
TOPOFBOOKVERIFICATION,$MM1,$SESSION1,$STRATEGY1,0,2,0,00,0,2,0,00,TRUE,TRUE,Comment
STRATEGYORDER,$MM1,$MM1EXCHANGE,$MM1EXECFIRM,AJC,705,ABC,*,$MM1EXCHANGE,$MM1,100,$STRATEGY1,O,2,8,70,D,21/12/2003 6:00:00.0,1,2,0,00,0,-,-,BARTID=$WORKSTATION1,$MM1,$MM1,C,FALSE,BD,U,0,-,-,$SESSION1,2,$CLASS11PRODUCT1,$MM1EXCHANGE,$MM1EXECFIRM,C,C,$CLASS1PRODUCT1,$MM1EXCHANGE,$MM1EXECFIRM,C,C,TRUE,TRUE,This is the Strategy order: BA:253
PAUSE,10000
VERIFYCOMPLEXPARORDER,$PAR1,$MM1,$MM1EXECFIRM,ABC,AJC,705,*,8.70,C,1,2,Y,Y,N,Y,-,0.00,0.00,10000,S,0,0,100,10000,1.00,1.20,100,B,100,100,1,100,TRUE,TRUE,Comment
PARCOMPLEXORDERTRADEWITHBOOKREQ,$PAR1,$MM1,$MM1EXECFIRM,ABC,AJC,705,*,*,C,8.70,2,10000,100,Y,TRUE,TRUE,Comment
PAUSE,5000
TOPOFBOOKVERIFICATION,$MM1,$SESSION4,$CLASS11PRODUCT1,10000,2,10,00,10000,2,10,20,TRUE,TRUE,Comment
CURRENTMARKETV4BESTMARKETQUERY,$MM1,CBOE,$CLASS1PRODUCT1,100,2,1,00,100,2,1,20,TRUE,TRUE,Comment
VERIFYCOMPLEXPARORDER,$PAR1,$MM1,$MM1EXECFIRM,ABC,AJC,705,*,8.70,C,1,2,Y,Y,N,Y,-,0.00,0.00,10000,S,0,0,100,10000,1.00,1.20,100,B,100,100,1,100,TRUE,TRUE,Comment
QUOTECANCEL,$MM1,$SESSION4,$CLASS11PRODUCT1,2,TRUE,TRUE,Comment
QUOTECANCELVERIFICATION,$MM1,$SESSION4,$CLASS11PRODUCT1,2,TRUE,TRUE,Comment
QUOTECANCEL,$MM1,$SESSION1,$CLASS1PRODUCT1,2,TRUE,TRUE,Comment
QUOTECANCELVERIFICATION,$MM1,$SESSION1,$CLASS1PRODUCT1,2,TRUE,TRUE,Comment
CANCELALLPARORDERS,$PAR1,$MM1,TRUE,TRUE,Comment
CLEARALLPARCALLBACKS,$PAR1
VERIFYCOMPLEXPARORDER,$PAR1,$MM1,$MM1EXECFIRM,ABC,AJC,705,*,8.70,C,1,2,Y,Y,N,Y,-,0.00,0.00,10000,S,0,0,100,10000,0.00,0.00,100,B,0,0,1,100,FALSE,TRUE,Comment

COMMENT, Test Case 3:CONDITION:CPS Order at PAR at DEFINED side and CBOE CROSS PRODUCT BOOK is EMPTY
CLEARALLCALLBACKS,$MM1
PRODUCTSTATEQUERY,$SA1,$SESSION4,$CLASS11PRODUCT1,4,TRUE,TRUE,Comment
PRODUCTSTATEQUERY,$SA1,$SESSION1,$CLASS1PRODUCT1,4,TRUE,TRUE,Comment
TOPOFBOOKVERIFICATION,$MM1,$SESSION4,$CLASS11PRODUCT1,0,2,0,00,0,2,0,00,TRUE,TRUE,Comment
TOPOFBOOKVERIFICATION,$MM1,$SESSION1,$CLASS1PRODUCT1,0,2,0,00,0,2,0,00,TRUE,TRUE,Comment
QUOTE,$MM1,2,10,00,10000,2,10,20,10000,$CLASS11PRODUCT1,$SESSION4,User Assigned Id..,TRUE,TRUE,Comment
PAUSE,1000
CURRENTMARKETV3BESTMARKETQUERY,$MM1,$SESSION4,$CLASS11PRODUCT1,10000,2,10,00,10000,2,10,20,TRUE,TRUE,Comment
QUOTE,$MM1,2,1,00,100,2,1,20,100,$CLASS1PRODUCT1,$SESSION1,User Assigned Id..,TRUE,TRUE,Comment
PAUSE,1000
CURRENTMARKETV4BESTMARKETQUERY,$MM1,CBOE,$CLASS1PRODUCT1,100,2,1,00,100,2,1,20,TRUE,TRUE,Comment
SETPRODUCTSTATEBYPRODUCT,$SA1,$SESSION1,$STRATEGY1,$STRATEGYCLASS1,1,TRUE,TRUE,Comment
PRODUCTSTATEQUERY,$SA1,$SESSION1,$STRATEGY1,1,TRUE,TRUE,Comment
SETPRODUCTSTATEBYPRODUCT,$SA1,$SESSION1,$STRATEGY1,$STRATEGYCLASS1,2,TRUE,TRUE,Comment
PRODUCTSTATEQUERY,$SA1,$SESSION1,$STRATEGY1,2,TRUE,TRUE,Comment
SETPRODUCTSTATEBYPRODUCT,$SA1,$SESSION1,$STRATEGY1,$STRATEGYCLASS1,3,TRUE,TRUE,Comment
PRODUCTSTATEQUERY,$SA1,$SESSION1,$STRATEGY1,3,TRUE,TRUE,Comment
SETPRODUCTSTATEBYPRODUCT,$SA1,$SESSION1,$STRATEGY1,$STRATEGYCLASS1,4,TRUE,TRUE,Comment
PRODUCTSTATEQUERY,$SA1,$SESSION1,$STRATEGY1,4,TRUE,TRUE,Comment
PAUSE,1000
TOPOFBOOKVERIFICATION,$MM1,$SESSION1,$STRATEGY1,0,2,0,00,0,2,0,00,TRUE,TRUE,Comment
STRATEGYORDER,$MM1,$MM1EXCHANGE,$MM1EXECFIRM,RIL,283,ABC,*,$MM1EXCHANGE,$MM1,100,$STRATEGY1,D,2,-9,18,D,21/12/2003 6:00:00.0,1,2,0,00,0,-,-,BARTID=$WORKSTATION1,$MM1,$MM1,C,FALSE,BD,U,0,-,-,$SESSION1,2,$CLASS11PRODUCT1,$MM1EXCHANGE,$MM1EXECFIRM,C,C,$CLASS1PRODUCT1,$MM1EXCHANGE,$MM1EXECFIRM,C,C,TRUE,TRUE,This is the Strategy order: BA:253
PAUSE,10000
VERIFYCOMPLEXPARORDER,$PAR1,$MM1,$MM1EXECFIRM,ABC,RIL,283,*,9.18,D,1,2,Y,Y,N,Y,-,0.00,0.00,10000,B,0,0,100,10000,1.00,1.20,100,S,100,100,1,100,TRUE,TRUE,Comment
PARCOMPLEXORDERTRADEWITHBOOKREQ,$PAR1,$MM1,$MM1EXECFIRM,ABC,RIL,283,*,*,C,9.18,2,10000,100,Y,TRUE,TRUE,Comment
PAUSE,5000
TOPOFBOOKVERIFICATION,$MM1,$SESSION4,$CLASS11PRODUCT1,10000,2,10,00,10000,2,10,20,TRUE,TRUE,Comment
CURRENTMARKETV4BESTMARKETQUERY,$MM1,CBOE,$CLASS1PRODUCT1,100,2,1,00,100,2,1,20,TRUE,TRUE,Comment
VERIFYCOMPLEXPARORDER,$PAR1,$MM1,$MM1EXECFIRM,ABC,RIL,283,*,9.18,D,1,2,Y,Y,N,Y,-,0.00,0.00,10000,B,0,0,100,10000,1.00,1.20,100,S,100,100,1,100,TRUE,TRUE,Comment
QUOTECANCEL,$MM1,$SESSION4,$CLASS11PRODUCT1,2,TRUE,TRUE,Comment
QUOTECANCELVERIFICATION,$MM1,$SESSION4,$CLASS11PRODUCT1,2,TRUE,TRUE,Comment
QUOTECANCEL,$MM1,$SESSION1,$CLASS1PRODUCT1,2,TRUE,TRUE,Comment
QUOTECANCELVERIFICATION,$MM1,$SESSION1,$CLASS1PRODUCT1,2,TRUE,TRUE,Comment
CANCELALLPARORDERS,$PAR1,$MM1,TRUE,TRUE,Comment
CLEARALLPARCALLBACKS,$PAR1
VERIFYCOMPLEXPARORDER,$PAR1,$MM1,$MM1EXECFIRM,ABC,RIL,283,*,9.18,D,1,2,Y,Y,N,Y,-,0.00,0.00,10000,B,0,0,100,10000,0.00,0.00,100,S,0,0,1,100,FALSE,TRUE,Comment

COMMENT, Test Case 4:CONDITION:Resting CPS Order (with PROFESSIONAL origin) at the TSB in CROSS PRODUCT BOOK and CPS Order at PAR is NOT activated
CLEARALLCALLBACKS,$MM1
PRODUCTSTATEQUERY,$SA1,$SESSION4,$CLASS11PRODUCT1,4,TRUE,TRUE,Comment
PRODUCTSTATEQUERY,$SA1,$SESSION1,$CLASS1PRODUCT1,4,TRUE,TRUE,Comment
TOPOFBOOKVERIFICATION,$MM1,$SESSION4,$CLASS11PRODUCT1,0,2,0,00,0,2,0,00,TRUE,TRUE,Comment
TOPOFBOOKVERIFICATION,$MM1,$SESSION1,$CLASS1PRODUCT1,0,2,0,00,0,2,0,00,TRUE,TRUE,Comment
QUOTE,$MM1,2,10,00,10000,2,10,20,10000,$CLASS11PRODUCT1,$SESSION4,User Assigned Id..,TRUE,TRUE,Comment
PAUSE,1000
CURRENTMARKETV3BESTMARKETQUERY,$MM1,$SESSION4,$CLASS11PRODUCT1,10000,2,10,00,10000,2,10,20,TRUE,TRUE,Comment
QUOTE,$MM1,2,1,00,100,2,1,20,100,$CLASS1PRODUCT1,$SESSION1,User Assigned Id..,TRUE,TRUE,Comment
PAUSE,1000
CURRENTMARKETV4BESTMARKETQUERY,$MM1,CBOE,$CLASS1PRODUCT1,100,2,1,00,100,2,1,20,TRUE,TRUE,Comment
SETPRODUCTSTATEBYPRODUCT,$SA1,$SESSION1,$STRATEGY1,$STRATEGYCLASS1,1,TRUE,TRUE,Comment
PRODUCTSTATEQUERY,$SA1,$SESSION1,$STRATEGY1,1,TRUE,TRUE,Comment
SETPRODUCTSTATEBYPRODUCT,$SA1,$SESSION1,$STRATEGY1,$STRATEGYCLASS1,2,TRUE,TRUE,Comment
PRODUCTSTATEQUERY,$SA1,$SESSION1,$STRATEGY1,2,TRUE,TRUE,Comment
SETPRODUCTSTATEBYPRODUCT,$SA1,$SESSION1,$STRATEGY1,$STRATEGYCLASS1,3,TRUE,TRUE,Comment
PRODUCTSTATEQUERY,$SA1,$SESSION1,$STRATEGY1,3,TRUE,TRUE,Comment
SETPRODUCTSTATEBYPRODUCT,$SA1,$SESSION1,$STRATEGY1,$STRATEGYCLASS1,4,TRUE,TRUE,Comment
PRODUCTSTATEQUERY,$SA1,$SESSION1,$STRATEGY1,4,TRUE,TRUE,Comment
PAUSE,1000
TOPOFBOOKVERIFICATION,$MM1,$SESSION1,$STRATEGY1,0,2,0,00,0,2,0,00,TRUE,TRUE,Comment
STRATEGYORDER,$MM1,$MM1EXCHANGE,$MM1EXECFIRM,YBU,5110,ABC,*,$MM1EXCHANGE,$MM1,100,$STRATEGY1,D,2,-9,18,D,21/12/2003 6:00:00.0,1,2,0,00,0,-,-,BARTID=$WORKSTATION1,$MM1,$MM1,C,FALSE,BD,U,0,-,-,$SESSION1,2,$CLASS11PRODUCT1,$MM1EXCHANGE,$MM1EXECFIRM,C,C,$CLASS1PRODUCT1,$MM1EXCHANGE,$MM1EXECFIRM,C,C,TRUE,TRUE,This is the Strategy order: BA:253
PAUSE,10000
VERIFYCOMPLEXPARORDER,$PAR1,$MM1,$MM1EXECFIRM,ABC,YBU,5110,*,9.18,D,1,2,Y,Y,N,Y,-,0.00,0.00,10000,B,0,0,100,10000,1.00,1.20,100,S,100,100,1,100,TRUE,TRUE,Comment
STRATEGYORDER,$MM1,$MM1EXCHANGE,$MM1EXECFIRM,EBW,2268,ABC,*,$MM1EXCHANGE,$MM1,400,$STRATEGY1,O,2,8,90,D,21/12/2003 6:00:00.0,1,2,0,00,0,-,-,-,$MM1,$MM1,C,FALSE,F,U,0,-,-,$SESSION1,2,$CLASS11PRODUCT1,$MM1EXCHANGE,$MM1EXECFIRM,C,C,$CLASS1PRODUCT1,$MM1EXCHANGE,$MM1EXECFIRM,C,C,TRUE,TRUE,This is the Strategy order: BA:250
PAUSE,1000
RFPQUERY,$MM1,$SESSION1,$STRATEGY1,$AUCTION250,U,400,1,0,00,TRUE,TRUE,Comment
PAUSE,5000
TOPOFBOOKVERIFICATION,$MM1,$SESSION1,$STRATEGY1,0,2,0,00,400,2,8,90,TRUE,TRUE,Comment
PARCOMPLEXORDERTRADEWITHBOOKREQ,$PAR1,$MM1,$MM1EXECFIRM,ABC,YBU,5110,*,*,D,9.18,2,10000,100,Y,TRUE,TRUE,Comment
PAUSE,5000
TOPOFBOOKVERIFICATION,$MM1,$SESSION1,$STRATEGY1,0,2,0,00,400,2,8,90,TRUE,TRUE,Comment
TOPOFBOOKVERIFICATION,$MM1,$SESSION4,$CLASS11PRODUCT1,10000,2,10,00,10000,2,10,20,TRUE,TRUE,Comment
CURRENTMARKETV4BESTMARKETQUERY,$MM1,CBOE,$CLASS1PRODUCT1,100,2,1,00,100,2,1,20,TRUE,TRUE,Comment
VERIFYCOMPLEXPARORDER,$PAR1,$MM1,$MM1EXECFIRM,ABC,YBU,5110,*,9.18,D,1,2,Y,Y,N,Y,-,0.00,0.00,10000,B,0,0,100,10000,1.00,1.20,100,S,100,100,1,100,TRUE,TRUE,Comment
QUOTECANCEL,$MM1,$SESSION4,$CLASS11PRODUCT1,2,TRUE,TRUE,Comment
QUOTECANCELVERIFICATION,$MM1,$SESSION4,$CLASS11PRODUCT1,2,TRUE,TRUE,Comment
QUOTECANCEL,$MM1,$SESSION1,$CLASS1PRODUCT1,2,TRUE,TRUE,Comment
QUOTECANCELVERIFICATION,$MM1,$SESSION1,$CLASS1PRODUCT1,2,TRUE,TRUE,Comment
CANCELALLPARORDERS,$PAR1,$MM1,TRUE,TRUE,Comment
CLEARALLPARCALLBACKS,$PAR1
VERIFYCOMPLEXPARORDER,$PAR1,$MM1,$MM1EXECFIRM,ABC,YBU,5110,*,9.18,D,1,2,Y,Y,N,Y,-,0.00,0.00,10000,B,0,0,100,10000,0.00,0.00,100,S,0,0,1,100,FALSE,TRUE,Comment
ORDERCANCELBYIDNOWAIT,$MM1,$MM1EXCHANGE,$MM1EXECFIRM,EBW,2268,ABC,*,400,$SESSION1,1,TRUE,TRUE,Comment
ORDERCANCELVERIFICATION,$MM1,$MM1EXCHANGE,$MM1EXECFIRM,EBW,2268,ABC,*,$SESSION1,$STRATEGY1,2,400,TRUE,TRUE,Comment
TOPOFBOOKVERIFICATION,$MM1,$SESSION1,$STRATEGY1,0,2,0,00,0,2,0,00,TRUE,TRUE,Comment

COMMENT, Test Case 5:Resting CPS Order (with CUSTOMER origin) NOT at the TSB in CROSS PRODUCT BOOK and at price EQUAL to DSM. CONDITION:Resting CPS Order (with PROFESSIONAL origin) at the TSB in CROSS PRODUCT BOOK and CPS Order at PAR is NOT activated
CLEARALLCALLBACKS,$MM1
PRODUCTSTATEQUERY,$SA1,$SESSION4,$CLASS11PRODUCT1,4,TRUE,TRUE,Comment
PRODUCTSTATEQUERY,$SA1,$SESSION1,$CLASS1PRODUCT1,4,TRUE,TRUE,Comment
TOPOFBOOKVERIFICATION,$MM1,$SESSION4,$CLASS11PRODUCT1,0,2,0,00,0,2,0,00,TRUE,TRUE,Comment
TOPOFBOOKVERIFICATION,$MM1,$SESSION1,$CLASS1PRODUCT1,0,2,0,00,0,2,0,00,TRUE,TRUE,Comment
QUOTE,$MM1,2,10,00,10000,2,10,20,10000,$CLASS11PRODUCT1,$SESSION4,User Assigned Id..,TRUE,TRUE,Comment
PAUSE,1000
CURRENTMARKETV3BESTMARKETQUERY,$MM1,$SESSION4,$CLASS11PRODUCT1,10000,2,10,00,10000,2,10,20,TRUE,TRUE,Comment
QUOTE,$MM1,2,1,00,100,2,1,20,100,$CLASS1PRODUCT1,$SESSION1,User Assigned Id..,TRUE,TRUE,Comment
PAUSE,1000
CURRENTMARKETV4BESTMARKETQUERY,$MM1,CBOE,$CLASS1PRODUCT1,100,2,1,00,100,2,1,20,TRUE,TRUE,Comment
SETPRODUCTSTATEBYPRODUCT,$SA1,$SESSION1,$STRATEGY1,$STRATEGYCLASS1,1,TRUE,TRUE,Comment
PRODUCTSTATEQUERY,$SA1,$SESSION1,$STRATEGY1,1,TRUE,TRUE,Comment
SETPRODUCTSTATEBYPRODUCT,$SA1,$SESSION1,$STRATEGY1,$STRATEGYCLASS1,2,TRUE,TRUE,Comment
PRODUCTSTATEQUERY,$SA1,$SESSION1,$STRATEGY1,2,TRUE,TRUE,Comment
SETPRODUCTSTATEBYPRODUCT,$SA1,$SESSION1,$STRATEGY1,$STRATEGYCLASS1,3,TRUE,TRUE,Comment
PRODUCTSTATEQUERY,$SA1,$SESSION1,$STRATEGY1,3,TRUE,TRUE,Comment
SETPRODUCTSTATEBYPRODUCT,$SA1,$SESSION1,$STRATEGY1,$STRATEGYCLASS1,4,TRUE,TRUE,Comment
PRODUCTSTATEQUERY,$SA1,$SESSION1,$STRATEGY1,4,TRUE,TRUE,Comment
PAUSE,1000
TOPOFBOOKVERIFICATION,$MM1,$SESSION1,$STRATEGY1,0,2,0,00,0,2,0,00,TRUE,TRUE,Comment
STRATEGYORDER,$MM1,$MM1EXCHANGE,$MM1EXECFIRM,QAD,1036,ABC,*,$MM1EXCHANGE,$MM1,100,$STRATEGY1,D,2,-9,18,D,21/12/2003 6:00:00.0,1,2,0,00,0,-,-,BARTID=$WORKSTATION1,$MM1,$MM1,C,FALSE,BD,U,0,-,-,$SESSION1,2,$CLASS11PRODUCT1,$MM1EXCHANGE,$MM1EXECFIRM,C,C,$CLASS1PRODUCT1,$MM1EXCHANGE,$MM1EXECFIRM,C,C,TRUE,TRUE,This is the Strategy order: BA:253
PAUSE,10000
VERIFYCOMPLEXPARORDER,$PAR1,$MM1,$MM1EXECFIRM,ABC,QAD,1036,*,9.18,D,1,2,Y,Y,N,Y,-,0.00,0.00,10000,B,0,0,100,10000,1.00,1.20,100,S,100,100,1,100,TRUE,TRUE,Comment
STRATEGYORDER,$MM1,$MM1EXCHANGE,$MM1EXECFIRM,URU,7902,ABC,*,$MM1EXCHANGE,$MM1,400,$STRATEGY1,O,2,8,90,D,21/12/2003 6:00:00.0,1,2,0,00,0,-,-,-,$MM1,$MM1,C,FALSE,F,U,0,-,-,$SESSION1,2,$CLASS11PRODUCT1,$MM1EXCHANGE,$MM1EXECFIRM,C,C,$CLASS1PRODUCT1,$MM1EXCHANGE,$MM1EXECFIRM,C,C,TRUE,TRUE,This is the Strategy order: BA:250
PAUSE,1000
RFPQUERY,$MM1,$SESSION1,$STRATEGY1,$AUCTION250,U,400,1,0,00,TRUE,TRUE,Comment
PAUSE,5000
TOPOFBOOKVERIFICATION,$MM1,$SESSION1,$STRATEGY1,0,2,0,00,400,2,8,90,TRUE,TRUE,Comment
STRATEGYORDER,$MM1,$MM1EXCHANGE,$MM1EXECFIRM,CPJ,534,ABC,*,$MM1EXCHANGE,$MM1,400,$STRATEGY1,O,2,9,18,D,21/12/2003 6:00:00.0,1,2,0,00,0,-,-,-,$MM1,$MM1,C,FALSE,C,U,0,-,-,$SESSION1,2,$CLASS11PRODUCT1,$MM1EXCHANGE,$MM1EXECFIRM,C,C,$CLASS1PRODUCT1,$MM1EXCHANGE,$MM1EXECFIRM,C,C,TRUE,TRUE,This is the Strategy order: BA:251
RFPQUERY,$MM1,$SESSION1,$STRATEGY1,$AUCTION251,U,400,1,0,00,FALSE,TRUE,Comment
TOPOFBOOKVERIFICATION,$MM1,$SESSION1,$STRATEGY1,0,2,0,00,400,2,8,90,TRUE,TRUE,Comment
PARCOMPLEXORDERTRADEWITHBOOKREQ,$PAR1,$MM1,$MM1EXECFIRM,ABC,QAD,1036,*,*,D,9.18,2,10000,100,Y,TRUE,TRUE,Comment
PAUSE,5000
TOPOFBOOKVERIFICATION,$MM1,$SESSION1,$STRATEGY1,0,2,0,00,400,2,8,90,TRUE,TRUE,Comment
TOPOFBOOKVERIFICATION,$MM1,$SESSION4,$CLASS11PRODUCT1,10000,2,10,00,10000,2,10,20,TRUE,TRUE,Comment
CURRENTMARKETV4BESTMARKETQUERY,$MM1,CBOE,$CLASS1PRODUCT1,100,2,1,00,100,2,1,20,TRUE,TRUE,Comment
VERIFYCOMPLEXPARORDER,$PAR1,$MM1,$MM1EXECFIRM,ABC,QAD,1036,*,9.18,D,1,2,Y,Y,N,Y,-,0.00,0.00,10000,B,0,0,100,10000,1.00,1.20,100,S,100,100,1,100,TRUE,TRUE,Comment
QUOTECANCEL,$MM1,$SESSION4,$CLASS11PRODUCT1,2,TRUE,TRUE,Comment
QUOTECANCELVERIFICATION,$MM1,$SESSION4,$CLASS11PRODUCT1,2,TRUE,TRUE,Comment
QUOTECANCEL,$MM1,$SESSION1,$CLASS1PRODUCT1,2,TRUE,TRUE,Comment
QUOTECANCELVERIFICATION,$MM1,$SESSION1,$CLASS1PRODUCT1,2,TRUE,TRUE,Comment
CANCELALLPARORDERS,$PAR1,$MM1,TRUE,TRUE,Comment
CLEARALLPARCALLBACKS,$PAR1
VERIFYCOMPLEXPARORDER,$PAR1,$MM1,$MM1EXECFIRM,ABC,QAD,1036,*,9.18,D,1,2,Y,Y,N,Y,-,0.00,0.00,10000,B,0,0,100,10000,0.00,0.00,100,S,0,0,1,100,FALSE,TRUE,Comment
ORDERCANCELBYIDNOWAIT,$MM1,$MM1EXCHANGE,$MM1EXECFIRM,URU,7902,ABC,*,400,$SESSION1,1,TRUE,TRUE,Comment
ORDERCANCELVERIFICATION,$MM1,$MM1EXCHANGE,$MM1EXECFIRM,URU,7902,ABC,*,$SESSION1,$STRATEGY1,2,400,TRUE,TRUE,Comment
PAUSE,1000
ORDERCANCELBYIDNOWAIT,$MM1,$MM1EXCHANGE,$MM1EXECFIRM,CPJ,534,ABC,*,400,$SESSION1,1,TRUE,TRUE,Comment
ORDERCANCELVERIFICATION,$MM1,$MM1EXCHANGE,$MM1EXECFIRM,CPJ,534,ABC,*,$SESSION1,$STRATEGY1,2,400,TRUE,TRUE,Comment
TOPOFBOOKVERIFICATION,$MM1,$SESSION1,$STRATEGY1,0,2,0,00,0,2,0,00,TRUE,TRUE,Comment

COMMENT, Test Case 6:Resting CPS Order (with CUSTOMER origin) NOT at the TSB in CROSS PRODUCT BOOK and at price BETTER than DSM. CONDITION:Resting CPS Order (with PROFESSIONAL origin) at the TSB in CROSS PRODUCT BOOK and CPS Order at PAR is NOT activated
CLEARALLCALLBACKS,$MM1
PRODUCTSTATEQUERY,$SA1,$SESSION4,$CLASS11PRODUCT1,4,TRUE,TRUE,Comment
PRODUCTSTATEQUERY,$SA1,$SESSION1,$CLASS1PRODUCT1,4,TRUE,TRUE,Comment
TOPOFBOOKVERIFICATION,$MM1,$SESSION4,$CLASS11PRODUCT1,0,2,0,00,0,2,0,00,TRUE,TRUE,Comment
TOPOFBOOKVERIFICATION,$MM1,$SESSION1,$CLASS1PRODUCT1,0,2,0,00,0,2,0,00,TRUE,TRUE,Comment
QUOTE,$MM1,2,10,00,10000,2,10,20,10000,$CLASS11PRODUCT1,$SESSION4,User Assigned Id..,TRUE,TRUE,Comment
PAUSE,1000
CURRENTMARKETV3BESTMARKETQUERY,$MM1,$SESSION4,$CLASS11PRODUCT1,10000,2,10,00,10000,2,10,20,TRUE,TRUE,Comment
QUOTE,$MM1,2,1,00,100,2,1,20,100,$CLASS1PRODUCT1,$SESSION1,User Assigned Id..,TRUE,TRUE,Comment
PAUSE,1000
CURRENTMARKETV4BESTMARKETQUERY,$MM1,CBOE,$CLASS1PRODUCT1,100,2,1,00,100,2,1,20,TRUE,TRUE,Comment
SETPRODUCTSTATEBYPRODUCT,$SA1,$SESSION1,$STRATEGY1,$STRATEGYCLASS1,1,TRUE,TRUE,Comment
PRODUCTSTATEQUERY,$SA1,$SESSION1,$STRATEGY1,1,TRUE,TRUE,Comment
SETPRODUCTSTATEBYPRODUCT,$SA1,$SESSION1,$STRATEGY1,$STRATEGYCLASS1,2,TRUE,TRUE,Comment
PRODUCTSTATEQUERY,$SA1,$SESSION1,$STRATEGY1,2,TRUE,TRUE,Comment
SETPRODUCTSTATEBYPRODUCT,$SA1,$SESSION1,$STRATEGY1,$STRATEGYCLASS1,3,TRUE,TRUE,Comment
PRODUCTSTATEQUERY,$SA1,$SESSION1,$STRATEGY1,3,TRUE,TRUE,Comment
SETPRODUCTSTATEBYPRODUCT,$SA1,$SESSION1,$STRATEGY1,$STRATEGYCLASS1,4,TRUE,TRUE,Comment
PRODUCTSTATEQUERY,$SA1,$SESSION1,$STRATEGY1,4,TRUE,TRUE,Comment
PAUSE,1000
TOPOFBOOKVERIFICATION,$MM1,$SESSION1,$STRATEGY1,0,2,0,00,0,2,0,00,TRUE,TRUE,Comment
STRATEGYORDER,$MM1,$MM1EXCHANGE,$MM1EXECFIRM,IQC,5283,ABC,*,$MM1EXCHANGE,$MM1,100,$STRATEGY1,D,2,-9,18,D,21/12/2003 6:00:00.0,1,2,0,00,0,-,-,BARTID=$WORKSTATION1,$MM1,$MM1,C,FALSE,BD,U,0,-,-,$SESSION1,2,$CLASS11PRODUCT1,$MM1EXCHANGE,$MM1EXECFIRM,C,C,$CLASS1PRODUCT1,$MM1EXCHANGE,$MM1EXECFIRM,C,C,TRUE,TRUE,This is the Strategy order: BA:253
PAUSE,10000
VERIFYCOMPLEXPARORDER,$PAR1,$MM1,$MM1EXECFIRM,ABC,IQC,5283,*,9.18,D,1,2,Y,Y,N,Y,-,0.00,0.00,10000,B,0,0,100,10000,1.00,1.20,100,S,100,100,1,100,TRUE,TRUE,Comment
STRATEGYORDER,$MM1,$MM1EXCHANGE,$MM1EXECFIRM,TJK,411,ABC,*,$MM1EXCHANGE,$MM1,400,$STRATEGY1,O,2,8,90,D,21/12/2003 6:00:00.0,1,2,0,00,0,-,-,-,$MM1,$MM1,C,FALSE,F,U,0,-,-,$SESSION1,2,$CLASS11PRODUCT1,$MM1EXCHANGE,$MM1EXECFIRM,C,C,$CLASS1PRODUCT1,$MM1EXCHANGE,$MM1EXECFIRM,C,C,TRUE,TRUE,This is the Strategy order: BA:250
PAUSE,1000
RFPQUERY,$MM1,$SESSION1,$STRATEGY1,$AUCTION250,U,400,1,0,00,TRUE,TRUE,Comment
PAUSE,5000
TOPOFBOOKVERIFICATION,$MM1,$SESSION1,$STRATEGY1,0,2,0,00,400,2,8,90,TRUE,TRUE,Comment
STRATEGYORDER,$MM1,$MM1EXCHANGE,$MM1EXECFIRM,JPM,5062,ABC,*,$MM1EXCHANGE,$MM1,400,$STRATEGY1,O,2,9,00,D,21/12/2003 6:00:00.0,1,2,0,00,0,-,-,-,$MM1,$MM1,C,FALSE,C,U,0,-,-,$SESSION1,2,$CLASS11PRODUCT1,$MM1EXCHANGE,$MM1EXECFIRM,C,C,$CLASS1PRODUCT1,$MM1EXCHANGE,$MM1EXECFIRM,C,C,TRUE,TRUE,This is the Strategy order: BA:251
RFPQUERY,$MM1,$SESSION1,$STRATEGY1,$AUCTION251,U,400,1,0,00,FALSE,TRUE,Comment
TOPOFBOOKVERIFICATION,$MM1,$SESSION1,$STRATEGY1,0,2,0,00,400,2,8,90,TRUE,TRUE,Comment
PARCOMPLEXORDERTRADEWITHBOOKREQ,$PAR1,$MM1,$MM1EXECFIRM,ABC,IQC,5283,*,*,D,9.18,2,10000,100,Y,TRUE,TRUE,Comment
PAUSE,5000
TOPOFBOOKVERIFICATION,$MM1,$SESSION1,$STRATEGY1,0,2,0,00,400,2,8,90,TRUE,TRUE,Comment
TOPOFBOOKVERIFICATION,$MM1,$SESSION4,$CLASS11PRODUCT1,10000,2,10,00,10000,2,10,20,TRUE,TRUE,Comment
CURRENTMARKETV4BESTMARKETQUERY,$MM1,CBOE,$CLASS1PRODUCT1,100,2,1,00,100,2,1,20,TRUE,TRUE,Comment
VERIFYCOMPLEXPARORDER,$PAR1,$MM1,$MM1EXECFIRM,ABC,IQC,5283,*,9.18,D,1,2,Y,Y,N,Y,-,0.00,0.00,10000,B,0,0,100,10000,1.00,1.20,100,S,100,100,1,100,TRUE,TRUE,Comment
QUOTECANCEL,$MM1,$SESSION4,$CLASS11PRODUCT1,2,TRUE,TRUE,Comment
QUOTECANCELVERIFICATION,$MM1,$SESSION4,$CLASS11PRODUCT1,2,TRUE,TRUE,Comment
QUOTECANCEL,$MM1,$SESSION1,$CLASS1PRODUCT1,2,TRUE,TRUE,Comment
QUOTECANCELVERIFICATION,$MM1,$SESSION1,$CLASS1PRODUCT1,2,TRUE,TRUE,Comment
CANCELALLPARORDERS,$PAR1,$MM1,TRUE,TRUE,Comment
CLEARALLPARCALLBACKS,$PAR1
VERIFYCOMPLEXPARORDER,$PAR1,$MM1,$MM1EXECFIRM,ABC,IQC,5283,*,9.18,D,1,2,Y,Y,N,Y,-,0.00,0.00,10000,B,0,0,100,10000,0.00,0.00,100,S,0,0,1,100,FALSE,TRUE,Comment
ORDERCANCELBYIDNOWAIT,$MM1,$MM1EXCHANGE,$MM1EXECFIRM,TJK,411,ABC,*,400,$SESSION1,1,TRUE,TRUE,Comment
ORDERCANCELVERIFICATION,$MM1,$MM1EXCHANGE,$MM1EXECFIRM,TJK,411,ABC,*,$SESSION1,$STRATEGY1,2,400,TRUE,TRUE,Comment
ORDERCANCELBYIDNOWAIT,$MM1,$MM1EXCHANGE,$MM1EXECFIRM,JPM,5062,ABC,*,400,$SESSION1,1,TRUE,TRUE,Comment
ORDERCANCELVERIFICATION,$MM1,$MM1EXCHANGE,$MM1EXECFIRM,JPM,5062,ABC,*,$SESSION1,$STRATEGY1,2,400,TRUE,TRUE,Comment
TOPOFBOOKVERIFICATION,$MM1,$SESSION1,$STRATEGY1,0,2,0,00,0,2,0,00,TRUE,TRUE,Comment

COMMENT, Test Case 7:CONDITION:Resting CUSTOMER CPS Order at the TSB in CROSS PRODUCT BOOK on the OPPOSITE side but at WORSE price than DSM. TB Button for the CPS Order at PAR is NOT activated
CLEARALLCALLBACKS,$MM1
PRODUCTSTATEQUERY,$SA1,$SESSION4,$CLASS11PRODUCT1,4,TRUE,TRUE,Comment
PRODUCTSTATEQUERY,$SA1,$SESSION1,$CLASS1PRODUCT1,4,TRUE,TRUE,Comment
TOPOFBOOKVERIFICATION,$MM1,$SESSION4,$CLASS11PRODUCT1,0,2,0,00,0,2,0,00,TRUE,TRUE,Comment
TOPOFBOOKVERIFICATION,$MM1,$SESSION1,$CLASS1PRODUCT1,0,2,0,00,0,2,0,00,TRUE,TRUE,Comment
QUOTE,$MM1,2,10,00,10000,2,10,20,10000,$CLASS11PRODUCT1,$SESSION4,User Assigned Id..,TRUE,TRUE,Comment
PAUSE,1000
CURRENTMARKETV3BESTMARKETQUERY,$MM1,$SESSION4,$CLASS11PRODUCT1,10000,2,10,00,10000,2,10,20,TRUE,TRUE,Comment
QUOTE,$MM1,2,1,00,100,2,1,20,100,$CLASS1PRODUCT1,$SESSION1,User Assigned Id..,TRUE,TRUE,Comment
PAUSE,1000
CURRENTMARKETV4BESTMARKETQUERY,$MM1,CBOE,$CLASS1PRODUCT1,100,2,1,00,100,2,1,20,TRUE,TRUE,Comment
SETPRODUCTSTATEBYPRODUCT,$SA1,$SESSION1,$STRATEGY1,$STRATEGYCLASS1,1,TRUE,TRUE,Comment
PRODUCTSTATEQUERY,$SA1,$SESSION1,$STRATEGY1,1,TRUE,TRUE,Comment
SETPRODUCTSTATEBYPRODUCT,$SA1,$SESSION1,$STRATEGY1,$STRATEGYCLASS1,2,TRUE,TRUE,Comment
PRODUCTSTATEQUERY,$SA1,$SESSION1,$STRATEGY1,2,TRUE,TRUE,Comment
SETPRODUCTSTATEBYPRODUCT,$SA1,$SESSION1,$STRATEGY1,$STRATEGYCLASS1,3,TRUE,TRUE,Comment
PRODUCTSTATEQUERY,$SA1,$SESSION1,$STRATEGY1,3,TRUE,TRUE,Comment
SETPRODUCTSTATEBYPRODUCT,$SA1,$SESSION1,$STRATEGY1,$STRATEGYCLASS1,4,TRUE,TRUE,Comment
PRODUCTSTATEQUERY,$SA1,$SESSION1,$STRATEGY1,4,TRUE,TRUE,Comment
PAUSE,1000
TOPOFBOOKVERIFICATION,$MM1,$SESSION1,$STRATEGY1,0,2,0,00,0,2,0,00,TRUE,TRUE,Comment
STRATEGYORDER,$MM1,$MM1EXCHANGE,$MM1EXECFIRM,IYO,2307,ABC,*,$MM1EXCHANGE,$MM1,100,$STRATEGY1,D,2,-9,30,D,21/12/2003 6:00:00.0,1,2,0,00,0,-,-,BARTID=$WORKSTATION1,$MM1,$MM1,C,FALSE,BD,U,0,-,-,$SESSION1,2,$CLASS11PRODUCT1,$MM1EXCHANGE,$MM1EXECFIRM,C,C,$CLASS1PRODUCT1,$MM1EXCHANGE,$MM1EXECFIRM,C,C,TRUE,TRUE,This is the Strategy order: BA:253
PAUSE,10000
VERIFYCOMPLEXPARORDER,$PAR1,$MM1,$MM1EXECFIRM,ABC,IYO,2307,*,9.30,D,1,2,Y,Y,N,Y,-,0.00,0.00,10000,B,0,0,100,10000,1.00,1.20,100,S,100,100,1,100,TRUE,TRUE,Comment
STRATEGYORDER,$MM1,$MM1EXCHANGE,$MM1EXECFIRM,UQF,3009,ABC,*,$MM1EXCHANGE,$MM1,400,$STRATEGY1,O,2,9,30,D,21/12/2003 6:00:00.0,1,2,0,00,0,-,-,-,$MM1,$MM1,C,FALSE,C,U,0,-,-,$SESSION1,2,$CLASS11PRODUCT1,$MM1EXCHANGE,$MM1EXECFIRM,C,C,$CLASS1PRODUCT1,$MM1EXCHANGE,$MM1EXECFIRM,C,C,TRUE,TRUE,This is the Strategy order: BA:250
PAUSE,1000
RFPQUERY,$MM1,$SESSION1,$STRATEGY1,$AUCTION250,U,400,1,0,00,FALSE,TRUE,Comment
TOPOFBOOKVERIFICATION,$MM1,$SESSION1,$STRATEGY1,0,2,0,00,400,2,9,30,TRUE,TRUE,Comment
PARCOMPLEXORDERTRADEWITHBOOKREQ,$PAR1,$MM1,$MM1EXECFIRM,ABC,IYO,2307,*,*,D,9.30,2,10000,100,Y,TRUE,TRUE,Comment
PAUSE,5000
TOPOFBOOKVERIFICATION,$MM1,$SESSION1,$STRATEGY1,0,2,0,00,400,2,9,30,TRUE,TRUE,Comment
TOPOFBOOKVERIFICATION,$MM1,$SESSION4,$CLASS11PRODUCT1,10000,2,10,00,10000,2,10,20,TRUE,TRUE,Comment
CURRENTMARKETV4BESTMARKETQUERY,$MM1,CBOE,$CLASS1PRODUCT1,100,2,1,00,100,2,1,20,TRUE,TRUE,Comment
VERIFYCOMPLEXPARORDER,$PAR1,$MM1,$MM1EXECFIRM,ABC,IYO,2307,*,9.30,D,1,2,Y,Y,N,Y,-,0.00,0.00,10000,B,0,0,100,10000,1.00,1.20,100,S,100,100,1,100,TRUE,TRUE,Comment
QUOTECANCEL,$MM1,$SESSION4,$CLASS11PRODUCT1,2,TRUE,TRUE,Comment
QUOTECANCELVERIFICATION,$MM1,$SESSION4,$CLASS11PRODUCT1,2,TRUE,TRUE,Comment
QUOTECANCEL,$MM1,$SESSION1,$CLASS1PRODUCT1,2,TRUE,TRUE,Comment
QUOTECANCELVERIFICATION,$MM1,$SESSION1,$CLASS1PRODUCT1,2,TRUE,TRUE,Comment
CANCELALLPARORDERS,$PAR1,$MM1,TRUE,TRUE,Comment
CLEARALLPARCALLBACKS,$PAR1
VERIFYCOMPLEXPARORDER,$PAR1,$MM1,$MM1EXECFIRM,ABC,IYO,2307,*,9.30,D,1,2,Y,Y,N,Y,-,0.00,0.00,10000,B,0,0,100,10000,0.00,0.00,100,S,0,0,1,100,FALSE,TRUE,Comment
ORDERCANCELBYIDNOWAIT,$MM1,$MM1EXCHANGE,$MM1EXECFIRM,UQF,3009,ABC,*,400,$SESSION1,1,TRUE,TRUE,Comment
ORDERCANCELVERIFICATION,$MM1,$MM1EXCHANGE,$MM1EXECFIRM,UQF,3009,ABC,*,$SESSION1,$STRATEGY1,2,400,TRUE,TRUE,Comment
TOPOFBOOKVERIFICATION,$MM1,$SESSION1,$STRATEGY1,0,2,0,00,0,2,0,00,TRUE,TRUE,Comment

COMMENT, Test Case 8:CONDITION:Resting CUSTOMER CPS Order at the TSB in CROSS PRODUCT BOOK on DEFINED side but at WORSE price than DSM. TB Button for the CPS Order at PAR is NOT activated
CLEARALLCALLBACKS,$MM1
PRODUCTSTATEQUERY,$SA1,$SESSION4,$CLASS11PRODUCT1,4,TRUE,TRUE,Comment
PRODUCTSTATEQUERY,$SA1,$SESSION1,$CLASS1PRODUCT1,4,TRUE,TRUE,Comment
TOPOFBOOKVERIFICATION,$MM1,$SESSION4,$CLASS11PRODUCT1,0,2,0,00,0,2,0,00,TRUE,TRUE,Comment
TOPOFBOOKVERIFICATION,$MM1,$SESSION1,$CLASS1PRODUCT1,0,2,0,00,0,2,0,00,TRUE,TRUE,Comment
QUOTE,$MM1,2,10,00,10000,2,10,20,10000,$CLASS11PRODUCT1,$SESSION4,User Assigned Id..,TRUE,TRUE,Comment
PAUSE,1000
CURRENTMARKETV3BESTMARKETQUERY,$MM1,$SESSION4,$CLASS11PRODUCT1,10000,2,10,00,10000,2,10,20,TRUE,TRUE,Comment
QUOTE,$MM1,2,1,00,100,2,1,20,100,$CLASS1PRODUCT1,$SESSION1,User Assigned Id..,TRUE,TRUE,Comment
PAUSE,1000
CURRENTMARKETV4BESTMARKETQUERY,$MM1,CBOE,$CLASS1PRODUCT1,100,2,1,00,100,2,1,20,TRUE,TRUE,Comment
SETPRODUCTSTATEBYPRODUCT,$SA1,$SESSION1,$STRATEGY1,$STRATEGYCLASS1,1,TRUE,TRUE,Comment
PRODUCTSTATEQUERY,$SA1,$SESSION1,$STRATEGY1,1,TRUE,TRUE,Comment
SETPRODUCTSTATEBYPRODUCT,$SA1,$SESSION1,$STRATEGY1,$STRATEGYCLASS1,2,TRUE,TRUE,Comment
PRODUCTSTATEQUERY,$SA1,$SESSION1,$STRATEGY1,2,TRUE,TRUE,Comment
SETPRODUCTSTATEBYPRODUCT,$SA1,$SESSION1,$STRATEGY1,$STRATEGYCLASS1,3,TRUE,TRUE,Comment
PRODUCTSTATEQUERY,$SA1,$SESSION1,$STRATEGY1,3,TRUE,TRUE,Comment
SETPRODUCTSTATEBYPRODUCT,$SA1,$SESSION1,$STRATEGY1,$STRATEGYCLASS1,4,TRUE,TRUE,Comment
PRODUCTSTATEQUERY,$SA1,$SESSION1,$STRATEGY1,4,TRUE,TRUE,Comment
PAUSE,1000
TOPOFBOOKVERIFICATION,$MM1,$SESSION1,$STRATEGY1,0,2,0,00,0,2,0,00,TRUE,TRUE,Comment
STRATEGYORDER,$MM1,$MM1EXCHANGE,$MM1EXECFIRM,EQK,6189,ABC,*,$MM1EXCHANGE,$MM1,100,$STRATEGY1,O,2,8,70,D,21/12/2003 6:00:00.0,1,2,0,00,0,-,-,BARTID=$WORKSTATION1,$MM1,$MM1,C,FALSE,BD,U,0,-,-,$SESSION1,2,$CLASS11PRODUCT1,$MM1EXCHANGE,$MM1EXECFIRM,C,C,$CLASS1PRODUCT1,$MM1EXCHANGE,$MM1EXECFIRM,C,C,TRUE,TRUE,This is the Strategy order: BA:253
PAUSE,10000
VERIFYCOMPLEXPARORDER,$PAR1,$MM1,$MM1EXECFIRM,ABC,EQK,6189,*,8.70,C,1,2,Y,Y,N,Y,-,0.00,0.00,10000,S,0,0,100,10000,1.00,1.20,100,B,100,100,1,100,TRUE,TRUE,Comment
STRATEGYORDER,$MM1,$MM1EXCHANGE,$MM1EXECFIRM,BCQ,673,ABC,*,$MM1EXCHANGE,$MM1,400,$STRATEGY1,D,2,-8,70,D,21/12/2003 6:00:00.0,1,2,0,00,0,-,-,-,$MM1,$MM1,C,FALSE,C,U,0,-,-,$SESSION1,2,$CLASS11PRODUCT1,$MM1EXCHANGE,$MM1EXECFIRM,C,C,$CLASS1PRODUCT1,$MM1EXCHANGE,$MM1EXECFIRM,C,C,TRUE,TRUE,This is the Strategy order: BA:250
PAUSE,10000
RFPQUERY,$MM1,$SESSION1,$STRATEGY1,$AUCTION250,U,400,1,0,00,FALSE,TRUE,Comment
TOPOFBOOKVERIFICATION,$MM1,$SESSION1,$STRATEGY1,400,2,-8,70,0,2,0,00,TRUE,TRUE,Comment
PARCOMPLEXORDERTRADEWITHBOOKREQ,$PAR1,$MM1,$MM1EXECFIRM,ABC,EQK,6189,*,*,C,8.70,2,10000,100,Y,TRUE,TRUE,Comment
PAUSE,5000
TOPOFBOOKVERIFICATION,$MM1,$SESSION1,$STRATEGY1,400,2,-8,70,0,2,0,00,TRUE,TRUE,Comment
TOPOFBOOKVERIFICATION,$MM1,$SESSION4,$CLASS11PRODUCT1,10000,2,10,00,10000,2,10,20,TRUE,TRUE,Comment
CURRENTMARKETV4BESTMARKETQUERY,$MM1,CBOE,$CLASS1PRODUCT1,100,2,1,00,100,2,1,20,TRUE,TRUE,Comment
VERIFYCOMPLEXPARORDER,$PAR1,$MM1,$MM1EXECFIRM,ABC,EQK,6189,*,8.70,C,1,2,Y,Y,N,Y,-,0.00,0.00,10000,S,0,0,100,10000,1.00,1.20,100,B,100,100,1,100,TRUE,TRUE,Comment
QUOTECANCEL,$MM1,$SESSION4,$CLASS11PRODUCT1,2,TRUE,TRUE,Comment
QUOTECANCELVERIFICATION,$MM1,$SESSION4,$CLASS11PRODUCT1,2,TRUE,TRUE,Comment
QUOTECANCEL,$MM1,$SESSION1,$CLASS1PRODUCT1,2,TRUE,TRUE,Comment
QUOTECANCELVERIFICATION,$MM1,$SESSION1,$CLASS1PRODUCT1,2,TRUE,TRUE,Comment
CANCELALLPARORDERS,$PAR1,$MM1,TRUE,TRUE,Comment
CLEARALLPARCALLBACKS,$PAR1
VERIFYCOMPLEXPARORDER,$PAR1,$MM1,$MM1EXECFIRM,ABC,EQK,6189,*,8.70,C,1,2,Y,Y,N,Y,-,0.00,0.00,10000,S,0,0,100,10000,0.00,0.00,100,B,0,0,1,100,FALSE,TRUE,Comment
ORDERCANCELBYIDNOWAIT,$MM1,$MM1EXCHANGE,$MM1EXECFIRM,BCQ,673,ABC,*,400,$SESSION1,1,TRUE,TRUE,Comment
ORDERCANCELVERIFICATION,$MM1,$MM1EXCHANGE,$MM1EXECFIRM,BCQ,673,ABC,*,$SESSION1,$STRATEGY1,2,400,TRUE,TRUE,Comment
TOPOFBOOKVERIFICATION,$MM1,$SESSION1,$STRATEGY1,0,2,0,00,0,2,0,00,TRUE,TRUE,Comment

COMMENT, Test Case 9:Resting CPS Order (with CUSTOMER origin) NOT at the TSB in CROSS PRODUCT BOOK and at price WORSE than DSM. CONDITION:Resting CPS Order (with PROFESSIONAL origin) at the TSB in CROSS PRODUCT BOOK and at price WORSE than DSM. TB Button for the CPS Order at PAR is NOT activated
CLEARALLCALLBACKS,$MM1
PRODUCTSTATEQUERY,$SA1,$SESSION4,$CLASS11PRODUCT1,4,TRUE,TRUE,Comment
PRODUCTSTATEQUERY,$SA1,$SESSION1,$CLASS1PRODUCT1,4,TRUE,TRUE,Comment
TOPOFBOOKVERIFICATION,$MM1,$SESSION4,$CLASS11PRODUCT1,0,2,0,00,0,2,0,00,TRUE,TRUE,Comment
TOPOFBOOKVERIFICATION,$MM1,$SESSION1,$CLASS1PRODUCT1,0,2,0,00,0,2,0,00,TRUE,TRUE,Comment
QUOTE,$MM1,2,10,00,10000,2,10,20,10000,$CLASS11PRODUCT1,$SESSION4,User Assigned Id..,TRUE,TRUE,Comment
PAUSE,1000
CURRENTMARKETV3BESTMARKETQUERY,$MM1,$SESSION4,$CLASS11PRODUCT1,10000,2,10,00,10000,2,10,20,TRUE,TRUE,Comment
QUOTE,$MM1,2,1,00,100,2,1,20,100,$CLASS1PRODUCT1,$SESSION1,User Assigned Id..,TRUE,TRUE,Comment
PAUSE,1000
CURRENTMARKETV4BESTMARKETQUERY,$MM1,CBOE,$CLASS1PRODUCT1,100,2,1,00,100,2,1,20,TRUE,TRUE,Comment
SETPRODUCTSTATEBYPRODUCT,$SA1,$SESSION1,$STRATEGY1,$STRATEGYCLASS1,1,TRUE,TRUE,Comment
PRODUCTSTATEQUERY,$SA1,$SESSION1,$STRATEGY1,1,TRUE,TRUE,Comment
SETPRODUCTSTATEBYPRODUCT,$SA1,$SESSION1,$STRATEGY1,$STRATEGYCLASS1,2,TRUE,TRUE,Comment
PRODUCTSTATEQUERY,$SA1,$SESSION1,$STRATEGY1,2,TRUE,TRUE,Comment
SETPRODUCTSTATEBYPRODUCT,$SA1,$SESSION1,$STRATEGY1,$STRATEGYCLASS1,3,TRUE,TRUE,Comment
PRODUCTSTATEQUERY,$SA1,$SESSION1,$STRATEGY1,3,TRUE,TRUE,Comment
SETPRODUCTSTATEBYPRODUCT,$SA1,$SESSION1,$STRATEGY1,$STRATEGYCLASS1,4,TRUE,TRUE,Comment
PRODUCTSTATEQUERY,$SA1,$SESSION1,$STRATEGY1,4,TRUE,TRUE,Comment
PAUSE,1000
TOPOFBOOKVERIFICATION,$MM1,$SESSION1,$STRATEGY1,0,2,0,00,0,2,0,00,TRUE,TRUE,Comment
STRATEGYORDER,$MM1,$MM1EXCHANGE,$MM1EXECFIRM,CLB,2256,ABC,*,$MM1EXCHANGE,$MM1,100,$STRATEGY1,D,2,-9,30,D,21/12/2003 6:00:00.0,1,2,0,00,0,-,-,BARTID=$WORKSTATION1,$MM1,$MM1,C,FALSE,BD,U,0,-,-,$SESSION1,2,$CLASS11PRODUCT1,$MM1EXCHANGE,$MM1EXECFIRM,C,C,$CLASS1PRODUCT1,$MM1EXCHANGE,$MM1EXECFIRM,C,C,TRUE,TRUE,This is the Strategy order: BA:253
PAUSE,10000
VERIFYCOMPLEXPARORDER,$PAR1,$MM1,$MM1EXECFIRM,ABC,CLB,2256,*,9.30,D,1,2,Y,Y,N,Y,-,0.00,0.00,10000,B,0,0,100,10000,1.00,1.20,100,S,100,100,1,100,TRUE,TRUE,Comment
STRATEGYORDER,$MM1,$MM1EXCHANGE,$MM1EXECFIRM,IWU,440,ABC,*,$MM1EXCHANGE,$MM1,400,$STRATEGY1,O,2,8,90,D,21/12/2003 6:00:00.0,1,2,0,00,0,-,-,-,$MM1,$MM1,C,FALSE,F,U,0,-,-,$SESSION1,2,$CLASS11PRODUCT1,$MM1EXCHANGE,$MM1EXECFIRM,C,C,$CLASS1PRODUCT1,$MM1EXCHANGE,$MM1EXECFIRM,C,C,TRUE,TRUE,This is the Strategy order: BA:250
PAUSE,1000
RFPQUERY,$MM1,$SESSION1,$STRATEGY1,$AUCTION250,U,400,1,0,00,TRUE,TRUE,Comment
PAUSE,5000
TOPOFBOOKVERIFICATION,$MM1,$SESSION1,$STRATEGY1,0,2,0,00,400,2,8,90,TRUE,TRUE,Comment
STRATEGYORDER,$MM1,$MM1EXCHANGE,$MM1EXECFIRM,FGL,8834,ABC,*,$MM1EXCHANGE,$MM1,400,$STRATEGY1,O,2,9,30,D,21/12/2003 6:00:00.0,1,2,0,00,0,-,-,-,$MM1,$MM1,C,FALSE,C,U,0,-,-,$SESSION1,2,$CLASS11PRODUCT1,$MM1EXCHANGE,$MM1EXECFIRM,C,C,$CLASS1PRODUCT1,$MM1EXCHANGE,$MM1EXECFIRM,C,C,TRUE,TRUE,This is the Strategy order: BA:251
PAUSE,1000
RFPQUERY,$MM1,$SESSION1,$STRATEGY1,$AUCTION251,U,400,1,0,00,FALSE,TRUE,Comment
TOPOFBOOKVERIFICATION,$MM1,$SESSION1,$STRATEGY1,0,2,0,00,400,2,8,90,TRUE,TRUE,Comment
PARCOMPLEXORDERTRADEWITHBOOKREQ,$PAR1,$MM1,$MM1EXECFIRM,ABC,CLB,2256,*,*,D,9.30,2,10000,100,Y,TRUE,TRUE,Comment
PAUSE,5000
TOPOFBOOKVERIFICATION,$MM1,$SESSION1,$STRATEGY1,0,2,0,00,400,2,8,90,TRUE,TRUE,Comment
TOPOFBOOKVERIFICATION,$MM1,$SESSION4,$CLASS11PRODUCT1,10000,2,10,00,10000,2,10,20,TRUE,TRUE,Comment
CURRENTMARKETV4BESTMARKETQUERY,$MM1,CBOE,$CLASS1PRODUCT1,100,2,1,00,100,2,1,20,TRUE,TRUE,Comment
VERIFYCOMPLEXPARORDER,$PAR1,$MM1,$MM1EXECFIRM,ABC,CLB,2256,*,9.30,D,1,2,Y,Y,N,Y,-,0.00,0.00,10000,B,0,0,100,10000,1.00,1.20,100,S,100,100,1,100,TRUE,TRUE,Comment
QUOTECANCEL,$MM1,$SESSION4,$CLASS11PRODUCT1,2,TRUE,TRUE,Comment
QUOTECANCELVERIFICATION,$MM1,$SESSION4,$CLASS11PRODUCT1,2,TRUE,TRUE,Comment
QUOTECANCEL,$MM1,$SESSION1,$CLASS1PRODUCT1,2,TRUE,TRUE,Comment
QUOTECANCELVERIFICATION,$MM1,$SESSION1,$CLASS1PRODUCT1,2,TRUE,TRUE,Comment
CANCELALLPARORDERS,$PAR1,$MM1,TRUE,TRUE,Comment
CLEARALLPARCALLBACKS,$PAR1
VERIFYCOMPLEXPARORDER,$PAR1,$MM1,$MM1EXECFIRM,ABC,CLB,2256,*,9.30,D,1,2,Y,Y,N,Y,-,0.00,0.00,10000,B,0,0,100,10000,0.00,0.00,100,S,0,0,1,100,FALSE,TRUE,Comment
ORDERCANCELBYIDNOWAIT,$MM1,$MM1EXCHANGE,$MM1EXECFIRM,IWU,440,ABC,*,400,$SESSION1,1,TRUE,TRUE,Comment
ORDERCANCELVERIFICATION,$MM1,$MM1EXCHANGE,$MM1EXECFIRM,IWU,440,ABC,*,$SESSION1,$STRATEGY1,2,400,TRUE,TRUE,Comment
ORDERCANCELBYIDNOWAIT,$MM1,$MM1EXCHANGE,$MM1EXECFIRM,FGL,8834,ABC,*,400,$SESSION1,1,TRUE,TRUE,Comment
ORDERCANCELVERIFICATION,$MM1,$MM1EXCHANGE,$MM1EXECFIRM,FGL,8834,ABC,*,$SESSION1,$STRATEGY1,2,400,TRUE,TRUE,Comment
TOPOFBOOKVERIFICATION,$MM1,$SESSION1,$STRATEGY1,0,2,0,00,0,2,0,00,TRUE,TRUE,Comment

COMMENT, Test Case 10:CONDITION:Both resting CUSTOMER and NON-CUSTOMER CPS Order at the TSB in CROSS PRODUCT BOOK on the OPPOSITE side at WORSE price than DSM. TB Button for the CPS Order at PAR is NOT activated
CLEARALLCALLBACKS,$MM1
PRODUCTSTATEQUERY,$SA1,$SESSION4,$CLASS11PRODUCT1,4,TRUE,TRUE,Comment
PRODUCTSTATEQUERY,$SA1,$SESSION1,$CLASS1PRODUCT1,4,TRUE,TRUE,Comment
TOPOFBOOKVERIFICATION,$MM1,$SESSION4,$CLASS11PRODUCT1,0,2,0,00,0,2,0,00,TRUE,TRUE,Comment
TOPOFBOOKVERIFICATION,$MM1,$SESSION1,$CLASS1PRODUCT1,0,2,0,00,0,2,0,00,TRUE,TRUE,Comment
QUOTE,$MM1,2,10,00,10000,2,10,20,10000,$CLASS11PRODUCT1,$SESSION4,User Assigned Id..,TRUE,TRUE,Comment
PAUSE,1000
CURRENTMARKETV3BESTMARKETQUERY,$MM1,$SESSION4,$CLASS11PRODUCT1,10000,2,10,00,10000,2,10,20,TRUE,TRUE,Comment
QUOTE,$MM1,2,1,00,100,2,1,20,100,$CLASS1PRODUCT1,$SESSION1,User Assigned Id..,TRUE,TRUE,Comment
PAUSE,1000
CURRENTMARKETV4BESTMARKETQUERY,$MM1,CBOE,$CLASS1PRODUCT1,100,2,1,00,100,2,1,20,TRUE,TRUE,Comment
SETPRODUCTSTATEBYPRODUCT,$SA1,$SESSION1,$STRATEGY1,$STRATEGYCLASS1,1,TRUE,TRUE,Comment
PRODUCTSTATEQUERY,$SA1,$SESSION1,$STRATEGY1,1,TRUE,TRUE,Comment
SETPRODUCTSTATEBYPRODUCT,$SA1,$SESSION1,$STRATEGY1,$STRATEGYCLASS1,2,TRUE,TRUE,Comment
PRODUCTSTATEQUERY,$SA1,$SESSION1,$STRATEGY1,2,TRUE,TRUE,Comment
SETPRODUCTSTATEBYPRODUCT,$SA1,$SESSION1,$STRATEGY1,$STRATEGYCLASS1,3,TRUE,TRUE,Comment
PRODUCTSTATEQUERY,$SA1,$SESSION1,$STRATEGY1,3,TRUE,TRUE,Comment
SETPRODUCTSTATEBYPRODUCT,$SA1,$SESSION1,$STRATEGY1,$STRATEGYCLASS1,4,TRUE,TRUE,Comment
PRODUCTSTATEQUERY,$SA1,$SESSION1,$STRATEGY1,4,TRUE,TRUE,Comment
PAUSE,1000
TOPOFBOOKVERIFICATION,$MM1,$SESSION1,$STRATEGY1,0,2,0,00,0,2,0,00,TRUE,TRUE,Comment
STRATEGYORDER,$MM1,$MM1EXCHANGE,$MM1EXECFIRM,EGI,3762,ABC,*,$MM1EXCHANGE,$MM1,400,$STRATEGY1,O,2,9,30,D,21/12/2003 6:00:00.0,1,2,0,00,0,-,-,-,$MM1,$MM1,C,FALSE,C,U,0,-,-,$SESSION1,2,$CLASS11PRODUCT1,$MM1EXCHANGE,$MM1EXECFIRM,C,C,$CLASS1PRODUCT1,$MM1EXCHANGE,$MM1EXECFIRM,C,C,TRUE,TRUE,This is the Strategy order: BA:250
PAUSE,1000
RFPQUERY,$MM1,$SESSION1,$STRATEGY1,$AUCTION250,U,400,1,0,00,FALSE,TRUE,Comment
TOPOFBOOKVERIFICATION,$MM1,$SESSION1,$STRATEGY1,0,2,0,00,400,2,9,30,TRUE,TRUE,Comment
STRATEGYORDER,$MM1,$MM1EXCHANGE,$MM1EXECFIRM,RAS,6275,ABC,*,$MM1EXCHANGE,$MM1,400,$STRATEGY1,O,2,9,30,D,21/12/2003 6:00:00.0,1,2,0,00,0,-,-,-,$MM1,$MM1,C,FALSE,F,U,0,-,-,$SESSION1,2,$CLASS11PRODUCT1,$MM1EXCHANGE,$MM1EXECFIRM,C,C,$CLASS1PRODUCT1,$MM1EXCHANGE,$MM1EXECFIRM,C,C,TRUE,TRUE,This is the Strategy order: BA:251
PAUSE,1000
RFPQUERY,$MM1,$SESSION1,$STRATEGY1,$AUCTION251,U,400,1,0,00,FALSE,TRUE,Comment
TOPOFBOOKVERIFICATION,$MM1,$SESSION1,$STRATEGY1,0,2,0,00,800,2,9,30,TRUE,TRUE,Comment
STRATEGYORDER,$MM1,$MM1EXCHANGE,$MM1EXECFIRM,HPS,3859,ABC,*,$MM1EXCHANGE,$MM1,100,$STRATEGY1,D,2,-9,30,D,21/12/2003 6:00:00.0,1,2,0,00,0,-,-,BARTID=$WORKSTATION1,$MM1,$MM1,C,FALSE,BD,U,0,-,-,$SESSION1,2,$CLASS11PRODUCT1,$MM1EXCHANGE,$MM1EXECFIRM,C,C,$CLASS1PRODUCT1,$MM1EXCHANGE,$MM1EXECFIRM,C,C,TRUE,TRUE,This is the Strategy order: BA:253
PAUSE,10000
VERIFYCOMPLEXPARORDER,$PAR1,$MM1,$MM1EXECFIRM,ABC,HPS,3859,*,9.30,D,1,2,Y,Y,N,Y,-,0.00,0.00,10000,B,0,0,100,10000,1.00,1.20,100,S,100,100,1,100,TRUE,TRUE,Comment
PARCOMPLEXORDERTRADEWITHBOOKREQ,$PAR1,$MM1,$MM1EXECFIRM,ABC,HPS,3859,*,*,D,9.30,2,10000,100,Y,TRUE,TRUE,Comment
PAUSE,5000
TOPOFBOOKVERIFICATION,$MM1,$SESSION1,$STRATEGY1,0,2,0,00,800,2,9,30,TRUE,TRUE,Comment
TOPOFBOOKVERIFICATION,$MM1,$SESSION4,$CLASS11PRODUCT1,10000,2,10,00,10000,2,10,20,TRUE,TRUE,Comment
CURRENTMARKETV4BESTMARKETQUERY,$MM1,CBOE,$CLASS1PRODUCT1,100,2,1,00,100,2,1,20,TRUE,TRUE,Comment
VERIFYCOMPLEXPARORDER,$PAR1,$MM1,$MM1EXECFIRM,ABC,HPS,3859,*,9.30,D,1,2,Y,Y,N,Y,-,0.00,0.00,10000,B,0,0,100,10000,1.00,1.20,100,S,100,100,1,100,TRUE,TRUE,Comment
QUOTECANCEL,$MM1,$SESSION4,$CLASS11PRODUCT1,2,TRUE,TRUE,Comment
QUOTECANCELVERIFICATION,$MM1,$SESSION4,$CLASS11PRODUCT1,2,TRUE,TRUE,Comment
QUOTECANCEL,$MM1,$SESSION1,$CLASS1PRODUCT1,2,TRUE,TRUE,Comment
QUOTECANCELVERIFICATION,$MM1,$SESSION1,$CLASS1PRODUCT1,2,TRUE,TRUE,Comment
CANCELALLPARORDERS,$PAR1,$MM1,TRUE,TRUE,Comment
CLEARALLPARCALLBACKS,$PAR1
VERIFYCOMPLEXPARORDER,$PAR1,$MM1,$MM1EXECFIRM,ABC,HPS,3859,*,9.30,D,1,2,Y,Y,N,Y,-,0.00,0.00,10000,B,0,0,100,10000,0.00,0.00,100,S,0,0,1,100,FALSE,TRUE,Comment
ORDERCANCELBYIDNOWAIT,$MM1,$MM1EXCHANGE,$MM1EXECFIRM,EGI,3762,ABC,*,400,$SESSION1,1,TRUE,TRUE,Comment
ORDERCANCELVERIFICATION,$MM1,$MM1EXCHANGE,$MM1EXECFIRM,EGI,3762,ABC,*,$SESSION1,$STRATEGY1,2,400,TRUE,TRUE,Comment
ORDERCANCELBYIDNOWAIT,$MM1,$MM1EXCHANGE,$MM1EXECFIRM,RAS,6275,ABC,*,400,$SESSION1,1,TRUE,TRUE,Comment
ORDERCANCELVERIFICATION,$MM1,$MM1EXCHANGE,$MM1EXECFIRM,RAS,6275,ABC,*,$SESSION1,$STRATEGY1,2,400,TRUE,TRUE,Comment
TOPOFBOOKVERIFICATION,$MM1,$SESSION1,$STRATEGY1,0,2,0,00,0,2,0,00,TRUE,TRUE,Comment

COMMENT, Test Case 11:CONDITION:Both resting CUSTOMER and NON-CUSTOMER CPS Order at the TSB in CROSS PRODUCT BOOK on DEFINED side at WORSE price than DSM. TB Button for the CPS Order at PAR is NOT activated
CLEARALLCALLBACKS,$MM1
PRODUCTSTATEQUERY,$SA1,$SESSION4,$CLASS11PRODUCT1,4,TRUE,TRUE,Comment
PRODUCTSTATEQUERY,$SA1,$SESSION1,$CLASS1PRODUCT1,4,TRUE,TRUE,Comment
TOPOFBOOKVERIFICATION,$MM1,$SESSION4,$CLASS11PRODUCT1,0,2,0,00,0,2,0,00,TRUE,TRUE,Comment
TOPOFBOOKVERIFICATION,$MM1,$SESSION1,$CLASS1PRODUCT1,0,2,0,00,0,2,0,00,TRUE,TRUE,Comment
QUOTE,$MM1,2,10,00,10000,2,10,20,10000,$CLASS11PRODUCT1,$SESSION4,User Assigned Id..,TRUE,TRUE,Comment
PAUSE,1000
CURRENTMARKETV3BESTMARKETQUERY,$MM1,$SESSION4,$CLASS11PRODUCT1,10000,2,10,00,10000,2,10,20,TRUE,TRUE,Comment
QUOTE,$MM1,2,1,00,100,2,1,20,100,$CLASS1PRODUCT1,$SESSION1,User Assigned Id..,TRUE,TRUE,Comment
PAUSE,1000
CURRENTMARKETV4BESTMARKETQUERY,$MM1,CBOE,$CLASS1PRODUCT1,100,2,1,00,100,2,1,20,TRUE,TRUE,Comment
SETPRODUCTSTATEBYPRODUCT,$SA1,$SESSION1,$STRATEGY1,$STRATEGYCLASS1,1,TRUE,TRUE,Comment
PRODUCTSTATEQUERY,$SA1,$SESSION1,$STRATEGY1,1,TRUE,TRUE,Comment
SETPRODUCTSTATEBYPRODUCT,$SA1,$SESSION1,$STRATEGY1,$STRATEGYCLASS1,2,TRUE,TRUE,Comment
PRODUCTSTATEQUERY,$SA1,$SESSION1,$STRATEGY1,2,TRUE,TRUE,Comment
SETPRODUCTSTATEBYPRODUCT,$SA1,$SESSION1,$STRATEGY1,$STRATEGYCLASS1,3,TRUE,TRUE,Comment
PRODUCTSTATEQUERY,$SA1,$SESSION1,$STRATEGY1,3,TRUE,TRUE,Comment
SETPRODUCTSTATEBYPRODUCT,$SA1,$SESSION1,$STRATEGY1,$STRATEGYCLASS1,4,TRUE,TRUE,Comment
PRODUCTSTATEQUERY,$SA1,$SESSION1,$STRATEGY1,4,TRUE,TRUE,Comment
PAUSE,1000
TOPOFBOOKVERIFICATION,$MM1,$SESSION1,$STRATEGY1,0,2,0,00,0,2,0,00,TRUE,TRUE,Comment
STRATEGYORDER,$MM1,$MM1EXCHANGE,$MM1EXECFIRM,SXI,9400,ABC,*,$MM1EXCHANGE,$MM1,100,$STRATEGY1,O,2,8,70,D,21/12/2003 6:00:00.0,1,2,0,00,0,-,-,BARTID=$WORKSTATION1,$MM1,$MM1,C,FALSE,BD,U,0,-,-,$SESSION1,2,$CLASS11PRODUCT1,$MM1EXCHANGE,$MM1EXECFIRM,C,C,$CLASS1PRODUCT1,$MM1EXCHANGE,$MM1EXECFIRM,C,C,TRUE,TRUE,This is the Strategy order: BA:253
PAUSE,10000
VERIFYCOMPLEXPARORDER,$PAR1,$MM1,$MM1EXECFIRM,ABC,SXI,9400,*,8.70,C,1,2,Y,Y,N,Y,-,0.00,0.00,10000,S,0,0,100,10000,1.00,1.20,100,B,100,100,1,100,TRUE,TRUE,Comment
STRATEGYORDER,$MM1,$MM1EXCHANGE,$MM1EXECFIRM,SEK,6676,ABC,*,$MM1EXCHANGE,$MM1,400,$STRATEGY1,D,2,-8,70,D,21/12/2003 6:00:00.0,1,2,0,00,0,-,-,-,$MM1,$MM1,C,FALSE,C,U,0,-,-,$SESSION1,2,$CLASS11PRODUCT1,$MM1EXCHANGE,$MM1EXECFIRM,C,C,$CLASS1PRODUCT1,$MM1EXCHANGE,$MM1EXECFIRM,C,C,TRUE,TRUE,This is the Strategy order: BA:250
PAUSE,1000
RFPQUERY,$MM1,$SESSION1,$STRATEGY1,$AUCTION250,U,400,1,0,00,FALSE,TRUE,Comment
TOPOFBOOKVERIFICATION,$MM1,$SESSION1,$STRATEGY1,400,2,-8,70,0,2,0,00,TRUE,TRUE,Comment
STRATEGYORDER,$MM1,$MM1EXCHANGE,$MM1EXECFIRM,VQS,3550,ABC,*,$MM1EXCHANGE,$MM1,400,$STRATEGY1,D,2,-8,70,D,21/12/2003 6:00:00.0,1,2,0,00,0,-,-,-,$MM1,$MM1,C,FALSE,F,U,0,-,-,$SESSION1,2,$CLASS11PRODUCT1,$MM1EXCHANGE,$MM1EXECFIRM,C,C,$CLASS1PRODUCT1,$MM1EXCHANGE,$MM1EXECFIRM,C,C,TRUE,TRUE,This is the Strategy order: BA:251
PAUSE,1000
RFPQUERY,$MM1,$SESSION1,$STRATEGY1,$AUCTION251,U,400,1,0,00,FALSE,TRUE,Comment
TOPOFBOOKVERIFICATION,$MM1,$SESSION1,$STRATEGY1,800,2,-8,70,0,2,0,00,TRUE,TRUE,Comment
PARCOMPLEXORDERTRADEWITHBOOKREQ,$PAR1,$MM1,$MM1EXECFIRM,ABC,SXI,9400,*,*,C,8.70,2,10000,100,Y,TRUE,TRUE,Comment
PAUSE,5000
TOPOFBOOKVERIFICATION,$MM1,$SESSION1,$STRATEGY1,800,2,-8,70,0,2,0,00,TRUE,TRUE,Comment
TOPOFBOOKVERIFICATION,$MM1,$SESSION4,$CLASS11PRODUCT1,10000,2,10,00,10000,2,10,20,TRUE,TRUE,Comment
CURRENTMARKETV4BESTMARKETQUERY,$MM1,CBOE,$CLASS1PRODUCT1,100,2,1,00,100,2,1,20,TRUE,TRUE,Comment
VERIFYCOMPLEXPARORDER,$PAR1,$MM1,$MM1EXECFIRM,ABC,SXI,9400,*,8.70,C,1,2,Y,Y,N,Y,-,0.00,0.00,10000,S,0,0,100,10000,1.00,1.20,100,B,100,100,1,100,TRUE,TRUE,Comment
QUOTECANCEL,$MM1,$SESSION4,$CLASS11PRODUCT1,2,TRUE,TRUE,Comment
QUOTECANCELVERIFICATION,$MM1,$SESSION4,$CLASS11PRODUCT1,2,TRUE,TRUE,Comment
QUOTECANCEL,$MM1,$SESSION1,$CLASS1PRODUCT1,2,TRUE,TRUE,Comment
QUOTECANCELVERIFICATION,$MM1,$SESSION1,$CLASS1PRODUCT1,2,TRUE,TRUE,Comment
CANCELALLPARORDERS,$PAR1,$MM1,TRUE,TRUE,Comment
CLEARALLPARCALLBACKS,$PAR1
VERIFYCOMPLEXPARORDER,$PAR1,$MM1,$MM1EXECFIRM,ABC,SXI,9400,*,8.70,C,1,2,Y,Y,N,Y,-,0.00,0.00,10000,S,0,0,100,10000,0.00,0.00,100,B,0,0,1,100,FALSE,TRUE,Comment
ORDERCANCELBYIDNOWAIT,$MM1,$MM1EXCHANGE,$MM1EXECFIRM,SEK,6676,ABC,*,400,$SESSION1,1,TRUE,TRUE,Comment
ORDERCANCELVERIFICATION,$MM1,$MM1EXCHANGE,$MM1EXECFIRM,SEK,6676,ABC,*,$SESSION1,$STRATEGY1,2,400,TRUE,TRUE,Comment
ORDERCANCELBYIDNOWAIT,$MM1,$MM1EXCHANGE,$MM1EXECFIRM,VQS,3550,ABC,*,400,$SESSION1,1,TRUE,TRUE,Comment
ORDERCANCELVERIFICATION,$MM1,$MM1EXCHANGE,$MM1EXECFIRM,VQS,3550,ABC,*,$SESSION1,$STRATEGY1,2,400,TRUE,TRUE,Comment
TOPOFBOOKVERIFICATION,$MM1,$SESSION1,$STRATEGY1,0,2,0,00,0,2,0,00,TRUE,TRUE,Comment

COMMENT, Test Case 12:TB button is NOT activated for the CPS order at PAR (at price marketable with the resting CUSTOMER CPS Order at the TSB in CROSS PRODUCT BOOK). CONDITION:The price of the resting CUSTOMER CPS Order at the TSB in CROSS PRODUCT BOOK is WORSE than DSM
CLEARALLCALLBACKS,$MM1
PRODUCTSTATEQUERY,$SA1,$SESSION4,$CLASS11PRODUCT1,4,TRUE,TRUE,Comment
PRODUCTSTATEQUERY,$SA1,$SESSION1,$CLASS1PRODUCT1,4,TRUE,TRUE,Comment
TOPOFBOOKVERIFICATION,$MM1,$SESSION4,$CLASS11PRODUCT1,0,2,0,00,0,2,0,00,TRUE,TRUE,Comment
TOPOFBOOKVERIFICATION,$MM1,$SESSION1,$CLASS1PRODUCT1,0,2,0,00,0,2,0,00,TRUE,TRUE,Comment
QUOTE,$MM1,2,10,00,10000,2,10,20,10000,$CLASS11PRODUCT1,$SESSION4,User Assigned Id..,TRUE,TRUE,Comment
PAUSE,1000
CURRENTMARKETV3BESTMARKETQUERY,$MM1,$SESSION4,$CLASS11PRODUCT1,10000,2,10,00,10000,2,10,20,TRUE,TRUE,Comment
QUOTE,$MM1,2,1,00,100,2,1,20,100,$CLASS1PRODUCT1,$SESSION1,User Assigned Id..,TRUE,TRUE,Comment
PAUSE,1000
CURRENTMARKETV4BESTMARKETQUERY,$MM1,CBOE,$CLASS1PRODUCT1,100,2,1,00,100,2,1,20,TRUE,TRUE,Comment
SETPRODUCTSTATEBYPRODUCT,$SA1,$SESSION1,$STRATEGY1,$STRATEGYCLASS1,1,TRUE,TRUE,Comment
PRODUCTSTATEQUERY,$SA1,$SESSION1,$STRATEGY1,1,TRUE,TRUE,Comment
SETPRODUCTSTATEBYPRODUCT,$SA1,$SESSION1,$STRATEGY1,$STRATEGYCLASS1,2,TRUE,TRUE,Comment
PRODUCTSTATEQUERY,$SA1,$SESSION1,$STRATEGY1,2,TRUE,TRUE,Comment
SETPRODUCTSTATEBYPRODUCT,$SA1,$SESSION1,$STRATEGY1,$STRATEGYCLASS1,3,TRUE,TRUE,Comment
PRODUCTSTATEQUERY,$SA1,$SESSION1,$STRATEGY1,3,TRUE,TRUE,Comment
SETPRODUCTSTATEBYPRODUCT,$SA1,$SESSION1,$STRATEGY1,$STRATEGYCLASS1,4,TRUE,TRUE,Comment
PRODUCTSTATEQUERY,$SA1,$SESSION1,$STRATEGY1,4,TRUE,TRUE,Comment
PAUSE,1000
TOPOFBOOKVERIFICATION,$MM1,$SESSION1,$STRATEGY1,0,2,0,00,0,2,0,00,TRUE,TRUE,Comment
STRATEGYORDER,$MM1,$MM1EXCHANGE,$MM1EXECFIRM,BTV,6390,ABC,*,$MM1EXCHANGE,$MM1,400,$STRATEGY1,D,2,-9,30,D,21/12/2003 6:00:00.0,1,2,0,00,0,-,-,BARTID=$WORKSTATION1,$MM1,$MM1,C,FALSE,BD,U,0,-,-,$SESSION1,2,$CLASS11PRODUCT1,$MM1EXCHANGE,$MM1EXECFIRM,C,C,$CLASS1PRODUCT1,$MM1EXCHANGE,$MM1EXECFIRM,C,C,TRUE,TRUE,This is the Strategy order: BA:253
PAUSE,10000
VERIFYCOMPLEXPARORDER,$PAR1,$MM1,$MM1EXECFIRM,ABC,BTV,6390,*,9.30,D,1,2,Y,Y,N,Y,-,0.00,0.00,40000,B,0,0,100,40000,1.00,1.20,400,S,100,100,1,400,TRUE,TRUE,Comment
STRATEGYORDER,$MM1,$MM1EXCHANGE,$MM1EXECFIRM,DJU,1742,ABC,*,$MM1EXCHANGE,$MM1,200,$STRATEGY1,O,2,9,30,D,21/12/2003 6:00:00.0,1,2,0,00,0,-,-,-,$MM1,$MM1,C,FALSE,C,U,0,-,-,$SESSION1,2,$CLASS11PRODUCT1,$MM1EXCHANGE,$MM1EXECFIRM,C,C,$CLASS1PRODUCT1,$MM1EXCHANGE,$MM1EXECFIRM,C,C,TRUE,TRUE,This is the Strategy order: BA:250
PAUSE,1000
RFPQUERY,$MM1,$SESSION1,$STRATEGY1,$AUCTION250,U,200,1,0,00,FALSE,TRUE,Comment
TOPOFBOOKVERIFICATION,$MM1,$SESSION1,$STRATEGY1,0,2,0,00,200,2,9,30,TRUE,TRUE,Comment
PARCOMPLEXORDERTRADEWITHBOOKREQ,$PAR1,$MM1,$MM1EXECFIRM,ABC,BTV,6390,*,*,D,9.30,2,40000,400,Y,TRUE,TRUE,Comment
PAUSE,5000
TOPOFBOOKVERIFICATION,$MM1,$SESSION1,$STRATEGY1,0,2,0,00,200,2,9,30,TRUE,TRUE,Comment
TOPOFBOOKVERIFICATION,$MM1,$SESSION4,$CLASS11PRODUCT1,10000,2,10,00,10000,2,10,20,TRUE,TRUE,Comment
CURRENTMARKETV4BESTMARKETQUERY,$MM1,CBOE,$CLASS1PRODUCT1,100,2,1,00,100,2,1,20,TRUE,TRUE,Comment
VERIFYCOMPLEXPARORDER,$PAR1,$MM1,$MM1EXECFIRM,ABC,BTV,6390,*,9.30,D,1,2,Y,Y,N,Y,-,0.00,0.00,40000,B,0,0,100,40000,1.00,1.20,400,S,100,100,1,400,TRUE,TRUE,Comment
QUOTECANCEL,$MM1,$SESSION4,$CLASS11PRODUCT1,2,TRUE,TRUE,Comment
QUOTECANCELVERIFICATION,$MM1,$SESSION4,$CLASS11PRODUCT1,2,TRUE,TRUE,Comment
QUOTECANCEL,$MM1,$SESSION1,$CLASS1PRODUCT1,2,TRUE,TRUE,Comment
QUOTECANCELVERIFICATION,$MM1,$SESSION1,$CLASS1PRODUCT1,2,TRUE,TRUE,Comment
CANCELALLPARORDERS,$PAR1,$MM1,TRUE,TRUE,Comment
CLEARALLPARCALLBACKS,$PAR1
VERIFYCOMPLEXPARORDER,$PAR1,$MM1,$MM1EXECFIRM,ABC,BTV,6390,*,9.30,D,1,2,Y,Y,N,Y,-,0.00,0.00,40000,B,0,0,100,40000,0.00,0.00,400,S,0,0,1,400,FALSE,TRUE,Comment
ORDERCANCELBYIDNOWAIT,$MM1,$MM1EXCHANGE,$MM1EXECFIRM,DJU,1742,ABC,*,200,$SESSION1,1,TRUE,TRUE,Comment
ORDERCANCELVERIFICATION,$MM1,$MM1EXCHANGE,$MM1EXECFIRM,DJU,1742,ABC,*,$SESSION1,$STRATEGY1,2,200,TRUE,TRUE,Comment
TOPOFBOOKVERIFICATION,$MM1,$SESSION1,$STRATEGY1,0,2,0,00,0,2,0,00,TRUE,TRUE,Comment

COMMENT, Test Case 13:TB button is NOT activated for the CPS order at PAR (at price marketable with the resting CUSTOMER and NON-CUSTOMER CPS Order at the TSB in CROSS PRODUCT BOOK). CONDITION:The price of the resting CUSTOMER CPS Order at the TSB in CROSS PRODUCT BOOK is WORSE than DSM
CLEARALLCALLBACKS,$MM1
PRODUCTSTATEQUERY,$SA1,$SESSION4,$CLASS11PRODUCT1,4,TRUE,TRUE,Comment
PRODUCTSTATEQUERY,$SA1,$SESSION1,$CLASS1PRODUCT1,4,TRUE,TRUE,Comment
TOPOFBOOKVERIFICATION,$MM1,$SESSION4,$CLASS11PRODUCT1,0,2,0,00,0,2,0,00,TRUE,TRUE,Comment
TOPOFBOOKVERIFICATION,$MM1,$SESSION1,$CLASS1PRODUCT1,0,2,0,00,0,2,0,00,TRUE,TRUE,Comment
QUOTE,$MM1,2,10,00,10000,2,10,20,10000,$CLASS11PRODUCT1,$SESSION4,User Assigned Id..,TRUE,TRUE,Comment
PAUSE,1000
CURRENTMARKETV3BESTMARKETQUERY,$MM1,$SESSION4,$CLASS11PRODUCT1,10000,2,10,00,10000,2,10,20,TRUE,TRUE,Comment
QUOTE,$MM1,2,1,00,100,2,1,20,100,$CLASS1PRODUCT1,$SESSION1,User Assigned Id..,TRUE,TRUE,Comment
PAUSE,1000
CURRENTMARKETV4BESTMARKETQUERY,$MM1,CBOE,$CLASS1PRODUCT1,100,2,1,00,100,2,1,20,TRUE,TRUE,Comment
SETPRODUCTSTATEBYPRODUCT,$SA1,$SESSION1,$STRATEGY1,$STRATEGYCLASS1,1,TRUE,TRUE,Comment
PRODUCTSTATEQUERY,$SA1,$SESSION1,$STRATEGY1,1,TRUE,TRUE,Comment
SETPRODUCTSTATEBYPRODUCT,$SA1,$SESSION1,$STRATEGY1,$STRATEGYCLASS1,2,TRUE,TRUE,Comment
PRODUCTSTATEQUERY,$SA1,$SESSION1,$STRATEGY1,2,TRUE,TRUE,Comment
SETPRODUCTSTATEBYPRODUCT,$SA1,$SESSION1,$STRATEGY1,$STRATEGYCLASS1,3,TRUE,TRUE,Comment
PRODUCTSTATEQUERY,$SA1,$SESSION1,$STRATEGY1,3,TRUE,TRUE,Comment
SETPRODUCTSTATEBYPRODUCT,$SA1,$SESSION1,$STRATEGY1,$STRATEGYCLASS1,4,TRUE,TRUE,Comment
PRODUCTSTATEQUERY,$SA1,$SESSION1,$STRATEGY1,4,TRUE,TRUE,Comment
PAUSE,1000
TOPOFBOOKVERIFICATION,$MM1,$SESSION1,$STRATEGY1,0,2,0,00,0,2,0,00,TRUE,TRUE,Comment
STRATEGYORDER,$MM1,$MM1EXCHANGE,$MM1EXECFIRM,UTK,4251,ABC,*,$MM1EXCHANGE,$MM1,400,$STRATEGY1,D,2,-9,30,D,21/12/2003 6:00:00.0,1,2,0,00,0,-,-,BARTID=$WORKSTATION1,$MM1,$MM1,C,FALSE,BD,U,0,-,-,$SESSION1,2,$CLASS11PRODUCT1,$MM1EXCHANGE,$MM1EXECFIRM,C,C,$CLASS1PRODUCT1,$MM1EXCHANGE,$MM1EXECFIRM,C,C,TRUE,TRUE,This is the Strategy order: BA:253
PAUSE,10000
VERIFYCOMPLEXPARORDER,$PAR1,$MM1,$MM1EXECFIRM,ABC,UTK,4251,*,9.30,D,1,2,Y,Y,N,Y,-,0.00,0.00,40000,B,0,0,100,40000,1.00,1.20,400,S,100,100,1,400,TRUE,TRUE,Comment
STRATEGYORDER,$MM1,$MM1EXCHANGE,$MM1EXECFIRM,XRJ,3011,ABC,*,$MM1EXCHANGE,$MM1,200,$STRATEGY1,O,2,9,30,D,21/12/2003 6:00:00.0,1,2,0,00,0,-,-,-,$MM1,$MM1,C,FALSE,F,U,0,-,-,$SESSION1,2,$CLASS11PRODUCT1,$MM1EXCHANGE,$MM1EXECFIRM,C,C,$CLASS1PRODUCT1,$MM1EXCHANGE,$MM1EXECFIRM,C,C,TRUE,TRUE,This is the Strategy order: BA:250
PAUSE,1000
RFPQUERY,$MM1,$SESSION1,$STRATEGY1,$AUCTION250,U,200,1,0,00,FALSE,TRUE,Comment
TOPOFBOOKVERIFICATION,$MM1,$SESSION1,$STRATEGY1,0,2,0,00,200,2,9,30,TRUE,TRUE,Comment
STRATEGYORDER,$MM1,$MM1EXCHANGE,$MM1EXECFIRM,VTC,2043,ABC,*,$MM1EXCHANGE,$MM1,200,$STRATEGY1,O,2,9,30,D,21/12/2003 6:00:00.0,1,2,0,00,0,-,-,-,$MM1,$MM1,C,FALSE,C,U,0,-,-,$SESSION1,2,$CLASS11PRODUCT1,$MM1EXCHANGE,$MM1EXECFIRM,C,C,$CLASS1PRODUCT1,$MM1EXCHANGE,$MM1EXECFIRM,C,C,TRUE,TRUE,This is the Strategy order: BA:251
PAUSE,1000
RFPQUERY,$MM1,$SESSION1,$STRATEGY1,$AUCTION251,U,200,1,0,00,FALSE,TRUE,Comment
TOPOFBOOKVERIFICATION,$MM1,$SESSION1,$STRATEGY1,0,2,0,00,400,2,9,30,TRUE,TRUE,Comment
PARCOMPLEXORDERTRADEWITHBOOKREQ,$PAR1,$MM1,$MM1EXECFIRM,ABC,UTK,4251,*,*,D,9.30,2,40000,400,Y,TRUE,TRUE,Comment
PAUSE,5000
TOPOFBOOKVERIFICATION,$MM1,$SESSION1,$STRATEGY1,0,2,0,00,400,2,9,30,TRUE,TRUE,Comment
TOPOFBOOKVERIFICATION,$MM1,$SESSION4,$CLASS11PRODUCT1,10000,2,10,00,10000,2,10,20,TRUE,TRUE,Comment
CURRENTMARKETV4BESTMARKETQUERY,$MM1,CBOE,$CLASS1PRODUCT1,100,2,1,00,100,2,1,20,TRUE,TRUE,Comment
VERIFYCOMPLEXPARORDER,$PAR1,$MM1,$MM1EXECFIRM,ABC,UTK,4251,*,9.30,D,1,2,Y,Y,N,Y,-,0.00,0.00,40000,B,0,0,100,40000,1.00,1.20,400,S,100,100,1,400,TRUE,TRUE,Comment
QUOTECANCEL,$MM1,$SESSION4,$CLASS11PRODUCT1,2,TRUE,TRUE,Comment
QUOTECANCELVERIFICATION,$MM1,$SESSION4,$CLASS11PRODUCT1,2,TRUE,TRUE,Comment
QUOTECANCEL,$MM1,$SESSION1,$CLASS1PRODUCT1,2,TRUE,TRUE,Comment
QUOTECANCELVERIFICATION,$MM1,$SESSION1,$CLASS1PRODUCT1,2,TRUE,TRUE,Comment
CANCELALLPARORDERS,$PAR1,$MM1,TRUE,TRUE,Comment
CLEARALLPARCALLBACKS,$PAR1
VERIFYCOMPLEXPARORDER,$PAR1,$MM1,$MM1EXECFIRM,ABC,UTK,4251,*,9.30,D,1,2,Y,Y,N,Y,-,0.00,0.00,40000,B,0,0,100,40000,0.00,0.00,400,S,0,0,1,400,FALSE,TRUE,Comment
ORDERCANCELBYIDNOWAIT,$MM1,$MM1EXCHANGE,$MM1EXECFIRM,XRJ,3011,ABC,*,200,$SESSION1,1,TRUE,TRUE,Comment
ORDERCANCELVERIFICATION,$MM1,$MM1EXCHANGE,$MM1EXECFIRM,XRJ,3011,ABC,*,$SESSION1,$STRATEGY1,2,200,TRUE,TRUE,Comment
ORDERCANCELBYIDNOWAIT,$MM1,$MM1EXCHANGE,$MM1EXECFIRM,VTC,2043,ABC,*,200,$SESSION1,1,TRUE,TRUE,Comment
ORDERCANCELVERIFICATION,$MM1,$MM1EXCHANGE,$MM1EXECFIRM,VTC,2043,ABC,*,$SESSION1,$STRATEGY1,2,200,TRUE,TRUE,Comment
TOPOFBOOKVERIFICATION,$MM1,$SESSION1,$STRATEGY1,0,2,0,00,0,2,0,00,TRUE,TRUE,Comment

COMMENT, Test Case 14:Resting Simple Orders with CUSTOMER origin on TOP of the BOOK on ALL LEGS and resting CUSTOMER CPS Order on TOP of the BOOK in CROSS PRODUCT BOOK at price EQUAL to DSM and sent AFTER Customer Simple Orders arrived on CBOE market
CLEARALLCALLBACKS,$MM1
PRODUCTSTATEQUERY,$SA1,$SESSION4,$CLASS11PRODUCT1,4,TRUE,TRUE,Comment
PRODUCTSTATEQUERY,$SA1,$SESSION1,$CLASS1PRODUCT1,4,TRUE,TRUE,Comment
TOPOFBOOKVERIFICATION,$MM1,$SESSION4,$CLASS11PRODUCT1,0,2,0,00,0,2,0,00,TRUE,TRUE,Comment
TOPOFBOOKVERIFICATION,$MM1,$SESSION1,$CLASS1PRODUCT1,0,2,0,00,0,2,0,00,TRUE,TRUE,Comment
QUOTE,$MM1,2,10,00,10000,2,10,20,10000,$CLASS11PRODUCT1,$SESSION4,User Assigned Id..,TRUE,TRUE,Comment
PAUSE,1000
CURRENTMARKETV3BESTMARKETQUERY,$MM1,$SESSION4,$CLASS11PRODUCT1,10000,2,10,00,10000,2,10,20,TRUE,TRUE,Comment
QUOTE,$MM1,2,1,00,100,2,1,20,100,$CLASS1PRODUCT1,$SESSION1,User Assigned Id..,TRUE,TRUE,Comment
ORDER,$MM1,$MM1EXCHANGE,$MM1EXECFIRM,PND,4452,ABC,*,$MM1EXCHANGE,$MM1,100,$CLASS1PRODUCT1,B,2,1,00,D,21/12/2003 6:00:00.0,1,2,0,00,0,-,-,-,$MM1,$MM1,C,FALSE,C,U,0,-,-,$SESSION1,TRUE,TRUE,Comment
PAUSE,1000
CURRENTMARKETV4BESTMARKETQUERY,$MM1,CBOE,$CLASS1PRODUCT1,200,2,1,00,100,2,1,20,TRUE,TRUE,Comment
SETPRODUCTSTATEBYPRODUCT,$SA1,$SESSION1,$STRATEGY1,$STRATEGYCLASS1,1,TRUE,TRUE,Comment
PRODUCTSTATEQUERY,$SA1,$SESSION1,$STRATEGY1,1,TRUE,TRUE,Comment
SETPRODUCTSTATEBYPRODUCT,$SA1,$SESSION1,$STRATEGY1,$STRATEGYCLASS1,2,TRUE,TRUE,Comment
PRODUCTSTATEQUERY,$SA1,$SESSION1,$STRATEGY1,2,TRUE,TRUE,Comment
SETPRODUCTSTATEBYPRODUCT,$SA1,$SESSION1,$STRATEGY1,$STRATEGYCLASS1,3,TRUE,TRUE,Comment
PRODUCTSTATEQUERY,$SA1,$SESSION1,$STRATEGY1,3,TRUE,TRUE,Comment
SETPRODUCTSTATEBYPRODUCT,$SA1,$SESSION1,$STRATEGY1,$STRATEGYCLASS1,4,TRUE,TRUE,Comment
PRODUCTSTATEQUERY,$SA1,$SESSION1,$STRATEGY1,4,TRUE,TRUE,Comment
TOPOFBOOKVERIFICATION,$MM1,$SESSION1,$STRATEGY1,0,2,0,00,0,2,0,00,TRUE,TRUE,Comment
STRATEGYORDER,$MM1,$MM1EXCHANGE,$MM1EXECFIRM,MGK,3967,ABC,*,$MM1EXCHANGE,$MM1,400,$STRATEGY1,D,2,-9,20,D,21/12/2003 6:00:00.0,1,2,0,00,0,-,-,BARTID=$WORKSTATION1,$MM1,$MM1,C,FALSE,BD,U,0,-,-,$SESSION1,2,$CLASS11PRODUCT1,$MM1EXCHANGE,$MM1EXECFIRM,C,C,$CLASS1PRODUCT1,$MM1EXCHANGE,$MM1EXECFIRM,C,C,TRUE,TRUE,This is the Strategy order: BA:253
PAUSE,10000
VERIFYCOMPLEXPARORDER,$PAR1,$MM1,$MM1EXECFIRM,ABC,MGK,3967,*,9.20,D,1,2,Y,Y,N,Y,-,0.00,0.00,40000,B,0,0,100,40000,1.00,1.20,400,S,200,100,1,400,TRUE,TRUE,Comment
STRATEGYORDER,$MM1,$MM1EXCHANGE,$MM1EXECFIRM,EEJ,2007,ABC,*,$MM1EXCHANGE,$MM1,200,$STRATEGY1,O,2,9,20,D,21/12/2003 6:00:00.0,1,2,0,00,0,-,-,-,$MM1,$MM1,C,FALSE,C,U,0,-,-,$SESSION1,2,$CLASS11PRODUCT1,$MM1EXCHANGE,$MM1EXECFIRM,C,C,$CLASS1PRODUCT1,$MM1EXCHANGE,$MM1EXECFIRM,C,C,TRUE,TRUE,This is the Strategy order: BA:250
PAUSE,1000
RFPQUERY,$MM1,$SESSION1,$STRATEGY1,$AUCTION250,U,200,1,0,00,FALSE,TRUE,Comment
TOPOFBOOKVERIFICATION,$MM1,$SESSION1,$STRATEGY1,0,2,0,00,200,2,9,20,TRUE,TRUE,Comment
PARCOMPLEXORDERTRADEWITHBOOKREQ,$PAR1,$MM1,$MM1EXECFIRM,ABC,MGK,3967,*,*,D,9.20,2,40000,400,Y,TRUE,TRUE,Comment
PAUSE,5000
TOPOFBOOKVERIFICATION,$MM1,$SESSION1,$STRATEGY1,0,2,0,00,200,2,9,20,TRUE,TRUE,Comment
TOPOFBOOKVERIFICATION,$MM1,$SESSION4,$CLASS11PRODUCT1,10000,2,10,00,10000,2,10,20,TRUE,TRUE,Comment
CURRENTMARKETV4BESTMARKETQUERY,$MM1,CBOE,$CLASS1PRODUCT1,200,2,1,00,100,2,1,20,TRUE,TRUE,Comment
VERIFYCOMPLEXPARORDER,$PAR1,$MM1,$MM1EXECFIRM,ABC,MGK,3967,*,9.20,D,1,2,Y,Y,N,Y,-,0.00,0.00,40000,B,0,0,100,40000,1.00,1.20,400,S,200,100,1,400,TRUE,TRUE,Comment
ORDERCANCELBYIDNOWAIT,$MM1,$MM1EXCHANGE,$MM1EXECFIRM,PND,4452,ABC,*,100,$SESSION1,1,TRUE,TRUE,Comment
ORDERCANCELVERIFICATION,$MM1,$MM1EXCHANGE,$MM1EXECFIRM,PND,4452,ABC,*,$SESSION1,$CLASS1PRODUCT1,2,100,TRUE,TRUE,Comment
QUOTECANCEL,$MM1,$SESSION4,$CLASS11PRODUCT1,2,TRUE,TRUE,Comment
QUOTECANCELVERIFICATION,$MM1,$SESSION4,$CLASS11PRODUCT1,2,TRUE,TRUE,Comment
QUOTECANCEL,$MM1,$SESSION1,$CLASS1PRODUCT1,2,TRUE,TRUE,Comment
QUOTECANCELVERIFICATION,$MM1,$SESSION1,$CLASS1PRODUCT1,2,TRUE,TRUE,Comment
CANCELALLPARORDERS,$PAR1,$MM1,TRUE,TRUE,Comment
CLEARALLPARCALLBACKS,$PAR1
VERIFYCOMPLEXPARORDER,$PAR1,$MM1,$MM1EXECFIRM,ABC,MGK,3967,*,9.20,D,1,2,Y,Y,N,Y,-,0.00,0.00,40000,B,0,0,100,40000,0.00,0.00,400,S,0,0,1,400,FALSE,TRUE,Comment
ORDERCANCELBYIDNOWAIT,$MM1,$MM1EXCHANGE,$MM1EXECFIRM,EEJ,2007,ABC,*,200,$SESSION1,1,TRUE,TRUE,Comment
ORDERCANCELVERIFICATION,$MM1,$MM1EXCHANGE,$MM1EXECFIRM,EEJ,2007,ABC,*,$SESSION1,$STRATEGY1,2,200,TRUE,TRUE,Comment
PAUSE,1000
TOPOFBOOKVERIFICATION,$MM1,$SESSION1,$STRATEGY1,0,2,0,00,0,2,0,00,TRUE,TRUE,Comment

COMMENT, Test Case 15:Resting Simple Orders with CUSTOMER origin on TOP of the BOOK on ALL LEGS and resting CUSTOMER and NON-CUSTOMER CPS Orders on TOP of the BOOK in CROSS PRODUCT BOOK at price EQUAL to DSM and sent AFTER Customer Simple Orders arrived on CBOE market
CLEARALLCALLBACKS,$MM1
PRODUCTSTATEQUERY,$SA1,$SESSION4,$CLASS11PRODUCT1,4,TRUE,TRUE,Comment
PRODUCTSTATEQUERY,$SA1,$SESSION1,$CLASS1PRODUCT1,4,TRUE,TRUE,Comment
TOPOFBOOKVERIFICATION,$MM1,$SESSION4,$CLASS11PRODUCT1,0,2,0,00,0,2,0,00,TRUE,TRUE,Comment
TOPOFBOOKVERIFICATION,$MM1,$SESSION1,$CLASS1PRODUCT1,0,2,0,00,0,2,0,00,TRUE,TRUE,Comment
QUOTE,$MM1,2,10,00,10000,2,10,20,10000,$CLASS11PRODUCT1,$SESSION4,User Assigned Id..,TRUE,TRUE,Comment
PAUSE,1000
CURRENTMARKETV3BESTMARKETQUERY,$MM1,$SESSION4,$CLASS11PRODUCT1,10000,2,10,00,10000,2,10,20,TRUE,TRUE,Comment
QUOTE,$MM1,2,1,00,100,2,1,20,100,$CLASS1PRODUCT1,$SESSION1,User Assigned Id..,TRUE,TRUE,Comment
ORDER,$MM1,$MM1EXCHANGE,$MM1EXECFIRM,LPM,3222,ABC,*,$MM1EXCHANGE,$MM1,100,$CLASS1PRODUCT1,B,2,1,00,D,21/12/2003 6:00:00.0,1,2,0,00,0,-,-,-,$MM1,$MM1,C,FALSE,C,U,0,-,-,$SESSION1,TRUE,TRUE,Comment
PAUSE,1000
CURRENTMARKETV4BESTMARKETQUERY,$MM1,CBOE,$CLASS1PRODUCT1,200,2,1,00,100,2,1,20,TRUE,TRUE,Comment
SETPRODUCTSTATEBYPRODUCT,$SA1,$SESSION1,$STRATEGY1,$STRATEGYCLASS1,1,TRUE,TRUE,Comment
PRODUCTSTATEQUERY,$SA1,$SESSION1,$STRATEGY1,1,TRUE,TRUE,Comment
SETPRODUCTSTATEBYPRODUCT,$SA1,$SESSION1,$STRATEGY1,$STRATEGYCLASS1,2,TRUE,TRUE,Comment
PRODUCTSTATEQUERY,$SA1,$SESSION1,$STRATEGY1,2,TRUE,TRUE,Comment
SETPRODUCTSTATEBYPRODUCT,$SA1,$SESSION1,$STRATEGY1,$STRATEGYCLASS1,3,TRUE,TRUE,Comment
PRODUCTSTATEQUERY,$SA1,$SESSION1,$STRATEGY1,3,TRUE,TRUE,Comment
SETPRODUCTSTATEBYPRODUCT,$SA1,$SESSION1,$STRATEGY1,$STRATEGYCLASS1,4,TRUE,TRUE,Comment
PRODUCTSTATEQUERY,$SA1,$SESSION1,$STRATEGY1,4,TRUE,TRUE,Comment
TOPOFBOOKVERIFICATION,$MM1,$SESSION1,$STRATEGY1,0,2,0,00,0,2,0,00,TRUE,TRUE,Comment
STRATEGYORDER,$MM1,$MM1EXCHANGE,$MM1EXECFIRM,BUB,7533,ABC,*,$MM1EXCHANGE,$MM1,400,$STRATEGY1,D,2,-9,20,D,21/12/2003 6:00:00.0,1,2,0,00,0,-,-,BARTID=$WORKSTATION1,$MM1,$MM1,C,FALSE,BD,U,0,-,-,$SESSION1,2,$CLASS11PRODUCT1,$MM1EXCHANGE,$MM1EXECFIRM,C,C,$CLASS1PRODUCT1,$MM1EXCHANGE,$MM1EXECFIRM,C,C,TRUE,TRUE,This is the Strategy order: BA:253
PAUSE,1000
VERIFYCOMPLEXPARORDER,$PAR1,$MM1,$MM1EXECFIRM,ABC,BUB,7533,*,9.20,D,1,2,Y,Y,N,Y,-,0.00,0.00,40000,B,0,0,100,40000,1.00,1.20,400,S,200,100,1,400,TRUE,TRUE,Comment
STRATEGYORDER,$MM1,$MM1EXCHANGE,$MM1EXECFIRM,VMS,2077,ABC,*,$MM1EXCHANGE,$MM1,200,$STRATEGY1,O,2,9,20,D,21/12/2003 6:00:00.0,1,2,0,00,0,-,-,-,$MM1,$MM1,C,FALSE,F,U,0,-,-,$SESSION1,2,$CLASS11PRODUCT1,$MM1EXCHANGE,$MM1EXECFIRM,C,C,$CLASS1PRODUCT1,$MM1EXCHANGE,$MM1EXECFIRM,C,C,TRUE,TRUE,This is the Strategy order: BA:250
PAUSE,1000
RFPQUERY,$MM1,$SESSION1,$STRATEGY1,$AUCTION250,U,200,1,0,00,FALSE,TRUE,Comment
TOPOFBOOKVERIFICATION,$MM1,$SESSION1,$STRATEGY1,0,2,0,00,200,2,9,20,TRUE,TRUE,Comment
STRATEGYORDER,$MM1,$MM1EXCHANGE,$MM1EXECFIRM,YVW,2209,ABC,*,$MM1EXCHANGE,$MM1,200,$STRATEGY1,O,2,9,20,D,21/12/2003 6:00:00.0,1,2,0,00,0,-,-,-,$MM1,$MM1,C,FALSE,C,U,0,-,-,$SESSION1,2,$CLASS11PRODUCT1,$MM1EXCHANGE,$MM1EXECFIRM,C,C,$CLASS1PRODUCT1,$MM1EXCHANGE,$MM1EXECFIRM,C,C,TRUE,TRUE,This is the Strategy order: BA:251
PAUSE,1000
RFPQUERY,$MM1,$SESSION1,$STRATEGY1,$AUCTION251,U,200,1,0,00,FALSE,TRUE,Comment
TOPOFBOOKVERIFICATION,$MM1,$SESSION1,$STRATEGY1,0,2,0,00,400,2,9,20,TRUE,TRUE,Comment
PARCOMPLEXORDERTRADEWITHBOOKREQ,$PAR1,$MM1,$MM1EXECFIRM,ABC,BUB,7533,*,*,D,9.20,2,40000,400,Y,TRUE,TRUE,Comment
PAUSE,5000
TOPOFBOOKVERIFICATION,$MM1,$SESSION1,$STRATEGY1,0,2,0,00,400,2,9,20,TRUE,TRUE,Comment
TOPOFBOOKVERIFICATION,$MM1,$SESSION4,$CLASS11PRODUCT1,10000,2,10,00,10000,2,10,20,TRUE,TRUE,Comment
CURRENTMARKETV4BESTMARKETQUERY,$MM1,CBOE,$CLASS1PRODUCT1,200,2,1,00,100,2,1,20,TRUE,TRUE,Comment
VERIFYCOMPLEXPARORDER,$PAR1,$MM1,$MM1EXECFIRM,ABC,BUB,7533,*,9.20,D,1,2,Y,Y,N,Y,-,0.00,0.00,40000,B,0,0,100,40000,1.00,1.20,400,S,200,100,1,400,TRUE,TRUE,Comment
ORDERCANCELBYIDNOWAIT,$MM1,$MM1EXCHANGE,$MM1EXECFIRM,LPM,3222,ABC,*,100,$SESSION1,1,TRUE,TRUE,Comment
ORDERCANCELVERIFICATION,$MM1,$MM1EXCHANGE,$MM1EXECFIRM,LPM,3222,ABC,*,$SESSION1,$CLASS1PRODUCT1,2,100,TRUE,TRUE,Comment
QUOTECANCEL,$MM1,$SESSION4,$CLASS11PRODUCT1,2,TRUE,TRUE,Comment
QUOTECANCELVERIFICATION,$MM1,$SESSION4,$CLASS11PRODUCT1,2,TRUE,TRUE,Comment
QUOTECANCEL,$MM1,$SESSION1,$CLASS1PRODUCT1,2,TRUE,TRUE,Comment
QUOTECANCELVERIFICATION,$MM1,$SESSION1,$CLASS1PRODUCT1,2,TRUE,TRUE,Comment
CANCELALLPARORDERS,$PAR1,$MM1,TRUE,TRUE,Comment
CLEARALLPARCALLBACKS,$PAR1
VERIFYCOMPLEXPARORDER,$PAR1,$MM1,$MM1EXECFIRM,ABC,BUB,7533,*,9.20,D,1,2,Y,Y,N,Y,-,0.00,0.00,40000,B,0,0,100,40000,0.00,0.00,400,S,0,0,1,400,FALSE,TRUE,Comment
ORDERCANCELBYIDNOWAIT,$MM1,$MM1EXCHANGE,$MM1EXECFIRM,VMS,2077,ABC,*,200,$SESSION1,1,TRUE,TRUE,Comment
ORDERCANCELVERIFICATION,$MM1,$MM1EXCHANGE,$MM1EXECFIRM,VMS,2077,ABC,*,$SESSION1,$STRATEGY1,2,200,TRUE,TRUE,Comment
ORDERCANCELBYIDNOWAIT,$MM1,$MM1EXCHANGE,$MM1EXECFIRM,YVW,2209,ABC,*,200,$SESSION1,1,TRUE,TRUE,Comment
ORDERCANCELVERIFICATION,$MM1,$MM1EXCHANGE,$MM1EXECFIRM,YVW,2209,ABC,*,$SESSION1,$STRATEGY1,2,200,TRUE,TRUE,Comment
PAUSE,1000
TOPOFBOOKVERIFICATION,$MM1,$SESSION1,$STRATEGY1,0,2,0,00,0,2,0,00,TRUE,TRUE,Comment

COMMENT, Test Case 16:Resting CUSTOMER CPS Order on TOP of the BOOK in CROSS PRODUCT BOOK at price EQUAL to DSM but price of the CPS Order at PAR is NON-MARKETABLE with the CUSTOMER CPS Order in CROSS PRODUCT BOOK
CLEARALLCALLBACKS,$MM1
PRODUCTSTATEQUERY,$SA1,$SESSION4,$CLASS11PRODUCT1,4,TRUE,TRUE,Comment
PRODUCTSTATEQUERY,$SA1,$SESSION1,$CLASS1PRODUCT1,4,TRUE,TRUE,Comment
TOPOFBOOKVERIFICATION,$MM1,$SESSION4,$CLASS11PRODUCT1,0,2,0,00,0,2,0,00,TRUE,TRUE,Comment
TOPOFBOOKVERIFICATION,$MM1,$SESSION1,$CLASS1PRODUCT1,0,2,0,00,0,2,0,00,TRUE,TRUE,Comment
QUOTE,$MM1,2,10,00,10000,2,10,20,10000,$CLASS11PRODUCT1,$SESSION4,User Assigned Id..,TRUE,TRUE,Comment
PAUSE,1000
CURRENTMARKETV3BESTMARKETQUERY,$MM1,$SESSION4,$CLASS11PRODUCT1,10000,2,10,00,10000,2,10,20,TRUE,TRUE,Comment
QUOTE,$MM1,2,1,00,100,2,1,20,100,$CLASS1PRODUCT1,$SESSION1,User Assigned Id..,TRUE,TRUE,Comment
PAUSE,1000
CURRENTMARKETV4BESTMARKETQUERY,$MM1,CBOE,$CLASS1PRODUCT1,100,2,1,00,100,2,1,20,TRUE,TRUE,Comment
SETPRODUCTSTATEBYPRODUCT,$SA1,$SESSION1,$STRATEGY1,$STRATEGYCLASS1,1,TRUE,TRUE,Comment
PRODUCTSTATEQUERY,$SA1,$SESSION1,$STRATEGY1,1,TRUE,TRUE,Comment
SETPRODUCTSTATEBYPRODUCT,$SA1,$SESSION1,$STRATEGY1,$STRATEGYCLASS1,2,TRUE,TRUE,Comment
PRODUCTSTATEQUERY,$SA1,$SESSION1,$STRATEGY1,2,TRUE,TRUE,Comment
SETPRODUCTSTATEBYPRODUCT,$SA1,$SESSION1,$STRATEGY1,$STRATEGYCLASS1,3,TRUE,TRUE,Comment
PRODUCTSTATEQUERY,$SA1,$SESSION1,$STRATEGY1,3,TRUE,TRUE,Comment
SETPRODUCTSTATEBYPRODUCT,$SA1,$SESSION1,$STRATEGY1,$STRATEGYCLASS1,4,TRUE,TRUE,Comment
PRODUCTSTATEQUERY,$SA1,$SESSION1,$STRATEGY1,4,TRUE,TRUE,Comment
TOPOFBOOKVERIFICATION,$MM1,$SESSION1,$STRATEGY1,0,2,0,00,0,2,0,00,TRUE,TRUE,Comment
STRATEGYORDER,$MM1,$MM1EXCHANGE,$MM1EXECFIRM,FPK,6724,ABC,*,$MM1EXCHANGE,$MM1,400,$STRATEGY1,D,2,-9,10,D,21/12/2003 6:00:00.0,1,2,0,00,0,-,-,BARTID=$WORKSTATION1,$MM1,$MM1,C,FALSE,BD,U,0,-,-,$SESSION1,2,$CLASS11PRODUCT1,$MM1EXCHANGE,$MM1EXECFIRM,C,C,$CLASS1PRODUCT1,$MM1EXCHANGE,$MM1EXECFIRM,C,C,TRUE,TRUE,This is the Strategy order: BA:253
PAUSE,10000
VERIFYCOMPLEXPARORDER,$PAR1,$MM1,$MM1EXECFIRM,ABC,FPK,6724,*,9.10,D,1,2,Y,Y,N,Y,-,0.00,0.00,40000,B,0,0,100,40000,1.00,1.20,400,S,100,100,1,400,TRUE,TRUE,Comment
STRATEGYORDER,$MM1,$MM1EXCHANGE,$MM1EXECFIRM,LNY,8784,ABC,*,$MM1EXCHANGE,$MM1,200,$STRATEGY1,O,2,9,20,D,21/12/2003 6:00:00.0,1,2,0,00,0,-,-,-,$MM1,$MM1,C,FALSE,C,U,0,-,-,$SESSION1,2,$CLASS11PRODUCT1,$MM1EXCHANGE,$MM1EXECFIRM,C,C,$CLASS1PRODUCT1,$MM1EXCHANGE,$MM1EXECFIRM,C,C,TRUE,TRUE,This is the Strategy order: BA:251
PAUSE,1000
RFPQUERY,$MM1,$SESSION1,$STRATEGY1,$AUCTION251,U,200,1,0,00,FALSE,TRUE,Comment
TOPOFBOOKVERIFICATION,$MM1,$SESSION1,$STRATEGY1,0,2,0,00,200,2,9,20,TRUE,TRUE,Comment
PARCOMPLEXORDERTRADEWITHBOOKREQ,$PAR1,$MM1,$MM1EXECFIRM,ABC,FPK,6724,*,*,D,9.10,2,40000,400,Y,TRUE,TRUE,Comment
PAUSE,5000
TOPOFBOOKVERIFICATION,$MM1,$SESSION1,$STRATEGY1,0,2,0,00,200,2,9,20,TRUE,TRUE,Comment
TOPOFBOOKVERIFICATION,$MM1,$SESSION4,$CLASS11PRODUCT1,10000,2,10,00,10000,2,10,20,TRUE,TRUE,Comment
CURRENTMARKETV4BESTMARKETQUERY,$MM1,CBOE,$CLASS1PRODUCT1,100,2,1,00,100,2,1,20,TRUE,TRUE,Comment
VERIFYCOMPLEXPARORDER,$PAR1,$MM1,$MM1EXECFIRM,ABC,FPK,6724,*,9.10,D,1,2,Y,Y,N,Y,-,0.00,0.00,40000,B,0,0,100,40000,1.00,1.20,400,S,100,100,1,400,TRUE,TRUE,Comment
QUOTECANCEL,$MM1,$SESSION4,$CLASS11PRODUCT1,2,TRUE,TRUE,Comment
QUOTECANCELVERIFICATION,$MM1,$SESSION4,$CLASS11PRODUCT1,2,TRUE,TRUE,Comment
QUOTECANCEL,$MM1,$SESSION1,$CLASS1PRODUCT1,2,TRUE,TRUE,Comment
QUOTECANCELVERIFICATION,$MM1,$SESSION1,$CLASS1PRODUCT1,2,TRUE,TRUE,Comment
CANCELALLPARORDERS,$PAR1,$MM1,TRUE,TRUE,Comment
CLEARALLPARCALLBACKS,$PAR1
VERIFYCOMPLEXPARORDER,$PAR1,$MM1,$MM1EXECFIRM,ABC,FPK,6724,*,9.10,D,1,2,Y,Y,N,Y,-,0.00,0.00,40000,B,0,0,100,40000,0.00,0.00,400,S,0,0,1,400,FALSE,TRUE,Comment
ORDERCANCELBYIDNOWAIT,$MM1,$MM1EXCHANGE,$MM1EXECFIRM,LNY,8784,ABC,*,200,$SESSION1,1,TRUE,TRUE,Comment
ORDERCANCELVERIFICATION,$MM1,$MM1EXCHANGE,$MM1EXECFIRM,LNY,8784,ABC,*,$SESSION1,$STRATEGY1,2,200,TRUE,TRUE,Comment
PAUSE,1000
TOPOFBOOKVERIFICATION,$MM1,$SESSION1,$STRATEGY1,0,2,0,00,0,2,0,00,TRUE,TRUE,Comment

COMMENT, Test Case 17:Resting CUSTOMER and NON-CUSTOMER CPS Orders on TOP of the BOOK in CROSS PRODUCT BOOK at price EQUAL to DSM but price of the CPS Order at PAR is NON-MARKETABLE with the CUSTOMER CPS Order in CROSS PRODUCT BOOK
CLEARALLCALLBACKS,$MM1
PRODUCTSTATEQUERY,$SA1,$SESSION4,$CLASS11PRODUCT1,4,TRUE,TRUE,Comment
PRODUCTSTATEQUERY,$SA1,$SESSION1,$CLASS1PRODUCT1,4,TRUE,TRUE,Comment
TOPOFBOOKVERIFICATION,$MM1,$SESSION4,$CLASS11PRODUCT1,0,2,0,00,0,2,0,00,TRUE,TRUE,Comment
TOPOFBOOKVERIFICATION,$MM1,$SESSION1,$CLASS1PRODUCT1,0,2,0,00,0,2,0,00,TRUE,TRUE,Comment
QUOTE,$MM1,2,10,00,10000,2,10,20,10000,$CLASS11PRODUCT1,$SESSION4,User Assigned Id..,TRUE,TRUE,Comment
PAUSE,1000
CURRENTMARKETV3BESTMARKETQUERY,$MM1,$SESSION4,$CLASS11PRODUCT1,10000,2,10,00,10000,2,10,20,TRUE,TRUE,Comment
QUOTE,$MM1,2,1,00,100,2,1,20,100,$CLASS1PRODUCT1,$SESSION1,User Assigned Id..,TRUE,TRUE,Comment
PAUSE,1000
CURRENTMARKETV4BESTMARKETQUERY,$MM1,CBOE,$CLASS1PRODUCT1,100,2,1,00,100,2,1,20,TRUE,TRUE,Comment
SETPRODUCTSTATEBYPRODUCT,$SA1,$SESSION1,$STRATEGY1,$STRATEGYCLASS1,1,TRUE,TRUE,Comment
PRODUCTSTATEQUERY,$SA1,$SESSION1,$STRATEGY1,1,TRUE,TRUE,Comment
SETPRODUCTSTATEBYPRODUCT,$SA1,$SESSION1,$STRATEGY1,$STRATEGYCLASS1,2,TRUE,TRUE,Comment
PRODUCTSTATEQUERY,$SA1,$SESSION1,$STRATEGY1,2,TRUE,TRUE,Comment
SETPRODUCTSTATEBYPRODUCT,$SA1,$SESSION1,$STRATEGY1,$STRATEGYCLASS1,3,TRUE,TRUE,Comment
PRODUCTSTATEQUERY,$SA1,$SESSION1,$STRATEGY1,3,TRUE,TRUE,Comment
SETPRODUCTSTATEBYPRODUCT,$SA1,$SESSION1,$STRATEGY1,$STRATEGYCLASS1,4,TRUE,TRUE,Comment
PRODUCTSTATEQUERY,$SA1,$SESSION1,$STRATEGY1,4,TRUE,TRUE,Comment
TOPOFBOOKVERIFICATION,$MM1,$SESSION1,$STRATEGY1,0,2,0,00,0,2,0,00,TRUE,TRUE,Comment
STRATEGYORDER,$MM1,$MM1EXCHANGE,$MM1EXECFIRM,RCT,709,ABC,*,$MM1EXCHANGE,$MM1,400,$STRATEGY1,D,2,-9,10,D,21/12/2003 6:00:00.0,1,2,0,00,0,-,-,BARTID=$WORKSTATION1,$MM1,$MM1,C,FALSE,BD,U,0,-,-,$SESSION1,2,$CLASS11PRODUCT1,$MM1EXCHANGE,$MM1EXECFIRM,C,C,$CLASS1PRODUCT1,$MM1EXCHANGE,$MM1EXECFIRM,C,C,TRUE,TRUE,This is the Strategy order: BA:253
PAUSE,10000
VERIFYCOMPLEXPARORDER,$PAR1,$MM1,$MM1EXECFIRM,ABC,RCT,709,*,9.10,D,1,2,Y,Y,N,Y,-,0.00,0.00,40000,B,0,0,100,40000,1.00,1.20,400,S,100,100,1,400,TRUE,TRUE,Comment
STRATEGYORDER,$MM1,$MM1EXCHANGE,$MM1EXECFIRM,KIT,7746,ABC,*,$MM1EXCHANGE,$MM1,200,$STRATEGY1,O,2,9,20,D,21/12/2003 6:00:00.0,1,2,0,00,0,-,-,-,$MM1,$MM1,C,FALSE,F,U,0,-,-,$SESSION1,2,$CLASS11PRODUCT1,$MM1EXCHANGE,$MM1EXECFIRM,C,C,$CLASS1PRODUCT1,$MM1EXCHANGE,$MM1EXECFIRM,C,C,TRUE,TRUE,This is the Strategy order: BA:250
PAUSE,1000
RFPQUERY,$MM1,$SESSION1,$STRATEGY1,$AUCTION250,U,200,1,0,00,FALSE,TRUE,Comment
TOPOFBOOKVERIFICATION,$MM1,$SESSION1,$STRATEGY1,0,2,0,00,200,2,9,20,TRUE,TRUE,Comment
STRATEGYORDER,$MM1,$MM1EXCHANGE,$MM1EXECFIRM,ZYF,3204,ABC,*,$MM1EXCHANGE,$MM1,200,$STRATEGY1,O,2,9,20,D,21/12/2003 6:00:00.0,1,2,0,00,0,-,-,-,$MM1,$MM1,C,FALSE,C,U,0,-,-,$SESSION1,2,$CLASS11PRODUCT1,$MM1EXCHANGE,$MM1EXECFIRM,C,C,$CLASS1PRODUCT1,$MM1EXCHANGE,$MM1EXECFIRM,C,C,TRUE,TRUE,This is the Strategy order: BA:251
PAUSE,1000
RFPQUERY,$MM1,$SESSION1,$STRATEGY1,$AUCTION251,U,200,1,0,00,FALSE,TRUE,Comment
TOPOFBOOKVERIFICATION,$MM1,$SESSION1,$STRATEGY1,0,2,0,00,400,2,9,20,TRUE,TRUE,Comment
PARCOMPLEXORDERTRADEWITHBOOKREQ,$PAR1,$MM1,$MM1EXECFIRM,ABC,RCT,709,*,*,D,9.10,2,40000,400,Y,TRUE,TRUE,Comment
PAUSE,5000
TOPOFBOOKVERIFICATION,$MM1,$SESSION1,$STRATEGY1,0,2,0,00,400,2,9,20,TRUE,TRUE,Comment
TOPOFBOOKVERIFICATION,$MM1,$SESSION4,$CLASS11PRODUCT1,10000,2,10,00,10000,2,10,20,TRUE,TRUE,Comment
CURRENTMARKETV4BESTMARKETQUERY,$MM1,CBOE,$CLASS1PRODUCT1,100,2,1,00,100,2,1,20,TRUE,TRUE,Comment
VERIFYCOMPLEXPARORDER,$PAR1,$MM1,$MM1EXECFIRM,ABC,RCT,709,*,9.10,D,1,2,Y,Y,N,Y,-,0.00,0.00,40000,B,0,0,100,40000,1.00,1.20,400,S,100,100,1,400,TRUE,TRUE,Comment
QUOTECANCEL,$MM1,$SESSION4,$CLASS11PRODUCT1,2,TRUE,TRUE,Comment
QUOTECANCELVERIFICATION,$MM1,$SESSION4,$CLASS11PRODUCT1,2,TRUE,TRUE,Comment
QUOTECANCEL,$MM1,$SESSION1,$CLASS1PRODUCT1,2,TRUE,TRUE,Comment
QUOTECANCELVERIFICATION,$MM1,$SESSION1,$CLASS1PRODUCT1,2,TRUE,TRUE,Comment
CANCELALLPARORDERS,$PAR1,$MM1,TRUE,TRUE,Comment
CLEARALLPARCALLBACKS,$PAR1
VERIFYCOMPLEXPARORDER,$PAR1,$MM1,$MM1EXECFIRM,ABC,RCT,709,*,9.10,D,1,2,Y,Y,N,Y,-,0.00,0.00,40000,B,0,0,100,40000,0.00,0.00,400,S,0,0,1,400,FALSE,TRUE,Comment
ORDERCANCELBYIDNOWAIT,$MM1,$MM1EXCHANGE,$MM1EXECFIRM,KIT,7746,ABC,*,200,$SESSION1,1,TRUE,TRUE,Comment
ORDERCANCELVERIFICATION,$MM1,$MM1EXCHANGE,$MM1EXECFIRM,KIT,7746,ABC,*,$SESSION1,$STRATEGY1,2,200,TRUE,TRUE,Comment
ORDERCANCELBYIDNOWAIT,$MM1,$MM1EXCHANGE,$MM1EXECFIRM,ZYF,3204,ABC,*,200,$SESSION1,1,TRUE,TRUE,Comment
ORDERCANCELVERIFICATION,$MM1,$MM1EXCHANGE,$MM1EXECFIRM,ZYF,3204,ABC,*,$SESSION1,$STRATEGY1,2,200,TRUE,TRUE,Comment
PAUSE,1000
TOPOFBOOKVERIFICATION,$MM1,$SESSION1,$STRATEGY1,0,2,0,00,0,2,0,00,TRUE,TRUE,Comment

COMMENT, Test Case 18:Resting CUSTOMER CPS Order on TOP of the BOOK in CROSS PRODUCT BOOK at price BETTER than DSM but price of the CPS Order at PAR is NON-MARKETABLE with the CUSTOMER CPS Order in CROSS PRODUCT BOOK
CLEARALLCALLBACKS,$MM1
PRODUCTSTATEQUERY,$SA1,$SESSION4,$CLASS11PRODUCT1,4,TRUE,TRUE,Comment
PRODUCTSTATEQUERY,$SA1,$SESSION1,$CLASS1PRODUCT1,4,TRUE,TRUE,Comment
TOPOFBOOKVERIFICATION,$MM1,$SESSION4,$CLASS11PRODUCT1,0,2,0,00,0,2,0,00,TRUE,TRUE,Comment
TOPOFBOOKVERIFICATION,$MM1,$SESSION1,$CLASS1PRODUCT1,0,2,0,00,0,2,0,00,TRUE,TRUE,Comment
QUOTE,$MM1,2,10,00,10000,2,10,20,10000,$CLASS11PRODUCT1,$SESSION4,User Assigned Id..,TRUE,TRUE,Comment
PAUSE,1000
CURRENTMARKETV3BESTMARKETQUERY,$MM1,$SESSION4,$CLASS11PRODUCT1,10000,2,10,00,10000,2,10,20,TRUE,TRUE,Comment
QUOTE,$MM1,2,1,00,100,2,1,20,100,$CLASS1PRODUCT1,$SESSION1,User Assigned Id..,TRUE,TRUE,Comment
PAUSE,1000
CURRENTMARKETV4BESTMARKETQUERY,$MM1,CBOE,$CLASS1PRODUCT1,100,2,1,00,100,2,1,20,TRUE,TRUE,Comment
SETPRODUCTSTATEBYPRODUCT,$SA1,$SESSION1,$STRATEGY1,$STRATEGYCLASS1,1,TRUE,TRUE,Comment
PRODUCTSTATEQUERY,$SA1,$SESSION1,$STRATEGY1,1,TRUE,TRUE,Comment
SETPRODUCTSTATEBYPRODUCT,$SA1,$SESSION1,$STRATEGY1,$STRATEGYCLASS1,2,TRUE,TRUE,Comment
PRODUCTSTATEQUERY,$SA1,$SESSION1,$STRATEGY1,2,TRUE,TRUE,Comment
SETPRODUCTSTATEBYPRODUCT,$SA1,$SESSION1,$STRATEGY1,$STRATEGYCLASS1,3,TRUE,TRUE,Comment
PRODUCTSTATEQUERY,$SA1,$SESSION1,$STRATEGY1,3,TRUE,TRUE,Comment
SETPRODUCTSTATEBYPRODUCT,$SA1,$SESSION1,$STRATEGY1,$STRATEGYCLASS1,4,TRUE,TRUE,Comment
PRODUCTSTATEQUERY,$SA1,$SESSION1,$STRATEGY1,4,TRUE,TRUE,Comment
TOPOFBOOKVERIFICATION,$MM1,$SESSION1,$STRATEGY1,0,2,0,00,0,2,0,00,TRUE,TRUE,Comment
STRATEGYORDER,$MM1,$MM1EXCHANGE,$MM1EXECFIRM,OLN,4920,ABC,*,$MM1EXCHANGE,$MM1,400,$STRATEGY1,D,2,-8,90,D,21/12/2003 6:00:00.0,1,2,0,00,0,-,-,BARTID=$WORKSTATION1,$MM1,$MM1,C,FALSE,BD,U,0,-,-,$SESSION1,2,$CLASS11PRODUCT1,$MM1EXCHANGE,$MM1EXECFIRM,C,C,$CLASS1PRODUCT1,$MM1EXCHANGE,$MM1EXECFIRM,C,C,TRUE,TRUE,This is the Strategy order: BA:253
PAUSE,10000
VERIFYCOMPLEXPARORDER,$PAR1,$MM1,$MM1EXECFIRM,ABC,OLN,4920,*,8.90,D,1,2,Y,Y,N,Y,-,0.00,0.00,40000,B,0,0,100,40000,1.00,1.20,400,S,100,100,1,400,TRUE,TRUE,Comment
STRATEGYORDER,$MM1,$MM1EXCHANGE,$MM1EXECFIRM,MGO,949,ABC,*,$MM1EXCHANGE,$MM1,200,$STRATEGY1,O,2,9,00,D,21/12/2003 6:00:00.0,1,2,0,00,0,-,-,-,$MM1,$MM1,C,FALSE,C,U,0,-,-,$SESSION1,2,$CLASS11PRODUCT1,$MM1EXCHANGE,$MM1EXECFIRM,C,C,$CLASS1PRODUCT1,$MM1EXCHANGE,$MM1EXECFIRM,C,C,TRUE,TRUE,This is the Strategy order: BA:251
PAUSE,5000
RFPQUERY,$MM1,$SESSION1,$STRATEGY1,$AUCTION251,U,200,1,0,00,TRUE,TRUE,Comment
TOPOFBOOKVERIFICATION,$MM1,$SESSION1,$STRATEGY1,0,2,0,00,200,2,9,00,TRUE,TRUE,Comment
PARCOMPLEXORDERTRADEWITHBOOKREQ,$PAR1,$MM1,$MM1EXECFIRM,ABC,OLN,4920,*,*,D,8.90,2,40000,400,Y,TRUE,TRUE,Comment
PAUSE,5000
TOPOFBOOKVERIFICATION,$MM1,$SESSION1,$STRATEGY1,0,2,0,00,200,2,9,00,TRUE,TRUE,Comment
TOPOFBOOKVERIFICATION,$MM1,$SESSION4,$CLASS11PRODUCT1,10000,2,10,00,10000,2,10,20,TRUE,TRUE,Comment
CURRENTMARKETV4BESTMARKETQUERY,$MM1,CBOE,$CLASS1PRODUCT1,100,2,1,00,100,2,1,20,TRUE,TRUE,Comment
VERIFYCOMPLEXPARORDER,$PAR1,$MM1,$MM1EXECFIRM,ABC,OLN,4920,*,8.90,D,1,2,Y,Y,N,Y,-,0.00,0.00,40000,B,0,0,100,40000,1.00,1.20,400,S,100,100,1,400,TRUE,TRUE,Comment
QUOTECANCEL,$MM1,$SESSION4,$CLASS11PRODUCT1,2,TRUE,TRUE,Comment
QUOTECANCELVERIFICATION,$MM1,$SESSION4,$CLASS11PRODUCT1,2,TRUE,TRUE,Comment
QUOTECANCEL,$MM1,$SESSION1,$CLASS1PRODUCT1,2,TRUE,TRUE,Comment
QUOTECANCELVERIFICATION,$MM1,$SESSION1,$CLASS1PRODUCT1,2,TRUE,TRUE,Comment
CANCELALLPARORDERS,$PAR1,$MM1,TRUE,TRUE,Comment
CLEARALLPARCALLBACKS,$PAR1
VERIFYCOMPLEXPARORDER,$PAR1,$MM1,$MM1EXECFIRM,ABC,OLN,4920,*,8.90,D,1,2,Y,Y,N,Y,-,0.00,0.00,40000,B,0,0,100,40000,0.00,0.00,400,S,0,0,1,400,FALSE,TRUE,Comment
ORDERCANCELBYIDNOWAIT,$MM1,$MM1EXCHANGE,$MM1EXECFIRM,MGO,949,ABC,*,200,$SESSION1,1,TRUE,TRUE,Comment
ORDERCANCELVERIFICATION,$MM1,$MM1EXCHANGE,$MM1EXECFIRM,MGO,949,ABC,*,$SESSION1,$STRATEGY1,2,200,TRUE,TRUE,Comment
PAUSE,1000
TOPOFBOOKVERIFICATION,$MM1,$SESSION1,$STRATEGY1,0,2,0,00,0,2,0,00,TRUE,TRUE,Comment

COMMENT, Test Case 19:Resting CUSTOMER and NON-CUSTOMER CPS Orders on TOP of the BOOK in CROSS PRODUCT BOOK at price BETTER than DSM but price of the CPS Order at PAR is NON-MARKETABLE with the CUSTOMER CPS Order in CROSS PRODUCT BOOK
CLEARALLCALLBACKS,$MM1
PRODUCTSTATEQUERY,$SA1,$SESSION4,$CLASS11PRODUCT1,4,TRUE,TRUE,Comment
PRODUCTSTATEQUERY,$SA1,$SESSION1,$CLASS1PRODUCT1,4,TRUE,TRUE,Comment
TOPOFBOOKVERIFICATION,$MM1,$SESSION4,$CLASS11PRODUCT1,0,2,0,00,0,2,0,00,TRUE,TRUE,Comment
TOPOFBOOKVERIFICATION,$MM1,$SESSION1,$CLASS1PRODUCT1,0,2,0,00,0,2,0,00,TRUE,TRUE,Comment
QUOTE,$MM1,2,10,00,10000,2,10,20,10000,$CLASS11PRODUCT1,$SESSION4,User Assigned Id..,TRUE,TRUE,Comment
PAUSE,1000
CURRENTMARKETV3BESTMARKETQUERY,$MM1,$SESSION4,$CLASS11PRODUCT1,10000,2,10,00,10000,2,10,20,TRUE,TRUE,Comment
QUOTE,$MM1,2,1,00,100,2,1,20,100,$CLASS1PRODUCT1,$SESSION1,User Assigned Id..,TRUE,TRUE,Comment
PAUSE,1000
CURRENTMARKETV4BESTMARKETQUERY,$MM1,CBOE,$CLASS1PRODUCT1,100,2,1,00,100,2,1,20,TRUE,TRUE,Comment
SETPRODUCTSTATEBYPRODUCT,$SA1,$SESSION1,$STRATEGY1,$STRATEGYCLASS1,1,TRUE,TRUE,Comment
PRODUCTSTATEQUERY,$SA1,$SESSION1,$STRATEGY1,1,TRUE,TRUE,Comment
SETPRODUCTSTATEBYPRODUCT,$SA1,$SESSION1,$STRATEGY1,$STRATEGYCLASS1,2,TRUE,TRUE,Comment
PRODUCTSTATEQUERY,$SA1,$SESSION1,$STRATEGY1,2,TRUE,TRUE,Comment
SETPRODUCTSTATEBYPRODUCT,$SA1,$SESSION1,$STRATEGY1,$STRATEGYCLASS1,3,TRUE,TRUE,Comment
PRODUCTSTATEQUERY,$SA1,$SESSION1,$STRATEGY1,3,TRUE,TRUE,Comment
SETPRODUCTSTATEBYPRODUCT,$SA1,$SESSION1,$STRATEGY1,$STRATEGYCLASS1,4,TRUE,TRUE,Comment
PRODUCTSTATEQUERY,$SA1,$SESSION1,$STRATEGY1,4,TRUE,TRUE,Comment
TOPOFBOOKVERIFICATION,$MM1,$SESSION1,$STRATEGY1,0,2,0,00,0,2,0,00,TRUE,TRUE,Comment
STRATEGYORDER,$MM1,$MM1EXCHANGE,$MM1EXECFIRM,FCT,554,ABC,*,$MM1EXCHANGE,$MM1,400,$STRATEGY1,D,2,-8,90,D,21/12/2003 6:00:00.0,1,2,0,00,0,-,-,BARTID=$WORKSTATION1,$MM1,$MM1,C,FALSE,BD,U,0,-,-,$SESSION1,2,$CLASS11PRODUCT1,$MM1EXCHANGE,$MM1EXECFIRM,C,C,$CLASS1PRODUCT1,$MM1EXCHANGE,$MM1EXECFIRM,C,C,TRUE,TRUE,This is the Strategy order: BA:253
PAUSE,10000
VERIFYCOMPLEXPARORDER,$PAR1,$MM1,$MM1EXECFIRM,ABC,FCT,554,*,8.90,D,1,2,Y,Y,N,Y,-,0.00,0.00,40000,B,0,0,100,40000,1.00,1.20,400,S,100,100,1,400,TRUE,TRUE,Comment
STRATEGYORDER,$MM1,$MM1EXCHANGE,$MM1EXECFIRM,PIT,5115,ABC,*,$MM1EXCHANGE,$MM1,200,$STRATEGY1,O,2,9,00,D,21/12/2003 6:00:00.0,1,2,0,00,0,-,-,-,$MM1,$MM1,C,FALSE,F,U,0,-,-,$SESSION1,2,$CLASS11PRODUCT1,$MM1EXCHANGE,$MM1EXECFIRM,C,C,$CLASS1PRODUCT1,$MM1EXCHANGE,$MM1EXECFIRM,C,C,TRUE,TRUE,This is the Strategy order: BA:250
PAUSE,5000
RFPQUERY,$MM1,$SESSION1,$STRATEGY1,$AUCTION250,U,200,1,0,00,TRUE,TRUE,Comment
TOPOFBOOKVERIFICATION,$MM1,$SESSION1,$STRATEGY1,0,2,0,00,200,2,9,00,TRUE,TRUE,Comment
STRATEGYORDER,$MM1,$MM1EXCHANGE,$MM1EXECFIRM,TQO,2417,ABC,*,$MM1EXCHANGE,$MM1,200,$STRATEGY1,O,2,9,00,D,21/12/2003 6:00:00.0,1,2,0,00,0,-,-,-,$MM1,$MM1,C,FALSE,C,U,0,-,-,$SESSION1,2,$CLASS11PRODUCT1,$MM1EXCHANGE,$MM1EXECFIRM,C,C,$CLASS1PRODUCT1,$MM1EXCHANGE,$MM1EXECFIRM,C,C,TRUE,TRUE,This is the Strategy order: BA:251
PAUSE,1000
RFPQUERY,$MM1,$SESSION1,$STRATEGY1,$AUCTION251,U,200,1,0,00,FALSE,TRUE,Comment
TOPOFBOOKVERIFICATION,$MM1,$SESSION1,$STRATEGY1,0,2,0,00,400,2,9,00,TRUE,TRUE,Comment
PARCOMPLEXORDERTRADEWITHBOOKREQ,$PAR1,$MM1,$MM1EXECFIRM,ABC,FCT,554,*,*,D,8.90,2,40000,400,Y,TRUE,TRUE,Comment
PAUSE,5000
TOPOFBOOKVERIFICATION,$MM1,$SESSION1,$STRATEGY1,0,2,0,00,400,2,9,00,TRUE,TRUE,Comment
TOPOFBOOKVERIFICATION,$MM1,$SESSION4,$CLASS11PRODUCT1,10000,2,10,00,10000,2,10,20,TRUE,TRUE,Comment
CURRENTMARKETV4BESTMARKETQUERY,$MM1,CBOE,$CLASS1PRODUCT1,100,2,1,00,100,2,1,20,TRUE,TRUE,Comment
VERIFYCOMPLEXPARORDER,$PAR1,$MM1,$MM1EXECFIRM,ABC,FCT,554,*,8.90,D,1,2,Y,Y,N,Y,-,0.00,0.00,40000,B,0,0,100,40000,1.00,1.20,400,S,100,100,1,400,TRUE,TRUE,Comment
QUOTECANCEL,$MM1,$SESSION4,$CLASS11PRODUCT1,2,TRUE,TRUE,Comment
QUOTECANCELVERIFICATION,$MM1,$SESSION4,$CLASS11PRODUCT1,2,TRUE,TRUE,Comment
QUOTECANCEL,$MM1,$SESSION1,$CLASS1PRODUCT1,2,TRUE,TRUE,Comment
QUOTECANCELVERIFICATION,$MM1,$SESSION1,$CLASS1PRODUCT1,2,TRUE,TRUE,Comment
CANCELALLPARORDERS,$PAR1,$MM1,TRUE,TRUE,Comment
CLEARALLPARCALLBACKS,$PAR1
VERIFYCOMPLEXPARORDER,$PAR1,$MM1,$MM1EXECFIRM,ABC,FCT,554,*,8.90,D,1,2,Y,Y,N,Y,-,0.00,0.00,40000,B,0,0,100,40000,0.00,0.00,400,S,0,0,1,400,FALSE,TRUE,Comment
ORDERCANCELBYIDNOWAIT,$MM1,$MM1EXCHANGE,$MM1EXECFIRM,PIT,5115,ABC,*,200,$SESSION1,1,TRUE,TRUE,Comment
ORDERCANCELVERIFICATION,$MM1,$MM1EXCHANGE,$MM1EXECFIRM,PIT,5115,ABC,*,$SESSION1,$STRATEGY1,2,200,TRUE,TRUE,Comment
ORDERCANCELBYIDNOWAIT,$MM1,$MM1EXCHANGE,$MM1EXECFIRM,TQO,2417,ABC,*,200,$SESSION1,1,TRUE,TRUE,Comment
ORDERCANCELVERIFICATION,$MM1,$MM1EXCHANGE,$MM1EXECFIRM,TQO,2417,ABC,*,$SESSION1,$STRATEGY1,2,200,TRUE,TRUE,Comment
PAUSE,1000
TOPOFBOOKVERIFICATION,$MM1,$SESSION1,$STRATEGY1,0,2,0,00,0,2,0,00,TRUE,TRUE,Comment

COMMENT, Test Case 20:CONDITION:NON-CUSTOMER CPS Order is on TOP of the CROSS PRODUCT BOOK. CONDITION:CUSTOMER CPS Order at price EQUAL to DSM. CONDITION:Inbound CPS Order from PAR is marketable only with the NON-CUSTOMER CPS Order
CLEARALLCALLBACKS,$MM1
PRODUCTSTATEQUERY,$SA1,$SESSION4,$CLASS11PRODUCT1,4,TRUE,TRUE,Comment
PRODUCTSTATEQUERY,$SA1,$SESSION1,$CLASS1PRODUCT1,4,TRUE,TRUE,Comment
TOPOFBOOKVERIFICATION,$MM1,$SESSION4,$CLASS11PRODUCT1,0,2,0,00,0,2,0,00,TRUE,TRUE,Comment
TOPOFBOOKVERIFICATION,$MM1,$SESSION1,$CLASS1PRODUCT1,0,2,0,00,0,2,0,00,TRUE,TRUE,Comment
QUOTE,$MM1,2,10,00,10000,2,10,20,10000,$CLASS11PRODUCT1,$SESSION4,User Assigned Id..,TRUE,TRUE,Comment
PAUSE,1000
CURRENTMARKETV3BESTMARKETQUERY,$MM1,$SESSION4,$CLASS11PRODUCT1,10000,2,10,00,10000,2,10,20,TRUE,TRUE,Comment
QUOTE,$MM1,2,1,00,100,2,1,20,100,$CLASS1PRODUCT1,$SESSION1,User Assigned Id..,TRUE,TRUE,Comment
PAUSE,1000
CURRENTMARKETV4BESTMARKETQUERY,$MM1,CBOE,$CLASS1PRODUCT1,100,2,1,00,100,2,1,20,TRUE,TRUE,Comment
SETPRODUCTSTATEBYPRODUCT,$SA1,$SESSION1,$STRATEGY1,$STRATEGYCLASS1,1,TRUE,TRUE,Comment
PRODUCTSTATEQUERY,$SA1,$SESSION1,$STRATEGY1,1,TRUE,TRUE,Comment
SETPRODUCTSTATEBYPRODUCT,$SA1,$SESSION1,$STRATEGY1,$STRATEGYCLASS1,2,TRUE,TRUE,Comment
PRODUCTSTATEQUERY,$SA1,$SESSION1,$STRATEGY1,2,TRUE,TRUE,Comment
SETPRODUCTSTATEBYPRODUCT,$SA1,$SESSION1,$STRATEGY1,$STRATEGYCLASS1,3,TRUE,TRUE,Comment
PRODUCTSTATEQUERY,$SA1,$SESSION1,$STRATEGY1,3,TRUE,TRUE,Comment
SETPRODUCTSTATEBYPRODUCT,$SA1,$SESSION1,$STRATEGY1,$STRATEGYCLASS1,4,TRUE,TRUE,Comment
PRODUCTSTATEQUERY,$SA1,$SESSION1,$STRATEGY1,4,TRUE,TRUE,Comment
TOPOFBOOKVERIFICATION,$MM1,$SESSION1,$STRATEGY1,0,2,0,00,0,2,0,00,TRUE,TRUE,Comment
STRATEGYORDER,$MM1,$MM1EXCHANGE,$MM1EXECFIRM,ONL,6900,ABC,*,$MM1EXCHANGE,$MM1,400,$STRATEGY1,D,2,-9,10,D,21/12/2003 6:00:00.0,1,2,0,00,0,-,-,BARTID=$WORKSTATION1,$MM1,$MM1,C,FALSE,BD,U,0,-,-,$SESSION1,2,$CLASS11PRODUCT1,$MM1EXCHANGE,$MM1EXECFIRM,C,C,$CLASS1PRODUCT1,$MM1EXCHANGE,$MM1EXECFIRM,C,C,TRUE,TRUE,This is the Strategy order: BA:253
PAUSE,10000
VERIFYCOMPLEXPARORDER,$PAR1,$MM1,$MM1EXECFIRM,ABC,ONL,6900,*,9.10,D,1,2,Y,Y,N,Y,-,0.00,0.00,40000,B,0,0,100,40000,1.00,1.20,400,S,100,100,1,400,TRUE,TRUE,Comment
STRATEGYORDER,$MM1,$MM1EXCHANGE,$MM1EXECFIRM,LHA,7962,ABC,*,$MM1EXCHANGE,$MM1,200,$STRATEGY1,O,2,9,10,D,21/12/2003 6:00:00.0,1,2,0,00,0,-,-,-,$MM1,$MM1,C,FALSE,F,U,0,-,-,$SESSION1,2,$CLASS11PRODUCT1,$MM1EXCHANGE,$MM1EXECFIRM,C,C,$CLASS1PRODUCT1,$MM1EXCHANGE,$MM1EXECFIRM,C,C,TRUE,TRUE,This is the Strategy order: BA:250
PAUSE,1000
RFPQUERY,$MM1,$SESSION1,$STRATEGY1,$AUCTION250,U,200,1,0,00,TRUE,TRUE,Comment
PAUSE,5000
TOPOFBOOKVERIFICATION,$MM1,$SESSION1,$STRATEGY1,0,2,0,00,200,2,9,10,TRUE,TRUE,Comment
STRATEGYORDER,$MM1,$MM1EXCHANGE,$MM1EXECFIRM,UIO,8137,ABC,*,$MM1EXCHANGE,$MM1,200,$STRATEGY1,O,2,9,20,D,21/12/2003 6:00:00.0,1,2,0,00,0,-,-,-,$MM1,$MM1,C,FALSE,C,U,0,-,-,$SESSION1,2,$CLASS11PRODUCT1,$MM1EXCHANGE,$MM1EXECFIRM,C,C,$CLASS1PRODUCT1,$MM1EXCHANGE,$MM1EXECFIRM,C,C,TRUE,TRUE,This is the Strategy order: BA:251
PAUSE,1000
RFPQUERY,$MM1,$SESSION1,$STRATEGY1,$AUCTION251,U,200,1,0,00,FALSE,TRUE,Comment
TOPOFBOOKVERIFICATION,$MM1,$SESSION1,$STRATEGY1,0,2,0,00,200,2,9,10,TRUE,TRUE,Comment
PARCOMPLEXORDERTRADEWITHBOOKREQ,$PAR1,$MM1,$MM1EXECFIRM,ABC,ONL,6900,*,*,D,9.10,2,40000,400,Y,TRUE,TRUE,Comment
PAUSE,5000
TOPOFBOOKVERIFICATION,$MM1,$SESSION1,$STRATEGY1,0,2,0,00,200,2,9,10,TRUE,TRUE,Comment
TOPOFBOOKVERIFICATION,$MM1,$SESSION4,$CLASS11PRODUCT1,10000,2,10,00,10000,2,10,20,TRUE,TRUE,Comment
CURRENTMARKETV4BESTMARKETQUERY,$MM1,CBOE,$CLASS1PRODUCT1,100,2,1,00,100,2,1,20,TRUE,TRUE,Comment
VERIFYCOMPLEXPARORDER,$PAR1,$MM1,$MM1EXECFIRM,ABC,ONL,6900,*,9.10,D,1,2,Y,Y,N,Y,-,0.00,0.00,40000,B,0,0,100,40000,1.00,1.20,400,S,100,100,1,400,TRUE,TRUE,Comment
QUOTECANCEL,$MM1,$SESSION4,$CLASS11PRODUCT1,2,TRUE,TRUE,Comment
QUOTECANCELVERIFICATION,$MM1,$SESSION4,$CLASS11PRODUCT1,2,TRUE,TRUE,Comment
QUOTECANCEL,$MM1,$SESSION1,$CLASS1PRODUCT1,2,TRUE,TRUE,Comment
QUOTECANCELVERIFICATION,$MM1,$SESSION1,$CLASS1PRODUCT1,2,TRUE,TRUE,Comment
CANCELALLPARORDERS,$PAR1,$MM1,TRUE,TRUE,Comment
CLEARALLPARCALLBACKS,$PAR1
VERIFYCOMPLEXPARORDER,$PAR1,$MM1,$MM1EXECFIRM,ABC,ONL,6900,*,9.10,D,1,2,Y,Y,N,Y,-,0.00,0.00,40000,B,0,0,100,40000,0.00,0.00,400,S,0,0,1,400,FALSE,TRUE,Comment
ORDERCANCELBYIDNOWAIT,$MM1,$MM1EXCHANGE,$MM1EXECFIRM,LHA,7962,ABC,*,200,$SESSION1,1,TRUE,TRUE,Comment
ORDERCANCELVERIFICATION,$MM1,$MM1EXCHANGE,$MM1EXECFIRM,LHA,7962,ABC,*,$SESSION1,$STRATEGY1,2,200,TRUE,TRUE,Comment
ORDERCANCELBYIDNOWAIT,$MM1,$MM1EXCHANGE,$MM1EXECFIRM,UIO,8137,ABC,*,200,$SESSION1,1,TRUE,TRUE,Comment
ORDERCANCELVERIFICATION,$MM1,$MM1EXCHANGE,$MM1EXECFIRM,UIO,8137,ABC,*,$SESSION1,$STRATEGY1,2,200,TRUE,TRUE,Comment
PAUSE,1000
TOPOFBOOKVERIFICATION,$MM1,$SESSION1,$STRATEGY1,0,2,0,00,0,2,0,00,TRUE,TRUE,Comment

COMMENT, Test Case 21:CONDITION:NON-CUSTOMER CPS Order is on TOP of the CROSS PRODUCT BOOK. CONDITION:CUSTOMER CPS Order at price BETTER than DSM. CONDITION:Inbound CPS Order from PAR is marketable only with the NON-CUSTOMER CPS Order
CLEARALLCALLBACKS,$MM1
PRODUCTSTATEQUERY,$SA1,$SESSION4,$CLASS11PRODUCT1,4,TRUE,TRUE,Comment
PRODUCTSTATEQUERY,$SA1,$SESSION1,$CLASS1PRODUCT1,4,TRUE,TRUE,Comment
TOPOFBOOKVERIFICATION,$MM1,$SESSION4,$CLASS11PRODUCT1,0,2,0,00,0,2,0,00,TRUE,TRUE,Comment
TOPOFBOOKVERIFICATION,$MM1,$SESSION1,$CLASS1PRODUCT1,0,2,0,00,0,2,0,00,TRUE,TRUE,Comment
QUOTE,$MM1,2,10,00,10000,2,10,20,10000,$CLASS11PRODUCT1,$SESSION4,User Assigned Id..,TRUE,TRUE,Comment
PAUSE,1000
CURRENTMARKETV3BESTMARKETQUERY,$MM1,$SESSION4,$CLASS11PRODUCT1,10000,2,10,00,10000,2,10,20,TRUE,TRUE,Comment
QUOTE,$MM1,2,1,00,100,2,1,20,100,$CLASS1PRODUCT1,$SESSION1,User Assigned Id..,TRUE,TRUE,Comment
PAUSE,1000
CURRENTMARKETV4BESTMARKETQUERY,$MM1,CBOE,$CLASS1PRODUCT1,100,2,1,00,100,2,1,20,TRUE,TRUE,Comment
SETPRODUCTSTATEBYPRODUCT,$SA1,$SESSION1,$STRATEGY1,$STRATEGYCLASS1,1,TRUE,TRUE,Comment
PRODUCTSTATEQUERY,$SA1,$SESSION1,$STRATEGY1,1,TRUE,TRUE,Comment
SETPRODUCTSTATEBYPRODUCT,$SA1,$SESSION1,$STRATEGY1,$STRATEGYCLASS1,2,TRUE,TRUE,Comment
PRODUCTSTATEQUERY,$SA1,$SESSION1,$STRATEGY1,2,TRUE,TRUE,Comment
SETPRODUCTSTATEBYPRODUCT,$SA1,$SESSION1,$STRATEGY1,$STRATEGYCLASS1,3,TRUE,TRUE,Comment
PRODUCTSTATEQUERY,$SA1,$SESSION1,$STRATEGY1,3,TRUE,TRUE,Comment
SETPRODUCTSTATEBYPRODUCT,$SA1,$SESSION1,$STRATEGY1,$STRATEGYCLASS1,4,TRUE,TRUE,Comment
PRODUCTSTATEQUERY,$SA1,$SESSION1,$STRATEGY1,4,TRUE,TRUE,Comment
TOPOFBOOKVERIFICATION,$MM1,$SESSION1,$STRATEGY1,0,2,0,00,0,2,0,00,TRUE,TRUE,Comment
STRATEGYORDER,$MM1,$MM1EXCHANGE,$MM1EXECFIRM,CEE,3084,ABC,*,$MM1EXCHANGE,$MM1,400,$STRATEGY1,D,2,-9,00,D,21/12/2003 6:00:00.0,1,2,0,00,0,-,-,BARTID=$WORKSTATION1,$MM1,$MM1,C,FALSE,BD,U,0,-,-,$SESSION1,2,$CLASS11PRODUCT1,$MM1EXCHANGE,$MM1EXECFIRM,C,C,$CLASS1PRODUCT1,$MM1EXCHANGE,$MM1EXECFIRM,C,C,TRUE,TRUE,This is the Strategy order: BA:253
PAUSE,10000
VERIFYCOMPLEXPARORDER,$PAR1,$MM1,$MM1EXECFIRM,ABC,CEE,3084,*,9.00,D,1,2,Y,Y,N,Y,-,0.00,0.00,40000,B,0,0,100,40000,1.00,1.20,400,S,100,100,1,400,TRUE,TRUE,Comment
STRATEGYORDER,$MM1,$MM1EXCHANGE,$MM1EXECFIRM,ZJL,5714,ABC,*,$MM1EXCHANGE,$MM1,200,$STRATEGY1,O,2,9,00,D,21/12/2003 6:00:00.0,1,2,0,00,0,-,-,-,$MM1,$MM1,C,FALSE,F,U,0,-,-,$SESSION1,2,$CLASS11PRODUCT1,$MM1EXCHANGE,$MM1EXECFIRM,C,C,$CLASS1PRODUCT1,$MM1EXCHANGE,$MM1EXECFIRM,C,C,TRUE,TRUE,This is the Strategy order: BA:250
PAUSE,1000
RFPQUERY,$MM1,$SESSION1,$STRATEGY1,$AUCTION250,U,200,1,0,00,TRUE,TRUE,Comment
PAUSE,5000
TOPOFBOOKVERIFICATION,$MM1,$SESSION1,$STRATEGY1,0,2,0,00,200,2,9,00,TRUE,TRUE,Comment
STRATEGYORDER,$MM1,$MM1EXCHANGE,$MM1EXECFIRM,KSI,7507,ABC,*,$MM1EXCHANGE,$MM1,200,$STRATEGY1,O,2,9,20,D,21/12/2003 6:00:00.0,1,2,0,00,0,-,-,-,$MM1,$MM1,C,FALSE,C,U,0,-,-,$SESSION1,2,$CLASS11PRODUCT1,$MM1EXCHANGE,$MM1EXECFIRM,C,C,$CLASS1PRODUCT1,$MM1EXCHANGE,$MM1EXECFIRM,C,C,TRUE,TRUE,This is the Strategy order: BA:251
PAUSE,1000
RFPQUERY,$MM1,$SESSION1,$STRATEGY1,$AUCTION251,U,200,1,0,00,FALSE,TRUE,Comment
TOPOFBOOKVERIFICATION,$MM1,$SESSION1,$STRATEGY1,0,2,0,00,200,2,9,00,TRUE,TRUE,Comment
PARCOMPLEXORDERTRADEWITHBOOKREQ,$PAR1,$MM1,$MM1EXECFIRM,ABC,CEE,3084,*,*,D,9.00,2,40000,400,Y,TRUE,TRUE,Comment
PAUSE,5000
TOPOFBOOKVERIFICATION,$MM1,$SESSION1,$STRATEGY1,0,2,0,00,200,2,9,00,TRUE,TRUE,Comment
TOPOFBOOKVERIFICATION,$MM1,$SESSION4,$CLASS11PRODUCT1,10000,2,10,00,10000,2,10,20,TRUE,TRUE,Comment
CURRENTMARKETV4BESTMARKETQUERY,$MM1,CBOE,$CLASS1PRODUCT1,100,2,1,00,100,2,1,20,TRUE,TRUE,Comment
VERIFYCOMPLEXPARORDER,$PAR1,$MM1,$MM1EXECFIRM,ABC,CEE,3084,*,9.00,D,1,2,Y,Y,N,Y,-,0.00,0.00,40000,B,0,0,100,40000,1.00,1.20,400,S,100,100,1,400,TRUE,TRUE,Comment
QUOTECANCEL,$MM1,$SESSION4,$CLASS11PRODUCT1,2,TRUE,TRUE,Comment
QUOTECANCELVERIFICATION,$MM1,$SESSION4,$CLASS11PRODUCT1,2,TRUE,TRUE,Comment
QUOTECANCEL,$MM1,$SESSION1,$CLASS1PRODUCT1,2,TRUE,TRUE,Comment
QUOTECANCELVERIFICATION,$MM1,$SESSION1,$CLASS1PRODUCT1,2,TRUE,TRUE,Comment
CANCELALLPARORDERS,$PAR1,$MM1,TRUE,TRUE,Comment
CLEARALLPARCALLBACKS,$PAR1
VERIFYCOMPLEXPARORDER,$PAR1,$MM1,$MM1EXECFIRM,ABC,CEE,3084,*,9.00,D,1,2,Y,Y,N,Y,-,0.00,0.00,40000,B,0,0,100,40000,0.00,0.00,400,S,0,0,1,400,FALSE,TRUE,Comment
ORDERCANCELBYIDNOWAIT,$MM1,$MM1EXCHANGE,$MM1EXECFIRM,ZJL,5714,ABC,*,200,$SESSION1,1,TRUE,TRUE,Comment
ORDERCANCELVERIFICATION,$MM1,$MM1EXCHANGE,$MM1EXECFIRM,ZJL,5714,ABC,*,$SESSION1,$STRATEGY1,2,200,TRUE,TRUE,Comment
ORDERCANCELBYIDNOWAIT,$MM1,$MM1EXCHANGE,$MM1EXECFIRM,KSI,7507,ABC,*,200,$SESSION1,1,TRUE,TRUE,Comment
ORDERCANCELVERIFICATION,$MM1,$MM1EXCHANGE,$MM1EXECFIRM,KSI,7507,ABC,*,$SESSION1,$STRATEGY1,2,200,TRUE,TRUE,Comment
PAUSE,1000
TOPOFBOOKVERIFICATION,$MM1,$SESSION1,$STRATEGY1,0,2,0,00,0,2,0,00,TRUE,TRUE,Comment
PARLOGOUT,$PAR1,TRUE,TRUE,Comment


COMMENT, Test Case:Cleaning Up Task
TRADERLOGOUT,$MM1,TRUE,TRUE,Comment

SALOGOUT,$SA1,TRUE,TRUE,Comment
ENDPOINT,
PRINTOUTPUTSUMMARY,