TESTSUITENAME,Tips Adapter Elimination Test Plan_W_MAIN
PRINTOUTPUTHEADING,
STARTPOINT,
SALOGIN,$SA1,$SA1,TRUE,TRUE,Comment


COMMENT, Test Cases:43

COMMENT, Test Environment Setup
SELECTCLASSESANDPRODUCTS,$SA1,$SESSION1,7,1,CLASS,4,PRODUCT,$HYBRIDCLASSLIST1,TRUE,TRUE,Comment
VERIFYSESSIONSTATE,$SA1,$SESSION1,2,TRUE,TRUE,Comment

COMMENT, User Setup
CREATEUSER,$SA1,$MM1,$MM1EXCHANGE,$MM1EXECFIRM,M,1,Automated API $MM1 User,FALSE,TRUE,TRUE,New User for Clearing Firm "671" and Exchange "CBOE" !
VERIFYUSEREXISTENCE,$SA1,$MM1EXCHANGE,$MM1,M,TRUE,TRUE,TRUE,Comment
TRADERLOGIN,$MM1,$MM1,$CASANDPORT,TRUE,TRUE,Comment

STRATEGYCREATE,$MM1,$SESSION1,$CLASS1,$STRATEGY1,2,$CLASS1PRODUCT2,1,B,$CLASS1PRODUCT3,1,S,TRUE,TRUE,Comment
STRATEGYCREATE,$MM1,$SESSION1,$CLASS1,$STRATEGY2,2,$CLASS1PRODUCT1,1,B,$CLASS1PRODUCT3,1,S,TRUE,TRUE,Comment



COMMENT, Pre-Test Settings


COMMENT, Test Case 20:Derivative option class is Pre-Open and strategy is On-Hold state. verify that incoming underlying product state expect for CLOSED changes the derivaite product state to Opening Rotation or Halted
CLEARUNDERLYINGCACHEDATA,$SA1,$CLASS1,*,TRUE,TRUE,Comment
SETPRODUCTSTATEBYCLASS,$SA1,$SESSION1,$CLASS1,1,TRUE,TRUE,Comment
CLEARUNDERLYINGCACHEDATA,$SA1,$CLASS1,*,TRUE,TRUE,Comment
SETPRODUCTSTATEBYCLASS,$SA1,$SESSION1,$CLASS1,2,TRUE,TRUE,Comment
SETPRODUCTSTATEBYCLASS,$SA1,$SESSION1,$STRATEGYCLASS1,8,TRUE,TRUE,Comment
PAUSE,5000
PRODUCTSTATEQUERY,$SA1,$SESSION1,$CLASS1PRODUCT1,2,TRUE,TRUE,Comment
PRODUCTSTATEQUERY,$SA1,$SESSION1,$STRATEGY1,8,TRUE,TRUE,Comment
UPDATEUNDERLYINGRECAPLASTSALE,$SA1,$CLASS1,$UNDERLYINGCLASS1PRODUCT1,*,0.00,0.00,0,0,-,-,1,TRUE,TRUE,Comment
UPDATEUNDERLYINGRECAPQUOTE,$SA1,$CLASS1,$UNDERLYINGCLASS1PRODUCT1,*,0.00,0.00,0,0,-,true,1,TRUE,TRUE,Comment
PAUSE,5000
PRODUCTSTATEQUERY,$SA1,$SESSION1,$CLASS1PRODUCT1,2,TRUE,TRUE,Comment
PRODUCTSTATEQUERY,$SA1,$SESSION1,$STRATEGY1,8,TRUE,TRUE,Comment
CLEARUNDERLYINGCACHEDATA,$SA1,$CLASS1,*,TRUE,TRUE,Comment
PAUSE,5000
UPDATEUNDERLYINGRECAPLASTSALE,$SA1,$CLASS1,$UNDERLYINGCLASS1PRODUCT1,*,0.00,0.00,0,0,-,-,10,TRUE,TRUE,Comment
UPDATEUNDERLYINGRECAPQUOTE,$SA1,$CLASS1,$UNDERLYINGCLASS1PRODUCT1,*,0.00,0.00,0,0,-,true,10,TRUE,TRUE,Comment
PAUSE,5000
PRODUCTSTATEQUERY,$SA1,$SESSION1,$CLASS1PRODUCT1,3,TRUE,TRUE,Comment
PRODUCTSTATEQUERY,$SA1,$SESSION1,$STRATEGY1,3,TRUE,TRUE,Comment
SETPRODUCTSTATEBYCLASS,$SA1,$SESSION1,$CLASS1,5,TRUE,TRUE,Comment
SETPRODUCTSTATEBYCLASS,$SA1,$SESSION1,$CLASS1,2,TRUE,TRUE,Comment
SETPRODUCTSTATEBYCLASS,$SA1,$SESSION1,$STRATEGYCLASS1,8,TRUE,TRUE,Comment
CLEARUNDERLYINGCACHEDATA,$SA1,$CLASS1,*,TRUE,TRUE,Comment
PAUSE,5000
PRODUCTSTATEQUERY,$SA1,$SESSION1,$CLASS1PRODUCT1,2,TRUE,TRUE,Comment
PRODUCTSTATEQUERY,$SA1,$SESSION1,$STRATEGY1,8,TRUE,TRUE,Comment
UPDATEUNDERLYINGRECAPLASTSALE,$SA1,$CLASS1,$UNDERLYINGCLASS1PRODUCT1,*,0.00,0.00,0,0,-,-,2,TRUE,TRUE,Comment
UPDATEUNDERLYINGRECAPQUOTE,$SA1,$CLASS1,$UNDERLYINGCLASS1PRODUCT1,*,0.00,0.00,0,0,-,true,2,TRUE,TRUE,Comment
PAUSE,5000
PRODUCTSTATEQUERY,$SA1,$SESSION1,$CLASS1PRODUCT1,3,TRUE,TRUE,Comment
PRODUCTSTATEQUERY,$SA1,$SESSION1,$STRATEGY1,3,TRUE,TRUE,Comment
SETPRODUCTSTATEBYCLASS,$SA1,$SESSION1,$CLASS1,5,TRUE,TRUE,Comment
SETPRODUCTSTATEBYCLASS,$SA1,$SESSION1,$CLASS1,2,TRUE,TRUE,Comment
SETPRODUCTSTATEBYCLASS,$SA1,$SESSION1,$STRATEGYCLASS1,8,TRUE,TRUE,Comment
CLEARUNDERLYINGCACHEDATA,$SA1,$CLASS1,*,TRUE,TRUE,Comment
PAUSE,5000
PRODUCTSTATEQUERY,$SA1,$SESSION1,$CLASS1PRODUCT1,2,TRUE,TRUE,Comment
PRODUCTSTATEQUERY,$SA1,$SESSION1,$STRATEGY1,8,TRUE,TRUE,Comment
UPDATEUNDERLYINGRECAPLASTSALE,$SA1,$CLASS1,$UNDERLYINGCLASS1PRODUCT1,*,0.00,0.00,0,0,-,-,3,TRUE,TRUE,Comment
UPDATEUNDERLYINGRECAPQUOTE,$SA1,$CLASS1,$UNDERLYINGCLASS1PRODUCT1,*,0.00,0.00,0,0,-,true,3,TRUE,TRUE,Comment
PAUSE,5000
PRODUCTSTATEQUERY,$SA1,$SESSION1,$CLASS1PRODUCT1,3,TRUE,TRUE,Comment
PRODUCTSTATEQUERY,$SA1,$SESSION1,$STRATEGY1,3,TRUE,TRUE,Comment
SETPRODUCTSTATEBYCLASS,$SA1,$SESSION1,$CLASS1,5,TRUE,TRUE,Comment
SETPRODUCTSTATEBYCLASS,$SA1,$SESSION1,$CLASS1,2,TRUE,TRUE,Comment
SETPRODUCTSTATEBYCLASS,$SA1,$SESSION1,$STRATEGYCLASS1,8,TRUE,TRUE,Comment
CLEARUNDERLYINGCACHEDATA,$SA1,$CLASS1,*,TRUE,TRUE,Comment
PAUSE,5000
PRODUCTSTATEQUERY,$SA1,$SESSION1,$CLASS1PRODUCT1,2,TRUE,TRUE,Comment
PRODUCTSTATEQUERY,$SA1,$SESSION1,$STRATEGY1,8,TRUE,TRUE,Comment
UPDATEUNDERLYINGRECAPLASTSALE,$SA1,$CLASS1,$UNDERLYINGCLASS1PRODUCT1,*,0.00,0.00,0,0,-,-,4,TRUE,TRUE,Comment
UPDATEUNDERLYINGRECAPQUOTE,$SA1,$CLASS1,$UNDERLYINGCLASS1PRODUCT1,*,0.00,0.00,0,0,-,true,4,TRUE,TRUE,Comment
PAUSE,5000
PRODUCTSTATEQUERY,$SA1,$SESSION1,$CLASS1PRODUCT1,3,TRUE,TRUE,Comment
PRODUCTSTATEQUERY,$SA1,$SESSION1,$STRATEGY1,3,TRUE,TRUE,Comment
SETPRODUCTSTATEBYCLASS,$SA1,$SESSION1,$CLASS1,5,TRUE,TRUE,Comment
SETPRODUCTSTATEBYCLASS,$SA1,$SESSION1,$CLASS1,2,TRUE,TRUE,Comment
SETPRODUCTSTATEBYCLASS,$SA1,$SESSION1,$STRATEGYCLASS1,8,TRUE,TRUE,Comment
CLEARUNDERLYINGCACHEDATA,$SA1,$CLASS1,*,TRUE,TRUE,Comment
PAUSE,5000
PRODUCTSTATEQUERY,$SA1,$SESSION1,$CLASS1PRODUCT1,2,TRUE,TRUE,Comment
PRODUCTSTATEQUERY,$SA1,$SESSION1,$STRATEGY1,8,TRUE,TRUE,Comment
UPDATEUNDERLYINGRECAPLASTSALE,$SA1,$CLASS1,$UNDERLYINGCLASS1PRODUCT1,*,0.00,0.00,0,0,-,-,6,TRUE,TRUE,Comment
UPDATEUNDERLYINGRECAPQUOTE,$SA1,$CLASS1,$UNDERLYINGCLASS1PRODUCT1,*,0.00,0.00,0,0,-,true,6,TRUE,TRUE,Comment
PAUSE,5000
PRODUCTSTATEQUERY,$SA1,$SESSION1,$CLASS1PRODUCT1,3,TRUE,TRUE,Comment
PRODUCTSTATEQUERY,$SA1,$SESSION1,$STRATEGY1,3,TRUE,TRUE,Comment
SETPRODUCTSTATEBYCLASS,$SA1,$SESSION1,$CLASS1,5,TRUE,TRUE,Comment
SETPRODUCTSTATEBYCLASS,$SA1,$SESSION1,$CLASS1,2,TRUE,TRUE,Comment
SETPRODUCTSTATEBYCLASS,$SA1,$SESSION1,$STRATEGYCLASS1,8,TRUE,TRUE,Comment
CLEARUNDERLYINGCACHEDATA,$SA1,$CLASS1,*,TRUE,TRUE,Comment
PAUSE,5000
PRODUCTSTATEQUERY,$SA1,$SESSION1,$CLASS1PRODUCT1,2,TRUE,TRUE,Comment
PRODUCTSTATEQUERY,$SA1,$SESSION1,$STRATEGY1,8,TRUE,TRUE,Comment
UPDATEUNDERLYINGRECAPLASTSALE,$SA1,$CLASS1,$UNDERLYINGCLASS1PRODUCT1,*,0.00,0.00,0,0,-,-,5,TRUE,TRUE,Comment
UPDATEUNDERLYINGRECAPQUOTE,$SA1,$CLASS1,$UNDERLYINGCLASS1PRODUCT1,*,0.00,0.00,0,0,-,true,5,TRUE,TRUE,Comment
PAUSE,5000
PRODUCTSTATEQUERY,$SA1,$SESSION1,$CLASS1PRODUCT1,2,TRUE,TRUE,Comment
PRODUCTSTATEQUERY,$SA1,$SESSION1,$STRATEGY1,5,TRUE,TRUE,Comment

COMMENT, Test Case 21:Derivative option and strategy class is in PRE-OPEN state and one of the optionstrategy products is in SUSPENDED state. Verify that incoming underlying OPEN or HALTED product state does not change the derivative classproduct state
CLEARUNDERLYINGCACHEDATA,$SA1,$CLASS1,*,TRUE,TRUE,Comment
SETPRODUCTSTATEBYCLASS,$SA1,$SESSION1,$STRATEGYCLASS1,2,TRUE,TRUE,Comment
SETPRODUCTSTATEBYPRODUCT,$SA1,$SESSION1,$CLASS1PRODUCT1,$CLASS1,10,TRUE,TRUE,Comment
SETPRODUCTSTATEBYPRODUCT,$SA1,$SESSION1,$STRATEGY2,$STRATEGYCLASS1,10,TRUE,TRUE,Comment
PAUSE,5000
PRODUCTSTATEQUERY,$SA1,$SESSION1,$CLASS1PRODUCT1,10,TRUE,TRUE,Comment
PRODUCTSTATEQUERY,$SA1,$SESSION1,$STRATEGY2,10,TRUE,TRUE,Comment
PRODUCTSTATEQUERY,$SA1,$SESSION1,$CLASS1PRODUCT2,2,TRUE,TRUE,Comment
PRODUCTSTATEQUERY,$SA1,$SESSION1,$STRATEGY1,2,TRUE,TRUE,Comment
UPDATEUNDERLYINGRECAPLASTSALE,$SA1,$CLASS1,$UNDERLYINGCLASS1PRODUCT1,*,0.00,0.00,0,0,-,-,4,TRUE,TRUE,Comment
UPDATEUNDERLYINGRECAPQUOTE,$SA1,$CLASS1,$UNDERLYINGCLASS1PRODUCT1,*,0.00,0.00,0,0,-,true,4,TRUE,TRUE,Comment
PAUSE,5000
PRODUCTSTATEQUERY,$SA1,$SESSION1,$CLASS1PRODUCT1,10,TRUE,TRUE,Comment
PRODUCTSTATEQUERY,$SA1,$SESSION1,$STRATEGY2,10,TRUE,TRUE,Comment
PRODUCTSTATEQUERY,$SA1,$SESSION1,$CLASS1PRODUCT2,2,TRUE,TRUE,Comment
PRODUCTSTATEQUERY,$SA1,$SESSION1,$STRATEGY1,2,TRUE,TRUE,Comment
CLEARUNDERLYINGCACHEDATA,$SA1,$CLASS1,*,TRUE,TRUE,Comment
PAUSE,5000
UPDATEUNDERLYINGRECAPLASTSALE,$SA1,$CLASS1,$UNDERLYINGCLASS1PRODUCT1,*,0.00,0.00,0,0,-,-,5,TRUE,TRUE,Comment
UPDATEUNDERLYINGRECAPQUOTE,$SA1,$CLASS1,$UNDERLYINGCLASS1PRODUCT1,*,0.00,0.00,0,0,-,true,5,TRUE,TRUE,Comment
PAUSE,5000
PRODUCTSTATEQUERY,$SA1,$SESSION1,$CLASS1PRODUCT1,10,TRUE,TRUE,Comment
PRODUCTSTATEQUERY,$SA1,$SESSION1,$STRATEGY2,10,TRUE,TRUE,Comment
PRODUCTSTATEQUERY,$SA1,$SESSION1,$CLASS1PRODUCT2,2,TRUE,TRUE,Comment
PRODUCTSTATEQUERY,$SA1,$SESSION1,$STRATEGY1,2,TRUE,TRUE,Comment

COMMENT, Test Case 22:Derivative option and strategy class is in PRE-OPEN state and one of the optionstrategy products is in CLOSED state. Verify that incoming underlying OPEN or HALTED product state does not change the derivative classproduct state
CLEARUNDERLYINGCACHEDATA,$SA1,$CLASS1,*,TRUE,TRUE,Comment
SETPRODUCTSTATEBYCLASS,$SA1,$SESSION1,$CLASS1,1,TRUE,TRUE,Comment
SETPRODUCTSTATEBYCLASS,$SA1,$SESSION1,$STRATEGYCLASS1,1,TRUE,TRUE,Comment
SETPRODUCTSTATEBYCLASS,$SA1,$SESSION1,$CLASS1,2,TRUE,TRUE,Comment
SETPRODUCTSTATEBYCLASS,$SA1,$SESSION1,$STRATEGYCLASS1,2,TRUE,TRUE,Comment
SETPRODUCTSTATEBYPRODUCT,$SA1,$SESSION1,$STRATEGY2,$STRATEGYCLASS1,1,TRUE,TRUE,Comment
SETPRODUCTSTATEBYPRODUCT,$SA1,$SESSION1,$CLASS1PRODUCT1,$CLASS1,1,TRUE,TRUE,Comment
PAUSE,5000
PRODUCTSTATEQUERY,$SA1,$SESSION1,$CLASS1PRODUCT1,1,TRUE,TRUE,Comment
PRODUCTSTATEQUERY,$SA1,$SESSION1,$STRATEGY2,1,TRUE,TRUE,Comment
PRODUCTSTATEQUERY,$SA1,$SESSION1,$CLASS1PRODUCT2,2,TRUE,TRUE,Comment
PRODUCTSTATEQUERY,$SA1,$SESSION1,$STRATEGY1,2,TRUE,TRUE,Comment
UPDATEUNDERLYINGRECAPLASTSALE,$SA1,$CLASS1,$UNDERLYINGCLASS1PRODUCT1,*,0.00,0.00,0,0,-,-,4,TRUE,TRUE,Comment
UPDATEUNDERLYINGRECAPQUOTE,$SA1,$CLASS1,$UNDERLYINGCLASS1PRODUCT1,*,0.00,0.00,0,0,-,true,4,TRUE,TRUE,Comment
PAUSE,5000
PRODUCTSTATEQUERY,$SA1,$SESSION1,$CLASS1PRODUCT1,1,TRUE,TRUE,Comment
PRODUCTSTATEQUERY,$SA1,$SESSION1,$STRATEGY2,1,TRUE,TRUE,Comment
PRODUCTSTATEQUERY,$SA1,$SESSION1,$CLASS1PRODUCT2,2,TRUE,TRUE,Comment
PRODUCTSTATEQUERY,$SA1,$SESSION1,$STRATEGY1,2,TRUE,TRUE,Comment
CLEARUNDERLYINGCACHEDATA,$SA1,$CLASS1,*,TRUE,TRUE,Comment
PAUSE,5000
UPDATEUNDERLYINGRECAPLASTSALE,$SA1,$CLASS1,$UNDERLYINGCLASS1PRODUCT1,*,0.00,0.00,0,0,-,-,5,TRUE,TRUE,Comment
UPDATEUNDERLYINGRECAPQUOTE,$SA1,$CLASS1,$UNDERLYINGCLASS1PRODUCT1,*,0.00,0.00,0,0,-,true,5,TRUE,TRUE,Comment
PRODUCTSTATEQUERY,$SA1,$SESSION1,$CLASS1PRODUCT1,1,TRUE,TRUE,Comment
PRODUCTSTATEQUERY,$SA1,$SESSION1,$STRATEGY2,1,TRUE,TRUE,Comment
PRODUCTSTATEQUERY,$SA1,$SESSION1,$CLASS1PRODUCT2,2,TRUE,TRUE,Comment
PRODUCTSTATEQUERY,$SA1,$SESSION1,$STRATEGY1,2,TRUE,TRUE,Comment

COMMENT, Test Case 23:Derivative option and strategy class is in PRE-OPEN state and one of the optionstrategy products is in HALTED state. Verify that incoming underlying OPEN or HALTED product state does not change the derivative classproduct state
CLEARUNDERLYINGCACHEDATA,$SA1,$CLASS1,*,TRUE,TRUE,Comment
SETPRODUCTSTATEBYPRODUCT,$SA1,$SESSION1,$CLASS1PRODUCT1,$CLASS1,2,TRUE,TRUE,Comment
SETPRODUCTSTATEBYPRODUCT,$SA1,$SESSION1,$STRATEGY2,$STRATEGYCLASS1,2,TRUE,TRUE,Comment
SETPRODUCTSTATEBYPRODUCT,$SA1,$SESSION1,$CLASS1PRODUCT1,$CLASS1,5,TRUE,TRUE,Comment
SETPRODUCTSTATEBYPRODUCT,$SA1,$SESSION1,$STRATEGY2,$STRATEGYCLASS1,5,TRUE,TRUE,Comment
PAUSE,5000
PRODUCTSTATEQUERY,$SA1,$SESSION1,$CLASS1PRODUCT1,5,TRUE,TRUE,Comment
PRODUCTSTATEQUERY,$SA1,$SESSION1,$STRATEGY2,5,TRUE,TRUE,Comment
PRODUCTSTATEQUERY,$SA1,$SESSION1,$CLASS1PRODUCT2,2,TRUE,TRUE,Comment
PRODUCTSTATEQUERY,$SA1,$SESSION1,$STRATEGY1,2,TRUE,TRUE,Comment
UPDATEUNDERLYINGRECAPLASTSALE,$SA1,$CLASS1,$UNDERLYINGCLASS1PRODUCT1,*,0.00,0.00,0,0,-,-,4,TRUE,TRUE,Comment
UPDATEUNDERLYINGRECAPQUOTE,$SA1,$CLASS1,$UNDERLYINGCLASS1PRODUCT1,*,0.00,0.00,0,0,-,true,4,TRUE,TRUE,Comment
PAUSE,5000
PRODUCTSTATEQUERY,$SA1,$SESSION1,$CLASS1PRODUCT1,5,TRUE,TRUE,Comment
PRODUCTSTATEQUERY,$SA1,$SESSION1,$STRATEGY2,5,TRUE,TRUE,Comment
PRODUCTSTATEQUERY,$SA1,$SESSION1,$CLASS1PRODUCT2,2,TRUE,TRUE,Comment
PRODUCTSTATEQUERY,$SA1,$SESSION1,$STRATEGY1,2,TRUE,TRUE,Comment
CLEARUNDERLYINGCACHEDATA,$SA1,$CLASS1,*,TRUE,TRUE,Comment
PAUSE,5000
UPDATEUNDERLYINGRECAPLASTSALE,$SA1,$CLASS1,$UNDERLYINGCLASS1PRODUCT1,*,0.00,0.00,0,0,-,-,5,TRUE,TRUE,Comment
UPDATEUNDERLYINGRECAPQUOTE,$SA1,$CLASS1,$UNDERLYINGCLASS1PRODUCT1,*,0.00,0.00,0,0,-,true,5,TRUE,TRUE,Comment
PAUSE,5000
PRODUCTSTATEQUERY,$SA1,$SESSION1,$CLASS1PRODUCT1,5,TRUE,TRUE,Comment
PRODUCTSTATEQUERY,$SA1,$SESSION1,$STRATEGY2,5,TRUE,TRUE,Comment
PRODUCTSTATEQUERY,$SA1,$SESSION1,$CLASS1PRODUCT2,2,TRUE,TRUE,Comment
PRODUCTSTATEQUERY,$SA1,$SESSION1,$STRATEGY1,2,TRUE,TRUE,Comment

COMMENT, Test Case 24: Derivative option and strategy class is in PRE-OPEN state and one of the option/strategy products is in OPEN ROTATION state. Verify that incoming underlying OPEN Or HALT HALTED product state does not change the derivative state for both
CLEARUNDERLYINGCACHEDATA,$SA1,$CLASS1,*,TRUE,TRUE,Comment
SETPRODUCTSTATEBYPRODUCT,$SA1,$SESSION1,$CLASS1PRODUCT1,$CLASS1,3,TRUE,TRUE,Comment
SETPRODUCTSTATEBYPRODUCT,$SA1,$SESSION1,$STRATEGY2,$STRATEGYCLASS1,3,TRUE,TRUE,Comment
PAUSE,5000
PRODUCTSTATEQUERY,$SA1,$SESSION1,$CLASS1PRODUCT1,3,TRUE,TRUE,Comment
PRODUCTSTATEQUERY,$SA1,$SESSION1,$STRATEGY2,3,TRUE,TRUE,Comment
PRODUCTSTATEQUERY,$SA1,$SESSION1,$CLASS1PRODUCT2,2,TRUE,TRUE,Comment
PRODUCTSTATEQUERY,$SA1,$SESSION1,$STRATEGY1,2,TRUE,TRUE,Comment
UPDATEUNDERLYINGRECAPLASTSALE,$SA1,$CLASS1,$UNDERLYINGCLASS1PRODUCT1,*,0.00,0.00,0,0,-,-,4,TRUE,TRUE,Comment
UPDATEUNDERLYINGRECAPQUOTE,$SA1,$CLASS1,$UNDERLYINGCLASS1PRODUCT1,*,0.00,0.00,0,0,-,true,4,TRUE,TRUE,Comment
PAUSE,5000
PRODUCTSTATEQUERY,$SA1,$SESSION1,$CLASS1PRODUCT1,3,TRUE,TRUE,Comment
PRODUCTSTATEQUERY,$SA1,$SESSION1,$STRATEGY2,3,TRUE,TRUE,Comment
PRODUCTSTATEQUERY,$SA1,$SESSION1,$CLASS1PRODUCT2,2,TRUE,TRUE,Comment
PRODUCTSTATEQUERY,$SA1,$SESSION1,$STRATEGY1,3,TRUE,TRUE,Comment
SETPRODUCTSTATEBYCLASS,$SA1,$SESSION1,$STRATEGYCLASS1,5,TRUE,TRUE,Comment
SETPRODUCTSTATEBYCLASS,$SA1,$SESSION1,$STRATEGYCLASS1,2,TRUE,TRUE,Comment
SETPRODUCTSTATEBYPRODUCT,$SA1,$SESSION1,$STRATEGY2,$STRATEGYCLASS1,3,TRUE,TRUE,Comment
CLEARUNDERLYINGCACHEDATA,$SA1,$CLASS1,*,TRUE,TRUE,Comment
PAUSE,5000
PRODUCTSTATEQUERY,$SA1,$SESSION1,$CLASS1PRODUCT1,3,TRUE,TRUE,Comment
PRODUCTSTATEQUERY,$SA1,$SESSION1,$STRATEGY2,3,TRUE,TRUE,Comment
PRODUCTSTATEQUERY,$SA1,$SESSION1,$CLASS1PRODUCT2,2,TRUE,TRUE,Comment
PRODUCTSTATEQUERY,$SA1,$SESSION1,$STRATEGY1,2,TRUE,TRUE,Comment
UPDATEUNDERLYINGRECAPLASTSALE,$SA1,$CLASS1,$UNDERLYINGCLASS1PRODUCT1,*,0.00,0.00,0,0,-,-,5,TRUE,TRUE,Comment
UPDATEUNDERLYINGRECAPQUOTE,$SA1,$CLASS1,$UNDERLYINGCLASS1PRODUCT1,*,0.00,0.00,0,0,-,true,5,TRUE,TRUE,Comment
PAUSE,5000
PRODUCTSTATEQUERY,$SA1,$SESSION1,$CLASS1PRODUCT1,3,TRUE,TRUE,Comment
PRODUCTSTATEQUERY,$SA1,$SESSION1,$STRATEGY2,3,TRUE,TRUE,Comment
PRODUCTSTATEQUERY,$SA1,$SESSION1,$CLASS1PRODUCT2,2,TRUE,TRUE,Comment
PRODUCTSTATEQUERY,$SA1,$SESSION1,$STRATEGY1,2,TRUE,TRUE,Comment


COMMENT, Test Case 25:Derivative option and strategy class is in PRE-OPEN state and one of the option products is in OPEN ROTATION state and strategy product is in ON-HOLD state. Verify that incoming underlying OPEN product state changes the derivative state for strategy ONLY and incoming HALTED product state does not change the derivative state for both
CLEARUNDERLYINGCACHEDATA,$SA1,$CLASS1,*,TRUE,TRUE,Comment
SETPRODUCTSTATEBYPRODUCT,$SA1,$SESSION1,$STRATEGY2,$STRATEGYCLASS1,8,TRUE,TRUE,Comment
PAUSE,5000
PRODUCTSTATEQUERY,$SA1,$SESSION1,$CLASS1PRODUCT1,3,TRUE,TRUE,Comment
PRODUCTSTATEQUERY,$SA1,$SESSION1,$STRATEGY2,8,TRUE,TRUE,Comment
PRODUCTSTATEQUERY,$SA1,$SESSION1,$CLASS1PRODUCT2,2,TRUE,TRUE,Comment
PRODUCTSTATEQUERY,$SA1,$SESSION1,$STRATEGY1,2,TRUE,TRUE,Comment
UPDATEUNDERLYINGRECAPLASTSALE,$SA1,$CLASS1,$UNDERLYINGCLASS1PRODUCT1,*,0.00,0.00,0,0,-,-,4,TRUE,TRUE,Comment
UPDATEUNDERLYINGRECAPQUOTE,$SA1,$CLASS1,$UNDERLYINGCLASS1PRODUCT1,*,0.00,0.00,0,0,-,true,4,TRUE,TRUE,Comment
PAUSE,5000
PRODUCTSTATEQUERY,$SA1,$SESSION1,$CLASS1PRODUCT1,3,TRUE,TRUE,Comment
PRODUCTSTATEQUERY,$SA1,$SESSION1,$STRATEGY2,3,TRUE,TRUE,Comment
PRODUCTSTATEQUERY,$SA1,$SESSION1,$CLASS1PRODUCT2,2,TRUE,TRUE,Comment
PRODUCTSTATEQUERY,$SA1,$SESSION1,$STRATEGY1,3,TRUE,TRUE,Comment
SETPRODUCTSTATEBYCLASS,$SA1,$SESSION1,$STRATEGYCLASS1,5,TRUE,TRUE,Comment
SETPRODUCTSTATEBYCLASS,$SA1,$SESSION1,$STRATEGYCLASS1,2,TRUE,TRUE,Comment
SETPRODUCTSTATEBYPRODUCT,$SA1,$SESSION1,$STRATEGY2,$STRATEGYCLASS1,8,TRUE,TRUE,Comment
CLEARUNDERLYINGCACHEDATA,$SA1,$CLASS1,*,TRUE,TRUE,Comment
PAUSE,5000
PRODUCTSTATEQUERY,$SA1,$SESSION1,$CLASS1PRODUCT1,3,TRUE,TRUE,Comment
PRODUCTSTATEQUERY,$SA1,$SESSION1,$STRATEGY2,8,TRUE,TRUE,Comment
PRODUCTSTATEQUERY,$SA1,$SESSION1,$CLASS1PRODUCT2,2,TRUE,TRUE,Comment
PRODUCTSTATEQUERY,$SA1,$SESSION1,$STRATEGY1,2,TRUE,TRUE,Comment
UPDATEUNDERLYINGRECAPLASTSALE,$SA1,$CLASS1,$UNDERLYINGCLASS1PRODUCT1,*,0.00,0.00,0,0,-,-,5,TRUE,TRUE,Comment
UPDATEUNDERLYINGRECAPQUOTE,$SA1,$CLASS1,$UNDERLYINGCLASS1PRODUCT1,*,0.00,0.00,0,0,-,true,5,TRUE,TRUE,Comment
PAUSE,5000
PRODUCTSTATEQUERY,$SA1,$SESSION1,$CLASS1PRODUCT1,3,TRUE,TRUE,Comment
PRODUCTSTATEQUERY,$SA1,$SESSION1,$STRATEGY2,8,TRUE,TRUE,Comment
PRODUCTSTATEQUERY,$SA1,$SESSION1,$CLASS1PRODUCT2,2,TRUE,TRUE,Comment
PRODUCTSTATEQUERY,$SA1,$SESSION1,$STRATEGY1,2,TRUE,TRUE,Comment

COMMENT, Test Case 26:Derivative option and strategy class is in PRE-OPEN state and one of the option products is in OPEN state. Verify that incoming underlying OPEN product state changes the derivative Strategy state only and incoming HALTED product state does not change the derivative state for both
CLEARUNDERLYINGCACHEDATA,$SA1,$CLASS1,*,TRUE,TRUE,Comment
SETPRODUCTSTATEBYCLASS,$SA1,$SESSION1,$CLASS1,5,TRUE,TRUE,Comment
SETPRODUCTSTATEBYCLASS,$SA1,$SESSION1,$CLASS1,2,TRUE,TRUE,Comment
SETPRODUCTSTATEBYCLASS,$SA1,$SESSION1,$STRATEGYCLASS1,2,TRUE,TRUE,Comment
SETPRODUCTSTATEBYPRODUCT,$SA1,$SESSION1,$CLASS1PRODUCT1,$CLASS1,3,TRUE,TRUE,Comment
QUOTE,$MM1,2,1,00,100,2,1,15,100,$CLASS1PRODUCT1,$SESSION1,User Assigned Id..,TRUE,TRUE,Comment
PAUSE,5000
PRODUCTSTATEQUERY,$SA1,$SESSION1,$CLASS1PRODUCT1,4,TRUE,TRUE,Comment
PRODUCTSTATEQUERY,$SA1,$SESSION1,$CLASS1PRODUCT2,2,TRUE,TRUE,Comment
PRODUCTSTATEQUERY,$SA1,$SESSION1,$STRATEGY1,2,TRUE,TRUE,Comment
PRODUCTSTATEQUERY,$SA1,$SESSION1,$STRATEGY2,2,TRUE,TRUE,Comment
UPDATEUNDERLYINGRECAPLASTSALE,$SA1,$CLASS1,$UNDERLYINGCLASS1PRODUCT1,*,0.00,0.00,0,0,-,-,4,TRUE,TRUE,Comment
UPDATEUNDERLYINGRECAPQUOTE,$SA1,$CLASS1,$UNDERLYINGCLASS1PRODUCT1,*,0.00,0.00,0,0,-,true,4,TRUE,TRUE,Comment
PAUSE,5000
PRODUCTSTATEQUERY,$SA1,$SESSION1,$CLASS1PRODUCT1,4,TRUE,TRUE,Comment
PRODUCTSTATEQUERY,$SA1,$SESSION1,$CLASS1PRODUCT2,2,TRUE,TRUE,Comment
PRODUCTSTATEQUERY,$SA1,$SESSION1,$STRATEGY1,3,TRUE,TRUE,Comment
PRODUCTSTATEQUERY,$SA1,$SESSION1,$STRATEGY2,3,TRUE,TRUE,Comment
SETPRODUCTSTATEBYCLASS,$SA1,$SESSION1,$STRATEGYCLASS1,5,TRUE,TRUE,Comment
SETPRODUCTSTATEBYCLASS,$SA1,$SESSION1,$STRATEGYCLASS1,2,TRUE,TRUE,Comment
PAUSE,5000
CLEARUNDERLYINGCACHEDATA,$SA1,$CLASS1,*,TRUE,TRUE,Comment
PRODUCTSTATEQUERY,$SA1,$SESSION1,$CLASS1PRODUCT1,4,TRUE,TRUE,Comment
PRODUCTSTATEQUERY,$SA1,$SESSION1,$CLASS1PRODUCT2,2,TRUE,TRUE,Comment
PRODUCTSTATEQUERY,$SA1,$SESSION1,$STRATEGY1,2,TRUE,TRUE,Comment
PRODUCTSTATEQUERY,$SA1,$SESSION1,$STRATEGY2,2,TRUE,TRUE,Comment
UPDATEUNDERLYINGRECAPLASTSALE,$SA1,$CLASS1,$UNDERLYINGCLASS1PRODUCT1,*,0.00,0.00,0,0,-,-,5,TRUE,TRUE,Comment
UPDATEUNDERLYINGRECAPQUOTE,$SA1,$CLASS1,$UNDERLYINGCLASS1PRODUCT1,*,0.00,0.00,0,0,-,true,5,TRUE,TRUE,Comment
PAUSE,5000
PRODUCTSTATEQUERY,$SA1,$SESSION1,$CLASS1PRODUCT1,4,TRUE,TRUE,Comment
PRODUCTSTATEQUERY,$SA1,$SESSION1,$CLASS1PRODUCT2,2,TRUE,TRUE,Comment
PRODUCTSTATEQUERY,$SA1,$SESSION1,$STRATEGY1,2,TRUE,TRUE,Comment
PRODUCTSTATEQUERY,$SA1,$SESSION1,$STRATEGY2,2,TRUE,TRUE,Comment
QUOTECANCEL,$MM1,$SESSION1,$CLASS1PRODUCT1,2,TRUE,TRUE,Comment

COMMENT, Test Case 27:Derivative option and strategy class is in PRE-OPEN state and one of the optionstrategy products is in FAST state. Verify that incoming underlying OPEN or HALTED product state does not change the derivative classproduct state
CLEARUNDERLYINGCACHEDATA,$SA1,$CLASS1,*,TRUE,TRUE,Comment
SETPRODUCTSTATEBYCLASS,$SA1,$SESSION1,$CLASS1,5,TRUE,TRUE,Comment
SETPRODUCTSTATEBYCLASS,$SA1,$SESSION1,$STRATEGYCLASS1,5,TRUE,TRUE,Comment
SETPRODUCTSTATEBYCLASS,$SA1,$SESSION1,$CLASS1,2,TRUE,TRUE,Comment
SETPRODUCTSTATEBYCLASS,$SA1,$SESSION1,$STRATEGYCLASS1,2,TRUE,TRUE,Comment
SETPRODUCTSTATEBYPRODUCT,$SA1,$SESSION1,$CLASS1PRODUCT1,$CLASS1,3,TRUE,TRUE,Comment
SETPRODUCTSTATEBYPRODUCT,$SA1,$SESSION1,$CLASS1PRODUCT1,$CLASS1,6,TRUE,TRUE,Comment
SETPRODUCTSTATEBYPRODUCT,$SA1,$SESSION1,$STRATEGY2,$STRATEGYCLASS1,3,TRUE,TRUE,Comment
SETPRODUCTSTATEBYPRODUCT,$SA1,$SESSION1,$STRATEGY2,$STRATEGYCLASS1,6,TRUE,TRUE,Comment
PAUSE,5000
PRODUCTSTATEQUERY,$SA1,$SESSION1,$CLASS1PRODUCT1,6,TRUE,TRUE,Comment
PRODUCTSTATEQUERY,$SA1,$SESSION1,$STRATEGY2,6,TRUE,TRUE,Comment
PRODUCTSTATEQUERY,$SA1,$SESSION1,$CLASS1PRODUCT2,2,TRUE,TRUE,Comment
PRODUCTSTATEQUERY,$SA1,$SESSION1,$STRATEGY1,2,TRUE,TRUE,Comment
UPDATEUNDERLYINGRECAPLASTSALE,$SA1,$CLASS1,$UNDERLYINGCLASS1PRODUCT1,*,0.00,0.00,0,0,-,-,4,TRUE,TRUE,Comment
UPDATEUNDERLYINGRECAPQUOTE,$SA1,$CLASS1,$UNDERLYINGCLASS1PRODUCT1,*,0.00,0.00,0,0,-,true,4,TRUE,TRUE,Comment
PAUSE,5000
PRODUCTSTATEQUERY,$SA1,$SESSION1,$CLASS1PRODUCT1,6,TRUE,TRUE,Comment
PRODUCTSTATEQUERY,$SA1,$SESSION1,$STRATEGY2,6,TRUE,TRUE,Comment
PRODUCTSTATEQUERY,$SA1,$SESSION1,$CLASS1PRODUCT2,2,TRUE,TRUE,Comment
PRODUCTSTATEQUERY,$SA1,$SESSION1,$STRATEGY1,2,TRUE,TRUE,Comment
CLEARUNDERLYINGCACHEDATA,$SA1,$CLASS1,*,TRUE,TRUE,Comment
PAUSE,5000
UPDATEUNDERLYINGRECAPLASTSALE,$SA1,$CLASS1,$UNDERLYINGCLASS1PRODUCT1,*,0.00,0.00,0,0,-,-,5,TRUE,TRUE,Comment
UPDATEUNDERLYINGRECAPQUOTE,$SA1,$CLASS1,$UNDERLYINGCLASS1PRODUCT1,*,0.00,0.00,0,0,-,true,5,TRUE,TRUE,Comment
PAUSE,5000
PRODUCTSTATEQUERY,$SA1,$SESSION1,$CLASS1PRODUCT1,6,TRUE,TRUE,Comment
PRODUCTSTATEQUERY,$SA1,$SESSION1,$STRATEGY2,6,TRUE,TRUE,Comment
PRODUCTSTATEQUERY,$SA1,$SESSION1,$CLASS1PRODUCT2,2,TRUE,TRUE,Comment
PRODUCTSTATEQUERY,$SA1,$SESSION1,$STRATEGY1,2,TRUE,TRUE,Comment

COMMENT, Test Case 28:The derivative class is in SUSPENDED state but one of the product series is in PRE-OPEN state. Verify that incoming underlying product with OPEN state does not change the derivaite productclass to OPEN ROTATION state
CLEARUNDERLYINGCACHEDATA,$SA1,$CLASS1,*,TRUE,TRUE,Comment
SETPRODUCTSTATEBYCLASS,$SA1,$SESSION1,$CLASS1,10,TRUE,TRUE,Comment
SETPRODUCTSTATEBYCLASS,$SA1,$SESSION1,$STRATEGYCLASS1,10,TRUE,TRUE,Comment
SETPRODUCTSTATEBYPRODUCT,$SA1,$SESSION1,$CLASS1PRODUCT1,$CLASS1,1,TRUE,TRUE,Comment
SETPRODUCTSTATEBYPRODUCT,$SA1,$SESSION1,$CLASS1PRODUCT1,$CLASS1,2,TRUE,TRUE,Comment
PAUSE,5000
PRODUCTSTATEQUERY,$SA1,$SESSION1,$CLASS1PRODUCT1,2,TRUE,TRUE,Comment
PRODUCTSTATEQUERY,$SA1,$SESSION1,$CLASS1PRODUCT2,10,TRUE,TRUE,Comment
PRODUCTSTATEQUERY,$SA1,$SESSION1,$STRATEGY1,10,TRUE,TRUE,Comment
UPDATEUNDERLYINGRECAPLASTSALE,$SA1,$CLASS1,$UNDERLYINGCLASS1PRODUCT1,*,0.00,0.00,0,0,-,-,4,TRUE,TRUE,Comment
UPDATEUNDERLYINGRECAPQUOTE,$SA1,$CLASS1,$UNDERLYINGCLASS1PRODUCT1,*,0.00,0.00,0,0,-,true,4,TRUE,TRUE,Comment
PAUSE,8000
PRODUCTSTATEQUERY,$SA1,$SESSION1,$CLASS1PRODUCT1,2,TRUE,TRUE,Comment
PRODUCTSTATEQUERY,$SA1,$SESSION1,$CLASS1PRODUCT2,10,TRUE,TRUE,Comment
PRODUCTSTATEQUERY,$SA1,$SESSION1,$STRATEGY1,10,TRUE,TRUE,Comment

COMMENT, Test Case 29:The derivative class is in CLOSED state but one of the product series is in PRE-OPEN state. Verify that incoming underlying product with OPEN state does not change the derivaite productclass to OPEN ROTATION state
CLEARUNDERLYINGCACHEDATA,$SA1,$CLASS1,*,TRUE,TRUE,Comment
SETPRODUCTSTATEBYCLASS,$SA1,$SESSION1,$CLASS1,1,TRUE,TRUE,Comment
SETPRODUCTSTATEBYCLASS,$SA1,$SESSION1,$STRATEGYCLASS1,1,TRUE,TRUE,Comment
SETPRODUCTSTATEBYPRODUCT,$SA1,$SESSION1,$CLASS1PRODUCT1,$CLASS1,2,TRUE,TRUE,Comment
PAUSE,5000
PRODUCTSTATEQUERY,$SA1,$SESSION1,$CLASS1PRODUCT1,2,TRUE,TRUE,Comment
PRODUCTSTATEQUERY,$SA1,$SESSION1,$CLASS1PRODUCT2,1,TRUE,TRUE,Comment
PRODUCTSTATEQUERY,$SA1,$SESSION1,$STRATEGY1,1,TRUE,TRUE,Comment
UPDATEUNDERLYINGRECAPLASTSALE,$SA1,$CLASS1,$UNDERLYINGCLASS1PRODUCT1,*,0.00,0.00,0,0,-,-,4,TRUE,TRUE,Comment
UPDATEUNDERLYINGRECAPQUOTE,$SA1,$CLASS1,$UNDERLYINGCLASS1PRODUCT1,*,0.00,0.00,0,0,-,true,4,TRUE,TRUE,Comment
PAUSE,8000
PRODUCTSTATEQUERY,$SA1,$SESSION1,$CLASS1PRODUCT1,2,TRUE,TRUE,Comment
PRODUCTSTATEQUERY,$SA1,$SESSION1,$CLASS1PRODUCT2,1,TRUE,TRUE,Comment
PRODUCTSTATEQUERY,$SA1,$SESSION1,$STRATEGY1,1,TRUE,TRUE,Comment

COMMENT, Test Case 30:The derivative class is in HALTED state but one of the product series is in PRE-OPEN state. Verify that incoming underlying product with OPEN state does not change the derivaite productclass to OPEN ROTATION state
CLEARUNDERLYINGCACHEDATA,$SA1,$CLASS1,*,TRUE,TRUE,Comment
SETPRODUCTSTATEBYCLASS,$SA1,$SESSION1,$CLASS1,2,TRUE,TRUE,Comment
SETPRODUCTSTATEBYCLASS,$SA1,$SESSION1,$STRATEGYCLASS1,2,TRUE,TRUE,Comment
SETPRODUCTSTATEBYCLASS,$SA1,$SESSION1,$CLASS1,5,TRUE,TRUE,Comment
SETPRODUCTSTATEBYCLASS,$SA1,$SESSION1,$STRATEGYCLASS1,5,TRUE,TRUE,Comment
SETPRODUCTSTATEBYPRODUCT,$SA1,$SESSION1,$CLASS1PRODUCT1,$CLASS1,2,TRUE,TRUE,Comment
PAUSE,5000
PRODUCTSTATEQUERY,$SA1,$SESSION1,$CLASS1PRODUCT1,2,TRUE,TRUE,Comment
PRODUCTSTATEQUERY,$SA1,$SESSION1,$CLASS1PRODUCT2,5,TRUE,TRUE,Comment
PRODUCTSTATEQUERY,$SA1,$SESSION1,$STRATEGY1,5,TRUE,TRUE,Comment
UPDATEUNDERLYINGRECAPLASTSALE,$SA1,$CLASS1,$UNDERLYINGCLASS1PRODUCT1,*,0.00,0.00,0,0,-,-,4,TRUE,TRUE,Comment
UPDATEUNDERLYINGRECAPQUOTE,$SA1,$CLASS1,$UNDERLYINGCLASS1PRODUCT1,*,0.00,0.00,0,0,-,true,4,TRUE,TRUE,Comment
PAUSE,8000
PRODUCTSTATEQUERY,$SA1,$SESSION1,$CLASS1PRODUCT1,2,TRUE,TRUE,Comment
PRODUCTSTATEQUERY,$SA1,$SESSION1,$CLASS1PRODUCT2,5,TRUE,TRUE,Comment
PRODUCTSTATEQUERY,$SA1,$SESSION1,$STRATEGY1,5,TRUE,TRUE,Comment

COMMENT, Test Case 31:The derivative class is in OPEN-ROTATION state but one of the product series is in PRE-OPEN state. Verify that incoming underlying product with OPEN state does not change the derivaite productclass to OPEN ROTATION state
CLEARUNDERLYINGCACHEDATA,$SA1,$CLASS1,*,TRUE,TRUE,Comment
SETPRODUCTSTATEBYCLASS,$SA1,$SESSION1,$CLASS1,1,TRUE,TRUE,Comment
SETPRODUCTSTATEBYCLASS,$SA1,$SESSION1,$STRATEGYCLASS1,1,TRUE,TRUE,Comment
SETPRODUCTSTATEBYCLASS,$SA1,$SESSION1,$CLASS1,2,TRUE,TRUE,Comment
SETPRODUCTSTATEBYCLASS,$SA1,$SESSION1,$STRATEGYCLASS1,2,TRUE,TRUE,Comment
SETPRODUCTSTATEBYCLASS,$SA1,$SESSION1,$CLASS1,3,TRUE,TRUE,Comment
SETPRODUCTSTATEBYCLASS,$SA1,$SESSION1,$STRATEGYCLASS1,3,TRUE,TRUE,Comment
SETPRODUCTSTATEBYPRODUCT,$SA1,$SESSION1,$CLASS1PRODUCT1,$CLASS1,1,TRUE,TRUE,Comment
SETPRODUCTSTATEBYPRODUCT,$SA1,$SESSION1,$CLASS1PRODUCT1,$CLASS1,2,TRUE,TRUE,Comment
PAUSE,5000
PRODUCTSTATEQUERY,$SA1,$SESSION1,$CLASS1PRODUCT1,2,TRUE,TRUE,Comment
PRODUCTSTATEQUERY,$SA1,$SESSION1,$CLASS1PRODUCT2,3,TRUE,TRUE,Comment
PRODUCTSTATEQUERY,$SA1,$SESSION1,$STRATEGY1,3,TRUE,TRUE,Comment
UPDATEUNDERLYINGRECAPLASTSALE,$SA1,$CLASS1,$UNDERLYINGCLASS1PRODUCT1,*,0.00,0.00,0,0,-,-,4,TRUE,TRUE,Comment
UPDATEUNDERLYINGRECAPQUOTE,$SA1,$CLASS1,$UNDERLYINGCLASS1PRODUCT1,*,0.00,0.00,0,0,-,true,4,TRUE,TRUE,Comment
PAUSE,8000
PRODUCTSTATEQUERY,$SA1,$SESSION1,$CLASS1PRODUCT1,2,TRUE,TRUE,Comment
PRODUCTSTATEQUERY,$SA1,$SESSION1,$CLASS1PRODUCT2,3,TRUE,TRUE,Comment
PRODUCTSTATEQUERY,$SA1,$SESSION1,$STRATEGY1,3,TRUE,TRUE,Comment

COMMENT, Test Case 32:The derivative class is in OPEN state but one of the product series is in PRE-OPEN state. Verify that incoming underlying product with OPEN state does not change the derivaite productclass to OPEN ROTATION state
CLEARUNDERLYINGCACHEDATA,$SA1,$CLASS1,*,TRUE,TRUE,Comment
SETPRODUCTSTATEBYCLASS,$SA1,$SESSION1,$CLASS1,1,TRUE,TRUE,Comment
SETPRODUCTSTATEBYCLASS,$SA1,$SESSION1,$STRATEGYCLASS1,1,TRUE,TRUE,Comment
SETPRODUCTSTATEBYCLASS,$SA1,$SESSION1,$CLASS1,2,TRUE,TRUE,Comment
SETPRODUCTSTATEBYCLASS,$SA1,$SESSION1,$STRATEGYCLASS1,2,TRUE,TRUE,Comment
SETPRODUCTSTATEBYCLASS,$SA1,$SESSION1,$CLASS1,3,TRUE,TRUE,Comment
SETPRODUCTSTATEBYCLASS,$SA1,$SESSION1,$STRATEGYCLASS1,3,TRUE,TRUE,Comment
SETPRODUCTSTATEBYCLASS,$SA1,$SESSION1,$CLASS1,4,TRUE,TRUE,Comment
SETPRODUCTSTATEBYPRODUCT,$SA1,$SESSION1,$CLASS1PRODUCT1,$CLASS1,1,TRUE,TRUE,Comment
SETPRODUCTSTATEBYPRODUCT,$SA1,$SESSION1,$CLASS1PRODUCT1,$CLASS1,2,TRUE,TRUE,Comment
PAUSE,5000
PRODUCTSTATEQUERY,$SA1,$SESSION1,$CLASS1PRODUCT1,2,TRUE,TRUE,Comment
PRODUCTSTATEQUERY,$SA1,$SESSION1,$CLASS1PRODUCT2,4,TRUE,TRUE,Comment
UPDATEUNDERLYINGRECAPLASTSALE,$SA1,$CLASS1,$UNDERLYINGCLASS1PRODUCT1,*,0.00,0.00,0,0,-,-,4,TRUE,TRUE,Comment
UPDATEUNDERLYINGRECAPQUOTE,$SA1,$CLASS1,$UNDERLYINGCLASS1PRODUCT1,*,0.00,0.00,0,0,-,true,4,TRUE,TRUE,Comment
PAUSE,8000
PRODUCTSTATEQUERY,$SA1,$SESSION1,$CLASS1PRODUCT1,2,TRUE,TRUE,Comment
PRODUCTSTATEQUERY,$SA1,$SESSION1,$CLASS1PRODUCT2,4,TRUE,TRUE,Comment

COMMENT, Test Case 33:The derivative class is in FAST state but one of the product series is in PRE-OPEN state. Verify that incoming underlying product with OPEN state does not change the derivaite productclass to OPEN ROTATION state
CLEARUNDERLYINGCACHEDATA,$SA1,$CLASS1,*,TRUE,TRUE,Comment
SETPRODUCTSTATEBYCLASS,$SA1,$SESSION1,$CLASS1,1,TRUE,TRUE,Comment
SETPRODUCTSTATEBYCLASS,$SA1,$SESSION1,$STRATEGYCLASS1,1,TRUE,TRUE,Comment
SETPRODUCTSTATEBYCLASS,$SA1,$SESSION1,$CLASS1,2,TRUE,TRUE,Comment
SETPRODUCTSTATEBYCLASS,$SA1,$SESSION1,$STRATEGYCLASS1,2,TRUE,TRUE,Comment
SETPRODUCTSTATEBYCLASS,$SA1,$SESSION1,$CLASS1,3,TRUE,TRUE,Comment
SETPRODUCTSTATEBYCLASS,$SA1,$SESSION1,$STRATEGYCLASS1,3,TRUE,TRUE,Comment
SETPRODUCTSTATEBYCLASS,$SA1,$SESSION1,$CLASS1,6,TRUE,TRUE,Comment
SETPRODUCTSTATEBYCLASS,$SA1,$SESSION1,$STRATEGYCLASS1,6,TRUE,TRUE,Comment
SETPRODUCTSTATEBYPRODUCT,$SA1,$SESSION1,$CLASS1PRODUCT1,$CLASS1,1,TRUE,TRUE,Comment
SETPRODUCTSTATEBYPRODUCT,$SA1,$SESSION1,$CLASS1PRODUCT1,$CLASS1,2,TRUE,TRUE,Comment
PAUSE,5000
PRODUCTSTATEQUERY,$SA1,$SESSION1,$CLASS1PRODUCT1,2,TRUE,TRUE,Comment
PRODUCTSTATEQUERY,$SA1,$SESSION1,$CLASS1PRODUCT2,6,TRUE,TRUE,Comment
PRODUCTSTATEQUERY,$SA1,$SESSION1,$STRATEGY1,6,TRUE,TRUE,Comment
UPDATEUNDERLYINGRECAPLASTSALE,$SA1,$CLASS1,$UNDERLYINGCLASS1PRODUCT1,*,0.00,0.00,0,0,-,-,4,TRUE,TRUE,Comment
UPDATEUNDERLYINGRECAPQUOTE,$SA1,$CLASS1,$UNDERLYINGCLASS1PRODUCT1,*,0.00,0.00,0,0,-,true,4,TRUE,TRUE,Comment
PAUSE,8000
PRODUCTSTATEQUERY,$SA1,$SESSION1,$CLASS1PRODUCT1,2,TRUE,TRUE,Comment
PRODUCTSTATEQUERY,$SA1,$SESSION1,$CLASS1PRODUCT2,6,TRUE,TRUE,Comment
PRODUCTSTATEQUERY,$SA1,$SESSION1,$STRATEGY1,6,TRUE,TRUE,Comment

COMMENT, Test Case 34:The derivative class is in Pre-Open state. Verify that incoming underlying product with OPEN state changes the derivaite productclass to OPEN ROTATION state. Verify that Opening Rotation product state change request from Global does not change the state
CLEARUNDERLYINGCACHEDATA,$SA1,$CLASS1,*,TRUE,TRUE,Comment
SETPRODUCTSTATEBYCLASS,$SA1,$SESSION1,$CLASS1,5,TRUE,TRUE,Comment
SETPRODUCTSTATEBYCLASS,$SA1,$SESSION1,$STRATEGYCLASS1,5,TRUE,TRUE,Comment
SETPRODUCTSTATEBYCLASS,$SA1,$SESSION1,$CLASS1,2,TRUE,TRUE,Comment
UPDATEUNDERLYINGRECAPLASTSALE,$SA1,$CLASS1,$UNDERLYINGCLASS1PRODUCT1,*,0.00,0.00,0,0,-,-,4,TRUE,TRUE,Comment
SETPRODUCTSTATEBYCLASS,$SA1,$SESSION1,$STRATEGYCLASS1,2,TRUE,TRUE,Comment
UPDATEUNDERLYINGRECAPQUOTE,$SA1,$CLASS1,$UNDERLYINGCLASS1PRODUCT1,*,0.00,0.00,0,0,-,true,2,TRUE,TRUE,Comment
PAUSE,5000
PRODUCTSTATEQUERY,$SA1,$SESSION1,$CLASS1PRODUCT1,3,TRUE,TRUE,Comment
PRODUCTSTATEQUERY,$SA1,$SESSION1,$STRATEGY1,3,TRUE,TRUE,Comment
SETPRODUCTSTATEBYCLASS,$SA1,$SESSION1,$CLASS1,3,TRUE,TRUE,Comment
SETPRODUCTSTATEBYCLASS,$SA1,$SESSION1,$STRATEGYCLASS1,3,TRUE,TRUE,Comment
PRODUCTSTATEQUERY,$SA1,$SESSION1,$CLASS1PRODUCT1,3,TRUE,TRUE,Comment
PRODUCTSTATEQUERY,$SA1,$SESSION1,$STRATEGY1,3,TRUE,TRUE,Comment

COMMENT, Test Case 35:Derivative class is in Open state. Verify that incoming underlying product with HALTED state change the derivaite productclass to HALTED state. Verify that HALTED product state change request from Global does not change the state
CLEARUNDERLYINGCACHEDATA,$SA1,$CLASS1,*,TRUE,TRUE,Comment
SETPRODUCTSTATEBYCLASS,$SA1,$SESSION1,$CLASS1,4,TRUE,TRUE,Comment
PRODUCTSTATEQUERY,$SA1,$SESSION1,$CLASS1PRODUCT1,4,TRUE,TRUE,Comment
PRODUCTSTATEQUERY,$SA1,$SESSION1,$CLASS1PRODUCT2,4,TRUE,TRUE,Comment
PRODUCTSTATEQUERY,$SA1,$SESSION1,$STRATEGY1,8,TRUE,TRUE,Comment
PRODUCTSTATEQUERY,$SA1,$SESSION1,$STRATEGY2,8,TRUE,TRUE,Comment
UPDATEUNDERLYINGRECAPLASTSALE,$SA1,$CLASS1,$UNDERLYINGCLASS1PRODUCT1,*,0.00,0.00,0,0,-,-,5,TRUE,TRUE,Comment
PRODUCTSTATEQUERY,$SA1,$SESSION1,$CLASS1PRODUCT1,5,TRUE,TRUE,Comment
PRODUCTSTATEQUERY,$SA1,$SESSION1,$CLASS1PRODUCT2,5,TRUE,TRUE,Comment
PRODUCTSTATEQUERY,$SA1,$SESSION1,$STRATEGY1,5,TRUE,TRUE,Comment
PRODUCTSTATEQUERY,$SA1,$SESSION1,$STRATEGY2,5,TRUE,TRUE,Comment
PAUSE,5000
SETPRODUCTSTATEBYCLASS,$SA1,$SESSION1,$CLASS1,5,TRUE,TRUE,Comment
SETPRODUCTSTATEBYCLASS,$SA1,$SESSION1,$STRATEGYCLASS1,5,TRUE,TRUE,Comment
PRODUCTSTATEQUERY,$SA1,$SESSION1,$CLASS1PRODUCT1,5,TRUE,TRUE,Comment
PRODUCTSTATEQUERY,$SA1,$SESSION1,$CLASS1PRODUCT2,5,TRUE,TRUE,Comment
PRODUCTSTATEQUERY,$SA1,$SESSION1,$STRATEGY1,5,TRUE,TRUE,Comment
PRODUCTSTATEQUERY,$SA1,$SESSION1,$STRATEGY2,5,TRUE,TRUE,Comment

COMMENT, Test Case 36:Derivative class is in SUSPENDED state and one of the optionstrategy products is in various states. Verify that incoming underlying HALTED product state does not change the classproduct state to Halted
CLEARUNDERLYINGCACHEDATA,$SA1,$CLASS1,*,TRUE,TRUE,Comment
SETPRODUCTSTATEBYCLASS,$SA1,$SESSION1,$CLASS1,10,TRUE,TRUE,Comment
SETPRODUCTSTATEBYCLASS,$SA1,$SESSION1,$STRATEGYCLASS1,10,TRUE,TRUE,Comment
PAUSE,5000
PRODUCTSTATEQUERY,$SA1,$SESSION1,$CLASS1PRODUCT1,10,TRUE,TRUE,Comment
PRODUCTSTATEQUERY,$SA1,$SESSION1,$CLASS1PRODUCT2,10,TRUE,TRUE,Comment
PRODUCTSTATEQUERY,$SA1,$SESSION1,$STRATEGY1,10,TRUE,TRUE,Comment
PRODUCTSTATEQUERY,$SA1,$SESSION1,$STRATEGY2,10,TRUE,TRUE,Comment
UPDATEUNDERLYINGRECAPQUOTE,$SA1,$CLASS1,$UNDERLYINGCLASS1PRODUCT1,*,0.00,0.00,0,0,-,true,5,TRUE,TRUE,Comment
PAUSE,5000
PRODUCTSTATEQUERY,$SA1,$SESSION1,$CLASS1PRODUCT1,10,TRUE,TRUE,Comment
PRODUCTSTATEQUERY,$SA1,$SESSION1,$STRATEGY2,10,TRUE,TRUE,Comment
PRODUCTSTATEQUERY,$SA1,$SESSION1,$CLASS1PRODUCT2,10,TRUE,TRUE,Comment
PRODUCTSTATEQUERY,$SA1,$SESSION1,$STRATEGY1,10,TRUE,TRUE,Comment
SETPRODUCTSTATEBYPRODUCT,$SA1,$SESSION1,$CLASS1PRODUCT1,$CLASS1,1,TRUE,TRUE,Comment
SETPRODUCTSTATEBYPRODUCT,$SA1,$SESSION1,$STRATEGY2,$STRATEGYCLASS1,1,TRUE,TRUE,Comment
PAUSE,5000
PRODUCTSTATEQUERY,$SA1,$SESSION1,$CLASS1PRODUCT1,1,TRUE,TRUE,Comment
PRODUCTSTATEQUERY,$SA1,$SESSION1,$CLASS1PRODUCT2,10,TRUE,TRUE,Comment
PRODUCTSTATEQUERY,$SA1,$SESSION1,$STRATEGY1,10,TRUE,TRUE,Comment
PRODUCTSTATEQUERY,$SA1,$SESSION1,$STRATEGY2,1,TRUE,TRUE,Comment
UPDATEUNDERLYINGRECAPQUOTE,$SA1,$CLASS1,$UNDERLYINGCLASS1PRODUCT1,*,0.00,0.00,0,0,-,true,5,TRUE,TRUE,Comment
PAUSE,5000
PRODUCTSTATEQUERY,$SA1,$SESSION1,$CLASS1PRODUCT1,1,TRUE,TRUE,Comment
PRODUCTSTATEQUERY,$SA1,$SESSION1,$STRATEGY2,1,TRUE,TRUE,Comment
PRODUCTSTATEQUERY,$SA1,$SESSION1,$CLASS1PRODUCT2,10,TRUE,TRUE,Comment
PRODUCTSTATEQUERY,$SA1,$SESSION1,$STRATEGY1,10,TRUE,TRUE,Comment
SETPRODUCTSTATEBYPRODUCT,$SA1,$SESSION1,$CLASS1PRODUCT1,$CLASS1,2,TRUE,TRUE,Comment
SETPRODUCTSTATEBYPRODUCT,$SA1,$SESSION1,$STRATEGY2,$STRATEGYCLASS1,2,TRUE,TRUE,Comment
PAUSE,5000
PRODUCTSTATEQUERY,$SA1,$SESSION1,$CLASS1PRODUCT1,2,TRUE,TRUE,Comment
PRODUCTSTATEQUERY,$SA1,$SESSION1,$STRATEGY2,2,TRUE,TRUE,Comment
PRODUCTSTATEQUERY,$SA1,$SESSION1,$CLASS1PRODUCT2,10,TRUE,TRUE,Comment
PRODUCTSTATEQUERY,$SA1,$SESSION1,$STRATEGY1,10,TRUE,TRUE,Comment
UPDATEUNDERLYINGRECAPQUOTE,$SA1,$CLASS1,$UNDERLYINGCLASS1PRODUCT1,*,0.00,0.00,0,0,-,true,5,TRUE,TRUE,Comment
PAUSE,5000
PRODUCTSTATEQUERY,$SA1,$SESSION1,$CLASS1PRODUCT1,2,TRUE,TRUE,Comment
PRODUCTSTATEQUERY,$SA1,$SESSION1,$STRATEGY2,2,TRUE,TRUE,Comment
PRODUCTSTATEQUERY,$SA1,$SESSION1,$CLASS1PRODUCT2,10,TRUE,TRUE,Comment
PRODUCTSTATEQUERY,$SA1,$SESSION1,$STRATEGY1,10,TRUE,TRUE,Comment
SETPRODUCTSTATEBYPRODUCT,$SA1,$SESSION1,$CLASS1PRODUCT1,$CLASS1,3,TRUE,TRUE,Comment
SETPRODUCTSTATEBYPRODUCT,$SA1,$SESSION1,$STRATEGY2,$STRATEGYCLASS1,3,TRUE,TRUE,Comment
PAUSE,5000
PRODUCTSTATEQUERY,$SA1,$SESSION1,$CLASS1PRODUCT1,3,TRUE,TRUE,Comment
PRODUCTSTATEQUERY,$SA1,$SESSION1,$STRATEGY2,3,TRUE,TRUE,Comment
PRODUCTSTATEQUERY,$SA1,$SESSION1,$CLASS1PRODUCT2,10,TRUE,TRUE,Comment
PRODUCTSTATEQUERY,$SA1,$SESSION1,$STRATEGY1,10,TRUE,TRUE,Comment
UPDATEUNDERLYINGRECAPQUOTE,$SA1,$CLASS1,$UNDERLYINGCLASS1PRODUCT1,*,0.00,0.00,0,0,-,true,5,TRUE,TRUE,Comment
PAUSE,5000
PRODUCTSTATEQUERY,$SA1,$SESSION1,$CLASS1PRODUCT1,3,TRUE,TRUE,Comment
PRODUCTSTATEQUERY,$SA1,$SESSION1,$STRATEGY2,3,TRUE,TRUE,Comment
PRODUCTSTATEQUERY,$SA1,$SESSION1,$CLASS1PRODUCT2,10,TRUE,TRUE,Comment
PRODUCTSTATEQUERY,$SA1,$SESSION1,$STRATEGY1,10,TRUE,TRUE,Comment
QUOTE,$MM1,2,1,00,150,2,1,05,150,$CLASS1PRODUCT1,$SESSION1,User Assigned Id..,TRUE,TRUE,Comment
SETPRODUCTSTATEBYPRODUCT,$SA1,$SESSION1,$STRATEGY2,$STRATEGYCLASS1,8,TRUE,TRUE,Comment
PAUSE,2000
PRODUCTSTATEQUERY,$SA1,$SESSION1,$CLASS1PRODUCT1,4,TRUE,TRUE,Comment
PRODUCTSTATEQUERY,$SA1,$SESSION1,$STRATEGY2,8,TRUE,TRUE,Comment
PRODUCTSTATEQUERY,$SA1,$SESSION1,$CLASS1PRODUCT2,10,TRUE,TRUE,Comment
PRODUCTSTATEQUERY,$SA1,$SESSION1,$STRATEGY1,10,TRUE,TRUE,Comment
UPDATEUNDERLYINGRECAPQUOTE,$SA1,$CLASS1,$UNDERLYINGCLASS1PRODUCT1,*,0.00,0.00,0,0,-,true,5,TRUE,TRUE,Comment
PAUSE,5000
PRODUCTSTATEQUERY,$SA1,$SESSION1,$CLASS1PRODUCT1,4,TRUE,TRUE,Comment
PRODUCTSTATEQUERY,$SA1,$SESSION1,$STRATEGY2,8,TRUE,TRUE,Comment
PRODUCTSTATEQUERY,$SA1,$SESSION1,$CLASS1PRODUCT2,10,TRUE,TRUE,Comment
PRODUCTSTATEQUERY,$SA1,$SESSION1,$STRATEGY1,10,TRUE,TRUE,Comment
SETPRODUCTSTATEBYPRODUCT,$SA1,$SESSION1,$CLASS1PRODUCT1,$CLASS1,6,TRUE,TRUE,Comment
SETPRODUCTSTATEBYPRODUCT,$SA1,$SESSION1,$STRATEGY2,$STRATEGYCLASS1,1,TRUE,TRUE,Comment
SETPRODUCTSTATEBYPRODUCT,$SA1,$SESSION1,$STRATEGY2,$STRATEGYCLASS1,2,TRUE,TRUE,Comment
SETPRODUCTSTATEBYPRODUCT,$SA1,$SESSION1,$STRATEGY2,$STRATEGYCLASS1,3,TRUE,TRUE,Comment
SETPRODUCTSTATEBYPRODUCT,$SA1,$SESSION1,$STRATEGY2,$STRATEGYCLASS1,6,TRUE,TRUE,Comment
PAUSE,5000
PRODUCTSTATEQUERY,$SA1,$SESSION1,$CLASS1PRODUCT1,6,TRUE,TRUE,Comment
PRODUCTSTATEQUERY,$SA1,$SESSION1,$STRATEGY2,6,TRUE,TRUE,Comment
PRODUCTSTATEQUERY,$SA1,$SESSION1,$CLASS1PRODUCT2,10,TRUE,TRUE,Comment
PRODUCTSTATEQUERY,$SA1,$SESSION1,$STRATEGY1,10,TRUE,TRUE,Comment
UPDATEUNDERLYINGRECAPQUOTE,$SA1,$CLASS1,$UNDERLYINGCLASS1PRODUCT1,*,0.00,0.00,0,0,-,true,5,TRUE,TRUE,Comment
PAUSE,5000
PRODUCTSTATEQUERY,$SA1,$SESSION1,$CLASS1PRODUCT1,6,TRUE,TRUE,Comment
PRODUCTSTATEQUERY,$SA1,$SESSION1,$STRATEGY2,6,TRUE,TRUE,Comment
PRODUCTSTATEQUERY,$SA1,$SESSION1,$CLASS1PRODUCT2,10,TRUE,TRUE,Comment
PRODUCTSTATEQUERY,$SA1,$SESSION1,$STRATEGY1,10,TRUE,TRUE,Comment
QUOTECANCEL,$MM1,$SESSION1,$CLASS1PRODUCT1,2,TRUE,TRUE,Comment

COMMENT, Test Case 37:Derivative class is in CLOSED state and one of the optionstrategy products is in various states. Verify that incoming underlying HALTED product state does not change the option classproduct state to Halted (Strategy product state is changed to Halted state)
CLEARUNDERLYINGCACHEDATA,$SA1,$CLASS1,*,TRUE,TRUE,Comment
SETPRODUCTSTATEBYCLASS,$SA1,$SESSION1,$CLASS1,1,TRUE,TRUE,Comment
SETPRODUCTSTATEBYCLASS,$SA1,$SESSION1,$STRATEGYCLASS1,1,TRUE,TRUE,Comment
SETPRODUCTSTATEBYPRODUCT,$SA1,$SESSION1,$CLASS1PRODUCT4,$CLASS1,10,TRUE,TRUE,Comment
SETPRODUCTSTATEBYPRODUCT,$SA1,$SESSION1,$STRATEGY2,$STRATEGYCLASS1,10,TRUE,TRUE,Comment
PAUSE,5000
PRODUCTSTATEQUERY,$SA1,$SESSION1,$CLASS1PRODUCT4,10,TRUE,TRUE,Comment
PRODUCTSTATEQUERY,$SA1,$SESSION1,$STRATEGY2,10,TRUE,TRUE,Comment
PRODUCTSTATEQUERY,$SA1,$SESSION1,$CLASS1PRODUCT2,1,TRUE,TRUE,Comment
PRODUCTSTATEQUERY,$SA1,$SESSION1,$STRATEGY1,1,TRUE,TRUE,Comment
UPDATEUNDERLYINGRECAPQUOTE,$SA1,$CLASS1,$UNDERLYINGCLASS1PRODUCT1,*,0.00,0.00,0,0,-,true,5,TRUE,TRUE,Comment
PAUSE,5000
PRODUCTSTATEQUERY,$SA1,$SESSION1,$CLASS1PRODUCT4,10,TRUE,TRUE,Comment
PRODUCTSTATEQUERY,$SA1,$SESSION1,$STRATEGY2,5,TRUE,TRUE,Comment
PRODUCTSTATEQUERY,$SA1,$SESSION1,$CLASS1PRODUCT2,1,TRUE,TRUE,Comment
PRODUCTSTATEQUERY,$SA1,$SESSION1,$STRATEGY1,5,TRUE,TRUE,Comment
SETPRODUCTSTATEBYPRODUCT,$SA1,$SESSION1,$CLASS1PRODUCT4,$CLASS1,1,TRUE,TRUE,Comment
SETPRODUCTSTATEBYCLASS,$SA1,$SESSION1,$STRATEGYCLASS1,1,TRUE,TRUE,Comment
PAUSE,5000
PRODUCTSTATEQUERY,$SA1,$SESSION1,$CLASS1PRODUCT4,1,TRUE,TRUE,Comment
PRODUCTSTATEQUERY,$SA1,$SESSION1,$CLASS1PRODUCT2,1,TRUE,TRUE,Comment
PRODUCTSTATEQUERY,$SA1,$SESSION1,$STRATEGY1,1,TRUE,TRUE,Comment
PRODUCTSTATEQUERY,$SA1,$SESSION1,$STRATEGY2,1,TRUE,TRUE,Comment
CLEARUNDERLYINGCACHEDATA,$SA1,$CLASS1,*,TRUE,TRUE,Comment
UPDATEUNDERLYINGRECAPQUOTE,$SA1,$CLASS1,$UNDERLYINGCLASS1PRODUCT1,*,0.00,0.00,0,0,-,true,5,TRUE,TRUE,Comment
PAUSE,5000
PRODUCTSTATEQUERY,$SA1,$SESSION1,$CLASS1PRODUCT4,1,TRUE,TRUE,Comment
PRODUCTSTATEQUERY,$SA1,$SESSION1,$STRATEGY2,5,TRUE,TRUE,Comment
PRODUCTSTATEQUERY,$SA1,$SESSION1,$CLASS1PRODUCT2,1,TRUE,TRUE,Comment
PRODUCTSTATEQUERY,$SA1,$SESSION1,$STRATEGY1,5,TRUE,TRUE,Comment
SETPRODUCTSTATEBYPRODUCT,$SA1,$SESSION1,$CLASS1PRODUCT4,$CLASS1,2,TRUE,TRUE,Comment
SETPRODUCTSTATEBYCLASS,$SA1,$SESSION1,$STRATEGYCLASS1,1,TRUE,TRUE,Comment
SETPRODUCTSTATEBYPRODUCT,$SA1,$SESSION1,$STRATEGY2,$STRATEGYCLASS1,2,TRUE,TRUE,Comment
PAUSE,5000
PRODUCTSTATEQUERY,$SA1,$SESSION1,$CLASS1PRODUCT4,2,TRUE,TRUE,Comment
PRODUCTSTATEQUERY,$SA1,$SESSION1,$STRATEGY2,2,TRUE,TRUE,Comment
PRODUCTSTATEQUERY,$SA1,$SESSION1,$CLASS1PRODUCT2,1,TRUE,TRUE,Comment
PRODUCTSTATEQUERY,$SA1,$SESSION1,$STRATEGY1,1,TRUE,TRUE,Comment
CLEARUNDERLYINGCACHEDATA,$SA1,$CLASS1,*,TRUE,TRUE,Comment
UPDATEUNDERLYINGRECAPQUOTE,$SA1,$CLASS1,$UNDERLYINGCLASS1PRODUCT1,*,0.00,0.00,0,0,-,true,5,TRUE,TRUE,Comment
PAUSE,5000
PRODUCTSTATEQUERY,$SA1,$SESSION1,$CLASS1PRODUCT4,2,TRUE,TRUE,Comment
PRODUCTSTATEQUERY,$SA1,$SESSION1,$STRATEGY2,5,TRUE,TRUE,Comment
PRODUCTSTATEQUERY,$SA1,$SESSION1,$CLASS1PRODUCT2,1,TRUE,TRUE,Comment
PRODUCTSTATEQUERY,$SA1,$SESSION1,$STRATEGY1,5,TRUE,TRUE,Comment
SETPRODUCTSTATEBYPRODUCT,$SA1,$SESSION1,$CLASS1PRODUCT4,$CLASS1,3,TRUE,TRUE,Comment
SETPRODUCTSTATEBYCLASS,$SA1,$SESSION1,$STRATEGYCLASS1,1,TRUE,TRUE,Comment
SETPRODUCTSTATEBYPRODUCT,$SA1,$SESSION1,$STRATEGY2,$STRATEGYCLASS1,2,TRUE,TRUE,Comment
SETPRODUCTSTATEBYPRODUCT,$SA1,$SESSION1,$STRATEGY2,$STRATEGYCLASS1,3,TRUE,TRUE,Comment
PAUSE,5000
PRODUCTSTATEQUERY,$SA1,$SESSION1,$CLASS1PRODUCT4,3,TRUE,TRUE,Comment
PRODUCTSTATEQUERY,$SA1,$SESSION1,$STRATEGY2,3,TRUE,TRUE,Comment
PRODUCTSTATEQUERY,$SA1,$SESSION1,$CLASS1PRODUCT2,1,TRUE,TRUE,Comment
PRODUCTSTATEQUERY,$SA1,$SESSION1,$STRATEGY1,1,TRUE,TRUE,Comment
CLEARUNDERLYINGCACHEDATA,$SA1,$CLASS1,*,TRUE,TRUE,Comment
UPDATEUNDERLYINGRECAPQUOTE,$SA1,$CLASS1,$UNDERLYINGCLASS1PRODUCT1,*,0.00,0.00,0,0,-,true,5,TRUE,TRUE,Comment
PAUSE,5000
PRODUCTSTATEQUERY,$SA1,$SESSION1,$CLASS1PRODUCT4,3,TRUE,TRUE,Comment
PRODUCTSTATEQUERY,$SA1,$SESSION1,$STRATEGY2,5,TRUE,TRUE,Comment
PRODUCTSTATEQUERY,$SA1,$SESSION1,$CLASS1PRODUCT2,1,TRUE,TRUE,Comment
PRODUCTSTATEQUERY,$SA1,$SESSION1,$STRATEGY1,5,TRUE,TRUE,Comment
QUOTE,$MM1,2,1,00,150,2,1,05,150,$CLASS1PRODUCT4,$SESSION1,User Assigned Id..,TRUE,TRUE,Comment
SETPRODUCTSTATEBYCLASS,$SA1,$SESSION1,$STRATEGYCLASS1,1,TRUE,TRUE,Comment
SETPRODUCTSTATEBYPRODUCT,$SA1,$SESSION1,$STRATEGY2,$STRATEGYCLASS1,8,TRUE,TRUE,Comment
PAUSE,2000
PRODUCTSTATEQUERY,$SA1,$SESSION1,$CLASS1PRODUCT4,4,TRUE,TRUE,Comment
PRODUCTSTATEQUERY,$SA1,$SESSION1,$STRATEGY2,8,TRUE,TRUE,Comment
PRODUCTSTATEQUERY,$SA1,$SESSION1,$CLASS1PRODUCT2,1,TRUE,TRUE,Comment
PRODUCTSTATEQUERY,$SA1,$SESSION1,$STRATEGY1,1,TRUE,TRUE,Comment
CLEARUNDERLYINGCACHEDATA,$SA1,$CLASS1,*,TRUE,TRUE,Comment
UPDATEUNDERLYINGRECAPQUOTE,$SA1,$CLASS1,$UNDERLYINGCLASS1PRODUCT1,*,0.00,0.00,0,0,-,true,5,TRUE,TRUE,Comment
PAUSE,5000
PRODUCTSTATEQUERY,$SA1,$SESSION1,$CLASS1PRODUCT4,4,TRUE,TRUE,Comment
PRODUCTSTATEQUERY,$SA1,$SESSION1,$STRATEGY2,5,TRUE,TRUE,Comment
PRODUCTSTATEQUERY,$SA1,$SESSION1,$CLASS1PRODUCT2,1,TRUE,TRUE,Comment
PRODUCTSTATEQUERY,$SA1,$SESSION1,$STRATEGY1,5,TRUE,TRUE,Comment
SETPRODUCTSTATEBYPRODUCT,$SA1,$SESSION1,$CLASS1PRODUCT4,$CLASS1,6,TRUE,TRUE,Comment
SETPRODUCTSTATEBYCLASS,$SA1,$SESSION1,$STRATEGYCLASS1,1,TRUE,TRUE,Comment
SETPRODUCTSTATEBYPRODUCT,$SA1,$SESSION1,$STRATEGY2,$STRATEGYCLASS1,2,TRUE,TRUE,Comment
SETPRODUCTSTATEBYPRODUCT,$SA1,$SESSION1,$STRATEGY2,$STRATEGYCLASS1,3,TRUE,TRUE,Comment
SETPRODUCTSTATEBYPRODUCT,$SA1,$SESSION1,$STRATEGY2,$STRATEGYCLASS1,6,TRUE,TRUE,Comment
PAUSE,5000
PRODUCTSTATEQUERY,$SA1,$SESSION1,$CLASS1PRODUCT4,6,TRUE,TRUE,Comment
PRODUCTSTATEQUERY,$SA1,$SESSION1,$STRATEGY2,6,TRUE,TRUE,Comment
PRODUCTSTATEQUERY,$SA1,$SESSION1,$CLASS1PRODUCT2,1,TRUE,TRUE,Comment
PRODUCTSTATEQUERY,$SA1,$SESSION1,$STRATEGY1,1,TRUE,TRUE,Comment
CLEARUNDERLYINGCACHEDATA,$SA1,$CLASS1,*,TRUE,TRUE,Comment
UPDATEUNDERLYINGRECAPQUOTE,$SA1,$CLASS1,$UNDERLYINGCLASS1PRODUCT1,*,0.00,0.00,0,0,-,true,5,TRUE,TRUE,Comment
PAUSE,5000
PRODUCTSTATEQUERY,$SA1,$SESSION1,$CLASS1PRODUCT4,6,TRUE,TRUE,Comment
PRODUCTSTATEQUERY,$SA1,$SESSION1,$STRATEGY2,5,TRUE,TRUE,Comment
PRODUCTSTATEQUERY,$SA1,$SESSION1,$CLASS1PRODUCT2,1,TRUE,TRUE,Comment
PRODUCTSTATEQUERY,$SA1,$SESSION1,$STRATEGY1,5,TRUE,TRUE,Comment
QUOTECANCEL,$MM1,$SESSION1,$CLASS1PRODUCT4,2,TRUE,TRUE,Comment

COMMENT, Test Case 38:Derivative class is in OPENING ROTATION state and one of the optionstrategy products is in various other states. Verify that incoming underlying HALTED product state changes the classproduct to Halted state unless one of the option products is on Closed or Suspended state (Strategy product state is changed to Halted state)
CLEARUNDERLYINGCACHEDATA,$SA1,$CLASS1,*,TRUE,TRUE,Comment
SETPRODUCTSTATEBYCLASS,$SA1,$SESSION1,$CLASS1,1,TRUE,TRUE,Comment
SETPRODUCTSTATEBYCLASS,$SA1,$SESSION1,$CLASS1,2,TRUE,TRUE,Comment
SETPRODUCTSTATEBYCLASS,$SA1,$SESSION1,$CLASS1,3,TRUE,TRUE,Comment
SETPRODUCTSTATEBYPRODUCT,$SA1,$SESSION1,$CLASS1PRODUCT3,$CLASS1,10,TRUE,TRUE,Comment
SETPRODUCTSTATEBYCLASS,$SA1,$SESSION1,$STRATEGYCLASS1,1,TRUE,TRUE,Comment
SETPRODUCTSTATEBYCLASS,$SA1,$SESSION1,$STRATEGYCLASS1,2,TRUE,TRUE,Comment
SETPRODUCTSTATEBYCLASS,$SA1,$SESSION1,$STRATEGYCLASS1,3,TRUE,TRUE,Comment
SETPRODUCTSTATEBYPRODUCT,$SA1,$SESSION1,$STRATEGY2,$STRATEGYCLASS1,10,TRUE,TRUE,Comment
PAUSE,5000
PRODUCTSTATEQUERY,$SA1,$SESSION1,$CLASS1PRODUCT3,10,TRUE,TRUE,Comment
PRODUCTSTATEQUERY,$SA1,$SESSION1,$CLASS1PRODUCT2,3,TRUE,TRUE,Comment
PRODUCTSTATEQUERY,$SA1,$SESSION1,$STRATEGY1,3,TRUE,TRUE,Comment
PRODUCTSTATEQUERY,$SA1,$SESSION1,$STRATEGY2,10,TRUE,TRUE,Comment
UPDATEUNDERLYINGRECAPQUOTE,$SA1,$CLASS1,$UNDERLYINGCLASS1PRODUCT1,*,0.00,0.00,0,0,-,true,5,TRUE,TRUE,Comment
PAUSE,5000
PRODUCTSTATEQUERY,$SA1,$SESSION1,$CLASS1PRODUCT3,10,TRUE,TRUE,Comment
PRODUCTSTATEQUERY,$SA1,$SESSION1,$STRATEGY2,5,TRUE,TRUE,Comment
PRODUCTSTATEQUERY,$SA1,$SESSION1,$CLASS1PRODUCT2,3,TRUE,TRUE,Comment
PRODUCTSTATEQUERY,$SA1,$SESSION1,$STRATEGY1,5,TRUE,TRUE,Comment
SETPRODUCTSTATEBYPRODUCT,$SA1,$SESSION1,$CLASS1PRODUCT3,$CLASS1,1,TRUE,TRUE,Comment
SETPRODUCTSTATEBYCLASS,$SA1,$SESSION1,$STRATEGYCLASS1,2,TRUE,TRUE,Comment
SETPRODUCTSTATEBYCLASS,$SA1,$SESSION1,$STRATEGYCLASS1,3,TRUE,TRUE,Comment
SETPRODUCTSTATEBYPRODUCT,$SA1,$SESSION1,$STRATEGY2,$STRATEGYCLASS1,1,TRUE,TRUE,Comment
PAUSE,5000
PRODUCTSTATEQUERY,$SA1,$SESSION1,$CLASS1PRODUCT3,1,TRUE,TRUE,Comment
PRODUCTSTATEQUERY,$SA1,$SESSION1,$CLASS1PRODUCT2,3,TRUE,TRUE,Comment
PRODUCTSTATEQUERY,$SA1,$SESSION1,$STRATEGY1,3,TRUE,TRUE,Comment
PRODUCTSTATEQUERY,$SA1,$SESSION1,$STRATEGY2,1,TRUE,TRUE,Comment
CLEARUNDERLYINGCACHEDATA,$SA1,$CLASS1,*,TRUE,TRUE,Comment
UPDATEUNDERLYINGRECAPQUOTE,$SA1,$CLASS1,$UNDERLYINGCLASS1PRODUCT1,*,0.00,0.00,0,0,-,true,5,TRUE,TRUE,Comment
PAUSE,5000
PRODUCTSTATEQUERY,$SA1,$SESSION1,$CLASS1PRODUCT3,1,TRUE,TRUE,Comment
PRODUCTSTATEQUERY,$SA1,$SESSION1,$STRATEGY2,5,TRUE,TRUE,Comment
PRODUCTSTATEQUERY,$SA1,$SESSION1,$CLASS1PRODUCT2,3,TRUE,TRUE,Comment
PRODUCTSTATEQUERY,$SA1,$SESSION1,$STRATEGY1,5,TRUE,TRUE,Comment
SETPRODUCTSTATEBYPRODUCT,$SA1,$SESSION1,$CLASS1PRODUCT3,$CLASS1,2,TRUE,TRUE,Comment
SETPRODUCTSTATEBYCLASS,$SA1,$SESSION1,$STRATEGYCLASS1,2,TRUE,TRUE,Comment
SETPRODUCTSTATEBYCLASS,$SA1,$SESSION1,$STRATEGYCLASS1,3,TRUE,TRUE,Comment
SETPRODUCTSTATEBYPRODUCT,$SA1,$SESSION1,$STRATEGY2,$STRATEGYCLASS1,5,TRUE,TRUE,Comment
SETPRODUCTSTATEBYPRODUCT,$SA1,$SESSION1,$STRATEGY2,$STRATEGYCLASS1,2,TRUE,TRUE,Comment
PAUSE,5000
PRODUCTSTATEQUERY,$SA1,$SESSION1,$CLASS1PRODUCT3,2,TRUE,TRUE,Comment
PRODUCTSTATEQUERY,$SA1,$SESSION1,$STRATEGY2,2,TRUE,TRUE,Comment
PRODUCTSTATEQUERY,$SA1,$SESSION1,$CLASS1PRODUCT2,3,TRUE,TRUE,Comment
PRODUCTSTATEQUERY,$SA1,$SESSION1,$STRATEGY1,3,TRUE,TRUE,Comment
CLEARUNDERLYINGCACHEDATA,$SA1,$CLASS1,*,TRUE,TRUE,Comment
UPDATEUNDERLYINGRECAPQUOTE,$SA1,$CLASS1,$UNDERLYINGCLASS1PRODUCT1,*,0.00,0.00,0,0,-,true,5,TRUE,TRUE,Comment
PAUSE,5000
PRODUCTSTATEQUERY,$SA1,$SESSION1,$CLASS1PRODUCT3,5,TRUE,TRUE,Comment
PRODUCTSTATEQUERY,$SA1,$SESSION1,$STRATEGY2,5,TRUE,TRUE,Comment
PRODUCTSTATEQUERY,$SA1,$SESSION1,$CLASS1PRODUCT2,5,TRUE,TRUE,Comment
PRODUCTSTATEQUERY,$SA1,$SESSION1,$STRATEGY1,5,TRUE,TRUE,Comment
SETPRODUCTSTATEBYCLASS,$SA1,$SESSION1,$CLASS1,1,TRUE,TRUE,Comment
SETPRODUCTSTATEBYCLASS,$SA1,$SESSION1,$CLASS1,2,TRUE,TRUE,Comment
SETPRODUCTSTATEBYCLASS,$SA1,$SESSION1,$CLASS1,3,TRUE,TRUE,Comment
QUOTE,$MM1,2,1,00,150,2,1,05,150,$CLASS1PRODUCT3,$SESSION1,User Assigned Id..,TRUE,TRUE,Comment
SETPRODUCTSTATEBYCLASS,$SA1,$SESSION1,$STRATEGYCLASS1,1,TRUE,TRUE,Comment
SETPRODUCTSTATEBYCLASS,$SA1,$SESSION1,$STRATEGYCLASS1,2,TRUE,TRUE,Comment
SETPRODUCTSTATEBYCLASS,$SA1,$SESSION1,$STRATEGYCLASS1,3,TRUE,TRUE,Comment
SETPRODUCTSTATEBYPRODUCT,$SA1,$SESSION1,$STRATEGY2,$STRATEGYCLASS1,8,TRUE,TRUE,Comment
PAUSE,2000
PRODUCTSTATEQUERY,$SA1,$SESSION1,$CLASS1PRODUCT1,3,TRUE,TRUE,Comment
PRODUCTSTATEQUERY,$SA1,$SESSION1,$STRATEGY2,8,TRUE,TRUE,Comment
PRODUCTSTATEQUERY,$SA1,$SESSION1,$CLASS1PRODUCT3,4,TRUE,TRUE,Comment
PRODUCTSTATEQUERY,$SA1,$SESSION1,$STRATEGY1,3,TRUE,TRUE,Comment
CLEARUNDERLYINGCACHEDATA,$SA1,$CLASS1,*,TRUE,TRUE,Comment
UPDATEUNDERLYINGRECAPQUOTE,$SA1,$CLASS1,$UNDERLYINGCLASS1PRODUCT1,*,0.00,0.00,0,0,-,true,5,TRUE,TRUE,Comment
PAUSE,5000
PRODUCTSTATEQUERY,$SA1,$SESSION1,$CLASS1PRODUCT1,5,TRUE,TRUE,Comment
PRODUCTSTATEQUERY,$SA1,$SESSION1,$STRATEGY2,5,TRUE,TRUE,Comment
PRODUCTSTATEQUERY,$SA1,$SESSION1,$CLASS1PRODUCT2,5,TRUE,TRUE,Comment
PRODUCTSTATEQUERY,$SA1,$SESSION1,$STRATEGY1,5,TRUE,TRUE,Comment
QUOTECANCELVERIFICATION,$MM1,$SESSION1,$CLASS1PRODUCT3,130,TRUE,TRUE,Comment
SETPRODUCTSTATEBYCLASS,$SA1,$SESSION1,$CLASS1,2,TRUE,TRUE,Comment
SETPRODUCTSTATEBYCLASS,$SA1,$SESSION1,$CLASS1,3,TRUE,TRUE,Comment
SETPRODUCTSTATEBYPRODUCT,$SA1,$SESSION1,$CLASS1PRODUCT3,$CLASS1,6,TRUE,TRUE,Comment
SETPRODUCTSTATEBYCLASS,$SA1,$SESSION1,$STRATEGYCLASS1,2,TRUE,TRUE,Comment
SETPRODUCTSTATEBYCLASS,$SA1,$SESSION1,$STRATEGYCLASS1,3,TRUE,TRUE,Comment
SETPRODUCTSTATEBYPRODUCT,$SA1,$SESSION1,$STRATEGY2,$STRATEGYCLASS1,6,TRUE,TRUE,Comment
PAUSE,5000
PRODUCTSTATEQUERY,$SA1,$SESSION1,$CLASS1PRODUCT3,6,TRUE,TRUE,Comment
PRODUCTSTATEQUERY,$SA1,$SESSION1,$STRATEGY2,6,TRUE,TRUE,Comment
PRODUCTSTATEQUERY,$SA1,$SESSION1,$CLASS1PRODUCT2,3,TRUE,TRUE,Comment
PRODUCTSTATEQUERY,$SA1,$SESSION1,$STRATEGY1,3,TRUE,TRUE,Comment
CLEARUNDERLYINGCACHEDATA,$SA1,$CLASS1,*,TRUE,TRUE,Comment
UPDATEUNDERLYINGRECAPQUOTE,$SA1,$CLASS1,$UNDERLYINGCLASS1PRODUCT1,*,0.00,0.00,0,0,-,true,5,TRUE,TRUE,Comment
PAUSE,5000
PRODUCTSTATEQUERY,$SA1,$SESSION1,$CLASS1PRODUCT1,5,TRUE,TRUE,Comment
PRODUCTSTATEQUERY,$SA1,$SESSION1,$STRATEGY2,5,TRUE,TRUE,Comment
PRODUCTSTATEQUERY,$SA1,$SESSION1,$CLASS1PRODUCT2,5,TRUE,TRUE,Comment
PRODUCTSTATEQUERY,$SA1,$SESSION1,$STRATEGY1,5,TRUE,TRUE,Comment

COMMENT, Test Case 39:Derivative class is in PRE-OPEN state and underlying cache is not empty or previously cashed state is OPEN. Verify that incoming underlying OPEN product state does not change the derivative classproduct to OPENING ROTATION state
CLEARUNDERLYINGCACHEDATA,$SA1,$CLASS1,*,TRUE,TRUE,Comment
SETPRODUCTSTATEBYCLASS,$SA1,$SESSION1,$CLASS1,1,TRUE,TRUE,Comment
SETPRODUCTSTATEBYCLASS,$SA1,$SESSION1,$CLASS1,2,TRUE,TRUE,Comment
SETPRODUCTSTATEBYCLASS,$SA1,$SESSION1,$STRATEGYCLASS1,1,TRUE,TRUE,Comment
SETPRODUCTSTATEBYCLASS,$SA1,$SESSION1,$STRATEGYCLASS1,2,TRUE,TRUE,Comment
PAUSE,5000
PRODUCTSTATEQUERY,$SA1,$SESSION1,$CLASS1PRODUCT1,2,TRUE,TRUE,Comment
PRODUCTSTATEQUERY,$SA1,$SESSION1,$CLASS1PRODUCT2,2,TRUE,TRUE,Comment
PRODUCTSTATEQUERY,$SA1,$SESSION1,$STRATEGY1,2,TRUE,TRUE,Comment
PRODUCTSTATEQUERY,$SA1,$SESSION1,$STRATEGY2,2,TRUE,TRUE,Comment
UPDATEUNDERLYINGRECAPQUOTE,$SA1,$CLASS1,$UNDERLYINGCLASS1PRODUCT1,*,0.00,0.00,0,0,-,true,2,TRUE,TRUE,Comment
UPDATEUNDERLYINGRECAPLASTSALE,$SA1,$CLASS1,$UNDERLYINGCLASS1PRODUCT1,*,0.00,0.00,0,0,-,-,6,TRUE,TRUE,Comment
PAUSE,5000
PRODUCTSTATEQUERY,$SA1,$SESSION1,$CLASS1PRODUCT1,3,TRUE,TRUE,Comment
PRODUCTSTATEQUERY,$SA1,$SESSION1,$STRATEGY2,3,TRUE,TRUE,Comment
PRODUCTSTATEQUERY,$SA1,$SESSION1,$CLASS1PRODUCT2,3,TRUE,TRUE,Comment
PRODUCTSTATEQUERY,$SA1,$SESSION1,$STRATEGY1,3,TRUE,TRUE,Comment
CLEARUNDERLYINGCACHEDATA,$SA1,$CLASS1,*,TRUE,TRUE,Comment
UPDATEUNDERLYINGRECAPQUOTE,$SA1,$CLASS1,$UNDERLYINGCLASS1PRODUCT1,*,0.00,0.00,0,0,-,true,4,TRUE,TRUE,Comment
UPDATEUNDERLYINGRECAPLASTSALE,$SA1,$CLASS1,$UNDERLYINGCLASS1PRODUCT1,*,0.00,0.00,0,0,-,-,4,TRUE,TRUE,Comment
SETPRODUCTSTATEBYCLASS,$SA1,$SESSION1,$CLASS1,5,TRUE,TRUE,Comment
SETPRODUCTSTATEBYCLASS,$SA1,$SESSION1,$CLASS1,2,TRUE,TRUE,Comment
SETPRODUCTSTATEBYCLASS,$SA1,$SESSION1,$STRATEGYCLASS1,5,TRUE,TRUE,Comment
SETPRODUCTSTATEBYCLASS,$SA1,$SESSION1,$STRATEGYCLASS1,2,TRUE,TRUE,Comment
PAUSE,5000
PRODUCTSTATEQUERY,$SA1,$SESSION1,$CLASS1PRODUCT1,2,TRUE,TRUE,Comment
PRODUCTSTATEQUERY,$SA1,$SESSION1,$STRATEGY2,2,TRUE,TRUE,Comment
PRODUCTSTATEQUERY,$SA1,$SESSION1,$CLASS1PRODUCT2,2,TRUE,TRUE,Comment
PRODUCTSTATEQUERY,$SA1,$SESSION1,$STRATEGY1,2,TRUE,TRUE,Comment
UPDATEUNDERLYINGRECAPQUOTE,$SA1,$CLASS1,$UNDERLYINGCLASS1PRODUCT1,*,0.00,0.00,0,0,-,true,4,TRUE,TRUE,Comment
UPDATEUNDERLYINGRECAPLASTSALE,$SA1,$CLASS1,$UNDERLYINGCLASS1PRODUCT1,*,0.00,0.00,0,0,-,-,4,TRUE,TRUE,Comment
PRODUCTSTATEQUERY,$SA1,$SESSION1,$CLASS1PRODUCT2,2,TRUE,TRUE,Comment
PRODUCTSTATEQUERY,$SA1,$SESSION1,$CLASS1PRODUCT1,2,TRUE,TRUE,Comment
PRODUCTSTATEQUERY,$SA1,$SESSION1,$STRATEGY2,2,TRUE,TRUE,Comment
PRODUCTSTATEQUERY,$SA1,$SESSION1,$STRATEGY1,2,TRUE,TRUE,Comment
CLEARUNDERLYINGCACHEDATA,$SA1,$CLASS1,*,TRUE,TRUE,Comment
UPDATEUNDERLYINGRECAPQUOTE,$SA1,$CLASS1,$UNDERLYINGCLASS1PRODUCT1,*,0.00,0.00,0,0,-,true,4,TRUE,TRUE,Comment
UPDATEUNDERLYINGRECAPLASTSALE,$SA1,$CLASS1,$UNDERLYINGCLASS1PRODUCT1,*,0.00,0.00,0,0,-,-,4,TRUE,TRUE,Comment
PAUSE,5000
PRODUCTSTATEQUERY,$SA1,$SESSION1,$CLASS1PRODUCT1,3,TRUE,TRUE,Comment
PRODUCTSTATEQUERY,$SA1,$SESSION1,$STRATEGY2,3,TRUE,TRUE,Comment
PRODUCTSTATEQUERY,$SA1,$SESSION1,$CLASS1PRODUCT2,3,TRUE,TRUE,Comment
PRODUCTSTATEQUERY,$SA1,$SESSION1,$STRATEGY1,3,TRUE,TRUE,Comment

COMMENT, Test Case 40:Derivative class is in OPENING ROTATION state and underlying cache is not empty or previously cashed state is HALTED. Verify that incoming underlying HALTED product state does not change the derivative classproduct to HALTED state
CLEARUNDERLYINGCACHEDATA,$SA1,$CLASS1,*,TRUE,TRUE,Comment
PRODUCTSTATEQUERY,$SA1,$SESSION1,$CLASS1PRODUCT1,3,TRUE,TRUE,Comment
PRODUCTSTATEQUERY,$SA1,$SESSION1,$CLASS1PRODUCT2,3,TRUE,TRUE,Comment
PRODUCTSTATEQUERY,$SA1,$SESSION1,$STRATEGY1,3,TRUE,TRUE,Comment
PRODUCTSTATEQUERY,$SA1,$SESSION1,$STRATEGY2,3,TRUE,TRUE,Comment
UPDATEUNDERLYINGRECAPQUOTE,$SA1,$CLASS1,$UNDERLYINGCLASS1PRODUCT1,*,0.00,0.00,0,0,-,true,5,TRUE,TRUE,Comment
UPDATEUNDERLYINGRECAPLASTSALE,$SA1,$CLASS1,$UNDERLYINGCLASS1PRODUCT1,*,0.00,0.00,0,0,-,-,5,TRUE,TRUE,Comment
PAUSE,5000
PRODUCTSTATEQUERY,$SA1,$SESSION1,$CLASS1PRODUCT1,5,TRUE,TRUE,Comment
PRODUCTSTATEQUERY,$SA1,$SESSION1,$STRATEGY2,5,TRUE,TRUE,Comment
PRODUCTSTATEQUERY,$SA1,$SESSION1,$CLASS1PRODUCT2,5,TRUE,TRUE,Comment
PRODUCTSTATEQUERY,$SA1,$SESSION1,$STRATEGY1,5,TRUE,TRUE,Comment
CLEARUNDERLYINGCACHEDATA,$SA1,$CLASS1,*,TRUE,TRUE,Comment
UPDATEUNDERLYINGRECAPQUOTE,$SA1,$CLASS1,$UNDERLYINGCLASS1PRODUCT1,*,0.00,0.00,0,0,-,true,5,TRUE,TRUE,Comment
UPDATEUNDERLYINGRECAPLASTSALE,$SA1,$CLASS1,$UNDERLYINGCLASS1PRODUCT1,*,0.00,0.00,0,0,-,-,5,TRUE,TRUE,Comment
SETPRODUCTSTATEBYCLASS,$SA1,$SESSION1,$CLASS1,2,TRUE,TRUE,Comment
SETPRODUCTSTATEBYCLASS,$SA1,$SESSION1,$CLASS1,3,TRUE,TRUE,Comment
SETPRODUCTSTATEBYCLASS,$SA1,$SESSION1,$STRATEGYCLASS1,2,TRUE,TRUE,Comment
SETPRODUCTSTATEBYCLASS,$SA1,$SESSION1,$STRATEGYCLASS1,3,TRUE,TRUE,Comment
PAUSE,5000
PRODUCTSTATEQUERY,$SA1,$SESSION1,$CLASS1PRODUCT1,3,TRUE,TRUE,Comment
PRODUCTSTATEQUERY,$SA1,$SESSION1,$STRATEGY2,3,TRUE,TRUE,Comment
PRODUCTSTATEQUERY,$SA1,$SESSION1,$CLASS1PRODUCT2,3,TRUE,TRUE,Comment
PRODUCTSTATEQUERY,$SA1,$SESSION1,$STRATEGY1,3,TRUE,TRUE,Comment
UPDATEUNDERLYINGRECAPQUOTE,$SA1,$CLASS1,$UNDERLYINGCLASS1PRODUCT1,*,0.00,0.00,0,0,-,true,5,TRUE,TRUE,Comment
UPDATEUNDERLYINGRECAPLASTSALE,$SA1,$CLASS1,$UNDERLYINGCLASS1PRODUCT1,*,0.00,0.00,0,0,-,-,5,TRUE,TRUE,Comment
PRODUCTSTATEQUERY,$SA1,$SESSION1,$CLASS1PRODUCT2,3,TRUE,TRUE,Comment
PRODUCTSTATEQUERY,$SA1,$SESSION1,$CLASS1PRODUCT1,3,TRUE,TRUE,Comment
PRODUCTSTATEQUERY,$SA1,$SESSION1,$STRATEGY2,3,TRUE,TRUE,Comment
PRODUCTSTATEQUERY,$SA1,$SESSION1,$STRATEGY1,3,TRUE,TRUE,Comment
CLEARUNDERLYINGCACHEDATA,$SA1,$CLASS1,*,TRUE,TRUE,Comment
UPDATEUNDERLYINGRECAPQUOTE,$SA1,$CLASS1,$UNDERLYINGCLASS1PRODUCT1,*,0.00,0.00,0,0,-,true,5,TRUE,TRUE,Comment
UPDATEUNDERLYINGRECAPLASTSALE,$SA1,$CLASS1,$UNDERLYINGCLASS1PRODUCT1,*,0.00,0.00,0,0,-,-,5,TRUE,TRUE,Comment
PAUSE,5000
PRODUCTSTATEQUERY,$SA1,$SESSION1,$CLASS1PRODUCT1,5,TRUE,TRUE,Comment
PRODUCTSTATEQUERY,$SA1,$SESSION1,$STRATEGY2,5,TRUE,TRUE,Comment
PRODUCTSTATEQUERY,$SA1,$SESSION1,$CLASS1PRODUCT2,5,TRUE,TRUE,Comment
PRODUCTSTATEQUERY,$SA1,$SESSION1,$STRATEGY1,5,TRUE,TRUE,Comment



COMMENT, Test Case:Cleaning Up Task
TRADERLOGOUT,$MM1,TRUE,TRUE,Comment

SALOGOUT,$SA1,TRUE,TRUE,Comment
ENDPOINT,
PRINTOUTPUTSUMMARY,