TESTSUITENAME,BOB_Class:TB_BUTTON_for_COB_PART_1D WR 6357 Test Plan
PRINTOUTPUTHEADING,
STARTPOINT,
SALOGIN,$SA1,$SA1,TRUE,TRUE,Comment


COMMENT, Test Cases:21

COMMENT, Test Environment Setup
SELECTCLASSESANDPRODUCTS,$SA1,$SESSION1,7,1,CLASS,2,PRODUCT,$HYBRIDCLASSLIST1,TRUE,TRUE,Comment
VERIFYSESSIONSTATE,$SA1,$SESSION1,2,TRUE,TRUE,Comment

COMMENT, User Setup
CREATEUSER,$SA1,$MM1,$MM1EXCHANGE,$MM1EXECFIRM,M,1,Automated API $MM1 User,FALSE,TRUE,TRUE,New User for Clearing Firm "671" and Exchange "CBOE" !
VERIFYUSEREXISTENCE,$SA1,$MM1EXCHANGE,$MM1,M,TRUE,TRUE,TRUE,Comment
CREATEUSER,$SA1,$MM2,$MM2EXCHANGE,$MM2EXECFIRM,N,1,Automated API $MM2 User,FALSE,TRUE,TRUE,New User for Clearing Firm "671" and Exchange "CBOE" !
VERIFYUSEREXISTENCE,$SA1,$MM2EXCHANGE,$MM2,N,TRUE,TRUE,TRUE,Comment
TRADERLOGIN,$MM1,$MM1,$CASANDPORT,TRUE,TRUE,Comment
TRADERLOGIN,$MM2,$MM2,$CASANDPORT,TRUE,TRUE,Comment

STRATEGYCREATE,$MM1,$SESSION1,$CLASS1,$STRATEGY1,2,$CLASS1PRODUCT1,1,B,$CLASS1PRODUCT2,1,S,TRUE,TRUE,Comment

COMMENT, Trading Property Setup
SETAUCTIONENABLED,$SA1,$SESSION1,$STRATEGYCLASS1,2:true,TRUE,TRUE,Comment
PAUSE,2000
VERIFYAUCTIONENABLED,$SA1,$SESSION1,$STRATEGYCLASS1,2:true,TRUE,TRUE,Comment
SETAUCTIONTIMETOLIVE,$SA1,$SESSION1,$STRATEGYCLASS1,2:1000-1000,TRUE,TRUE,Comment
PAUSE,2000
VERIFYAUCTIONTIMETOLIVE,$SA1,$SESSION1,$STRATEGYCLASS1,2:1000-1000,TRUE,TRUE,Comment
SETALLOWMARKETORDER,$SA1,$SESSION1,$STRATEGYCLASS1,TRUE,TRUE,TRUE,Comment
PAUSE,2000
VERIFYALLOWMARKETORDER,$SA1,$SESSION1,$STRATEGYCLASS1,TRUE,TRUE,TRUE,Comment
SETAUCTIONMINQUOTERS,$SA1,$SESSION1,$STRATEGYCLASS1,2:0,TRUE,TRUE,Comment
PAUSE,2000
VERIFYAUCTIONMINQUOTERS,$SA1,$SESSION1,$STRATEGYCLASS1,2:0,TRUE,TRUE,Comment
SETAUCTIONMINMAXORDERSIZE,$SA1,$SESSION1,$STRATEGYCLASS1,2:1-99999,TRUE,TRUE,Comment
PAUSE,2000
VERIFYAUCTIONMINMAXORDERSIZE,$SA1,$SESSION1,$STRATEGYCLASS1,2:1-99999,TRUE,TRUE,Comment
SETAUCTIONRECEIVERTYPES,$SA1,$SESSION1,$STRATEGYCLASS1,2:1,TRUE,TRUE,Comment
PAUSE,2000
VERIFYAUCTIONRECEIVERTYPES,$SA1,$SESSION1,$STRATEGYCLASS1,2:1,TRUE,TRUE,Comment
SETINDEXHYBRIDINDICATOR,$SA1,$SESSION1,$STRATEGYCLASS1,TRUE,TRUE,TRUE,Comment
PAUSE,2000
VERIFYINDEXHYBRIDINDICATOR,$SA1,$SESSION1,$STRATEGYCLASS1,TRUE,TRUE,TRUE,Comment
SETEXCHANGEPRESCRIBEDWIDTH,$SA1,$SESSION1,$STRATEGYCLASS1,0.0-3.0:0.5;3.0-10:1.0;10-99999:2.0,TRUE,TRUE,Comment
PAUSE,2000
VERIFYEXCHANGEPRESCRIBEDWIDTH,$SA1,$SESSION1,$STRATEGYCLASS1,0.0-3.0:0.5;3.0-10:1.0;10-99999:2.0,TRUE,TRUE,Comment
SETAUCTIONENABLED,$SA1,$SESSION1,$CLASS1,-8:false;5:false,TRUE,TRUE,Comment
PAUSE,2000
VERIFYAUCTIONENABLED,$SA1,$SESSION1,$CLASS1,-8:false;5:false,TRUE,TRUE,Comment
SETINDEXHYBRIDINDICATOR,$SA1,$SESSION1,$CLASS1,TRUE,TRUE,TRUE,Comment
PAUSE,2000
VERIFYINDEXHYBRIDINDICATOR,$SA1,$SESSION1,$CLASS1,TRUE,TRUE,TRUE,Comment
SETTICKSAWAYFORRECOA,$SA1,$SESSION1,$STRATEGYCLASS1,0,TRUE,TRUE,Comment
PAUSE,2000
VERIFYTICKSAWAYFORRECOA,$SA1,$SESSION1,$STRATEGYCLASS1,0,TRUE,TRUE,Comment
SETNUMBEROFATTEMPTSFORRECOA,$SA1,$SESSION1,$STRATEGYCLASS1,0,TRUE,TRUE,Comment
PAUSE,2000
VERIFYNUMBEROFATTEMPTSFORRECOA,$SA1,$SESSION1,$STRATEGYCLASS1,0,TRUE,TRUE,Comment
SETMANUALQUOTECANCELTIMERFORPAR,$SA1,$SESSION1,$CLASS1,18000000,TRUE,TRUE,Comment
PAUSE,2000
VERIFYMANUALQUOTECANCELTIMERFORPAR,$SA1,$SESSION1,$CLASS1,18000000,TRUE,TRUE,Comment
SETAUTOEXSIZEAGAINSTNONCUSTOMER,$SA1,$SESSION1,$CLASS1,999,TRUE,TRUE,Comment
PAUSE,2000
VERIFYAUTOEXSIZEAGAINSTNONCUSTOMER,$SA1,$SESSION1,$CLASS1,999,TRUE,TRUE,Comment

COMMENT, Routing Property Setup
SETFIRMVOLUMELIMIT,$SA1,$SESSION1,$MM2EXCHANGE,$MM2EXECFIRM,$CLASS1,50000,TRUE,TRUE,Comment
PAUSE,2000
VERIFYFIRMVOLUMELIMIT,$SA1,$SESSION1,$MM2EXCHANGE,$MM2EXECFIRM,$CLASS1,50000,TRUE,TRUE,Comment
SETFIRMVOLUMELIMIT,$SA1,$SESSION1,$MM2EXCHANGE,$MM2EXECFIRM,$CLASS1,50000,TRUE,TRUE,Comment
PAUSE,2000
VERIFYFIRMVOLUMELIMIT,$SA1,$SESSION1,$MM2EXCHANGE,$MM2EXECFIRM,$CLASS1,50000,TRUE,TRUE,Comment
SETFIRMVOLUMELIMIT,$SA1,$SESSION1,$MM2EXCHANGE,$MM2EXECFIRM,$STRATEGYCLASS1,50000,TRUE,TRUE,Comment
PAUSE,2000
VERIFYFIRMVOLUMELIMIT,$SA1,$SESSION1,$MM2EXCHANGE,$MM2EXECFIRM,$STRATEGYCLASS1,50000,TRUE,TRUE,Comment
SETHELPDESKDEFAULTDESTINATION,$SA1,$SESSION1,$MM2EXCHANGE,$MM2EXECFIRM,$CLASS1,$HOMT1,TRUE,TRUE,Comment
PAUSE,2000
VERIFYHELPDESKDEFAULTDESTINATION,$SA1,$SESSION1,$MM2EXCHANGE,$MM2EXECFIRM,$CLASS1,$HOMT1:7,TRUE,TRUE,Comment
SETHELPDESKDEFAULTDESTINATION,$SA1,$SESSION1,$MM2EXCHANGE,$MM2EXECFIRM,$CLASS1,$HOMT1,TRUE,TRUE,Comment
PAUSE,2000
VERIFYHELPDESKDEFAULTDESTINATION,$SA1,$SESSION1,$MM2EXCHANGE,$MM2EXECFIRM,$CLASS1,$HOMT1:7,TRUE,TRUE,Comment
SETHELPDESKDEFAULTDESTINATION,$SA1,$SESSION1,$MM2EXCHANGE,$MM2EXECFIRM,$STRATEGYCLASS1,$HOMT1,TRUE,TRUE,Comment
PAUSE,2000
VERIFYHELPDESKDEFAULTDESTINATION,$SA1,$SESSION1,$MM2EXCHANGE,$MM2EXECFIRM,$STRATEGYCLASS1,$HOMT1:7,TRUE,TRUE,Comment
SETVOLUMEDEVIATION,$SA1,$SESSION1,$MM2EXCHANGE,$MM2EXECFIRM,$CLASS1,*,1,50000,All,$TE,SIMPLE,TRUE,TRUE,Comment
PAUSE,2000
VERIFYVOLUMEDEVIATION,$SA1,$SESSION1,$MM2EXCHANGE,$MM2EXECFIRM,$CLASS1,*,1,50000,All,$TE,SIMPLE,TRUE,TRUE,Comment
SETVOLUMEDEVIATION,$SA1,$SESSION1,$MM2EXCHANGE,$MM2EXECFIRM,$CLASS1,*,1,50000,All,$TE,SIMPLE,TRUE,TRUE,Comment
PAUSE,2000
VERIFYVOLUMEDEVIATION,$SA1,$SESSION1,$MM2EXCHANGE,$MM2EXECFIRM,$CLASS1,*,1,50000,All,$TE,SIMPLE,TRUE,TRUE,Comment
SETVOLUMEDEVIATION,$SA1,$SESSION1,$MM2EXCHANGE,$MM2EXECFIRM,$STRATEGYCLASS1,*,1,50000,All,$TE,COMPLEX,TRUE,TRUE,Comment
PAUSE,2000
VERIFYVOLUMEDEVIATION,$SA1,$SESSION1,$MM2EXCHANGE,$MM2EXECFIRM,$STRATEGYCLASS1,*,1,50000,All,$TE,COMPLEX,TRUE,TRUE,Comment
SETCOAELIGIBLE,$SA1,$SESSION1,$MM2EXCHANGE,$MM2EXECFIRM,$STRATEGYCLASS1,*,1,TRUE,TRUE,Comment
PAUSE,2000
VERIFYCOAELIGIBLE,$SA1,$SESSION1,$MM2EXCHANGE,$MM2EXECFIRM,$STRATEGYCLASS1,*,1,TRUE,TRUE,Comment

SETALLELECTRONICTRADINGCLASS,$SA1,$SESSION1,$CLASS1,FALSE,TRUE,TRUE,Comment
PAUSE,2000
VERIFYALLELECTRONICTRADINGCLASS,$SA1,$SESSION1,$CLASS1,FALSE,TRUE,TRUE,Comment
SETALLELECTRONICTRADINGCLASS,$SA1,$SESSION1,$CLASS1,FALSE,TRUE,TRUE,Comment
PAUSE,2000
VERIFYALLELECTRONICTRADINGCLASS,$SA1,$SESSION1,$CLASS1,FALSE,TRUE,TRUE,Comment
SETALLELECTRONICTRADINGCLASS,$SA1,$SESSION1,$STRATEGYCLASS1,FALSE,TRUE,TRUE,Comment
PAUSE,2000
VERIFYALLELECTRONICTRADINGCLASS,$SA1,$SESSION1,$STRATEGYCLASS1,FALSE,TRUE,TRUE,Comment

COMMENT, Pre-Test Settings
SUBSCRIBECURRENTMARKET,$MM1,$SESSION1,$CLASS1,$CLASS1PRODUCT1,TRUE,TRUE,Comment
SUBSCRIBECURRENTMARKET,$MM1,$SESSION1,$CLASS1,$CLASS1PRODUCT2,TRUE,TRUE,Comment
SUBSCRIBEAUCTION,$MM1,$SESSION1,$STRATEGYCLASS1,2,TRUE,TRUE,Comment
SUBSCRIBERECAP,$MM1,$SESSION1,$STRATEGY1,TRUE,TRUE,Comment

COMMENT, Test Case 1:SETTINGS FOR ALL CASES IN THIS SCRIPT
CLEARALLCALLBACKS,$MM1
SETPRODUCTSTATEBYPRODUCT,$SA1,$SESSION1,$CLASS1PRODUCT1,$CLASS1,1,TRUE,TRUE,Comment
PRODUCTSTATEQUERY,$SA1,$SESSION1,$CLASS1PRODUCT1,1,TRUE,TRUE,Comment
SETPRODUCTSTATEBYPRODUCT,$SA1,$SESSION1,$CLASS1PRODUCT2,$CLASS1,1,TRUE,TRUE,Comment
PRODUCTSTATEQUERY,$SA1,$SESSION1,$CLASS1PRODUCT2,1,TRUE,TRUE,Comment
SETPRODUCTSTATEBYPRODUCT,$SA1,$SESSION1,$CLASS1PRODUCT1,$CLASS1,2,TRUE,TRUE,Comment
PRODUCTSTATEQUERY,$SA1,$SESSION1,$CLASS1PRODUCT1,2,TRUE,TRUE,Comment
SETPRODUCTSTATEBYPRODUCT,$SA1,$SESSION1,$CLASS1PRODUCT2,$CLASS1,2,TRUE,TRUE,Comment
PRODUCTSTATEQUERY,$SA1,$SESSION1,$CLASS1PRODUCT2,2,TRUE,TRUE,Comment
SETPRODUCTSTATEBYPRODUCT,$SA1,$SESSION1,$CLASS1PRODUCT1,$CLASS1,3,TRUE,TRUE,Comment
PRODUCTSTATEQUERY,$SA1,$SESSION1,$CLASS1PRODUCT1,3,TRUE,TRUE,Comment
SETPRODUCTSTATEBYPRODUCT,$SA1,$SESSION1,$CLASS1PRODUCT2,$CLASS1,3,TRUE,TRUE,Comment
PRODUCTSTATEQUERY,$SA1,$SESSION1,$CLASS1PRODUCT2,3,TRUE,TRUE,Comment
SETPRODUCTSTATEBYPRODUCT,$SA1,$SESSION1,$CLASS1PRODUCT1,$CLASS1,4,TRUE,TRUE,Comment
PRODUCTSTATEQUERY,$SA1,$SESSION1,$CLASS1PRODUCT1,4,TRUE,TRUE,Comment
SETPRODUCTSTATEBYPRODUCT,$SA1,$SESSION1,$CLASS1PRODUCT2,$CLASS1,4,TRUE,TRUE,Comment
PRODUCTSTATEQUERY,$SA1,$SESSION1,$CLASS1PRODUCT2,4,TRUE,TRUE,Comment
PARLOGIN,$PAR1,$PAR_PWD1,$WORKSTATION1,$PARCONN1,TRUE,TRUE,Comment

TOPOFBOOKVERIFICATION,$MM1,$SESSION1,$CLASS1PRODUCT1,0,1,0,00,0,1,0,00,TRUE,TRUE,Comment
TOPOFBOOKVERIFICATION,$MM1,$SESSION1,$CLASS1PRODUCT2,0,1,0,00,0,1,0,00,TRUE,TRUE,Comment
QUOTE,$MM1,2,9,90,100,2,10,30,100,$CLASS1PRODUCT1,$SESSION1,User Assigned Id..,TRUE,TRUE,Comment
MANUALQUOTE,$WORKSTATION1,$PAR1,$MM2,$CLASS1PRODUCT1,Y,B,100,10.00,$SA1,TRUE,TRUE,Comment
MANUALQUOTE,$WORKSTATION1,$PAR1,$MM2,$CLASS1PRODUCT1,Y,S,100,10.20,$SA1,TRUE,TRUE,Comment
QUOTE,$MM1,2,0,90,100,2,1,30,100,$CLASS1PRODUCT2,$SESSION1,User Assigned Id..,TRUE,TRUE,Comment
MANUALQUOTE,$WORKSTATION1,$PAR1,$MM2,$CLASS1PRODUCT2,Y,B,100,1.00,$SA1,TRUE,TRUE,Comment
MANUALQUOTE,$WORKSTATION1,$PAR1,$MM2,$CLASS1PRODUCT2,Y,S,100,1.20,$SA1,TRUE,TRUE,Comment
SETPRODUCTSTATEBYPRODUCT,$SA1,$SESSION1,$STRATEGY1,$STRATEGYCLASS1,1,TRUE,TRUE,Comment
PRODUCTSTATEQUERY,$SA1,$SESSION1,$STRATEGY1,1,TRUE,TRUE,Comment
SETPRODUCTSTATEBYPRODUCT,$SA1,$SESSION1,$STRATEGY1,$STRATEGYCLASS1,2,TRUE,TRUE,Comment
PRODUCTSTATEQUERY,$SA1,$SESSION1,$STRATEGY1,2,TRUE,TRUE,Comment
SETPRODUCTSTATEBYPRODUCT,$SA1,$SESSION1,$STRATEGY1,$STRATEGYCLASS1,3,TRUE,TRUE,Comment
PRODUCTSTATEQUERY,$SA1,$SESSION1,$STRATEGY1,3,TRUE,TRUE,Comment
SETPRODUCTSTATEBYPRODUCT,$SA1,$SESSION1,$STRATEGY1,$STRATEGYCLASS1,4,TRUE,TRUE,Comment
PRODUCTSTATEQUERY,$SA1,$SESSION1,$STRATEGY1,4,TRUE,TRUE,Comment
QUOTE,$MM1,2,10,00,100,2,10,20,100,$CLASS1PRODUCT1,$SESSION1,User Assigned Id..,TRUE,TRUE,Comment
QUOTE,$MM1,2,1,00,100,2,1,20,100,$CLASS1PRODUCT2,$SESSION1,User Assigned Id..,TRUE,TRUE,Comment
PAUSE,1000
TOPOFBOOKVERIFICATION,$MM1,$SESSION1,$CLASS1PRODUCT1,200,2,10,00,200,2,10,20,TRUE,TRUE,Comment
TOPOFBOOKVERIFICATION,$MM1,$SESSION1,$CLASS1PRODUCT2,200,2,1,00,200,2,1,20,TRUE,TRUE,Comment
TOPOFBOOKVERIFICATION,$MM1,$SESSION1,$STRATEGY1,0,1,0,00,0,1,0,00,TRUE,TRUE,Comment

COMMENT, Test Case 2:CONDITION:Complex Order at PAR at OPPOSITE side and CBOE COB is EMPTY
CLEARALLCALLBACKS,$MM1
SETPRODUCTSTATEBYPRODUCT,$SA1,$SESSION1,$CLASS1PRODUCT1,$CLASS1,4,TRUE,TRUE,Comment
PRODUCTSTATEQUERY,$SA1,$SESSION1,$CLASS1PRODUCT1,4,TRUE,TRUE,Comment
SETPRODUCTSTATEBYPRODUCT,$SA1,$SESSION1,$CLASS1PRODUCT2,$CLASS1,4,TRUE,TRUE,Comment
PRODUCTSTATEQUERY,$SA1,$SESSION1,$CLASS1PRODUCT2,4,TRUE,TRUE,Comment
TOPOFBOOKVERIFICATION,$MM1,$SESSION1,$CLASS1PRODUCT1,200,2,10,00,200,2,10,20,TRUE,TRUE,Comment
TOPOFBOOKVERIFICATION,$MM1,$SESSION1,$CLASS1PRODUCT2,200,2,1,00,200,2,1,20,TRUE,TRUE,Comment
SETPRODUCTSTATEBYPRODUCT,$SA1,$SESSION1,$STRATEGY1,$STRATEGYCLASS1,1,TRUE,TRUE,Comment
PRODUCTSTATEQUERY,$SA1,$SESSION1,$STRATEGY1,1,TRUE,TRUE,Comment
SETPRODUCTSTATEBYPRODUCT,$SA1,$SESSION1,$STRATEGY1,$STRATEGYCLASS1,2,TRUE,TRUE,Comment
PRODUCTSTATEQUERY,$SA1,$SESSION1,$STRATEGY1,2,TRUE,TRUE,Comment
SETPRODUCTSTATEBYPRODUCT,$SA1,$SESSION1,$STRATEGY1,$STRATEGYCLASS1,3,TRUE,TRUE,Comment
PRODUCTSTATEQUERY,$SA1,$SESSION1,$STRATEGY1,3,TRUE,TRUE,Comment
SETPRODUCTSTATEBYPRODUCT,$SA1,$SESSION1,$STRATEGY1,$STRATEGYCLASS1,4,TRUE,TRUE,Comment
PRODUCTSTATEQUERY,$SA1,$SESSION1,$STRATEGY1,4,TRUE,TRUE,Comment
PAUSE,1000
TOPOFBOOKVERIFICATION,$MM1,$SESSION1,$STRATEGY1,0,1,0,00,0,1,0,00,TRUE,TRUE,Comment
STRATEGYORDER,$MM1,$MM1EXCHANGE,$MM1EXECFIRM,FXU,7901,ABC,*,$MM1EXCHANGE,$MM1,100,$STRATEGY1,O,2,8,70,D,21/12/2003 6:00:00.0,1,1,0,00,0,-,-,BARTID=$WORKSTATION1,$MM1,$MM1,C,FALSE,C,U,0,-,-,$SESSION1,2,$CLASS1PRODUCT1,$MM1EXCHANGE,$MM1EXECFIRM,C,C,$CLASS1PRODUCT2,$MM1EXCHANGE,$MM1EXECFIRM,C,C,TRUE,TRUE,This is the Strategy order: BA:253
PAUSE,10000
VERIFYCOMPLEXPARORDER,$PAR1,$MM1,$MM1EXECFIRM,ABC,FXU,7901,*,8.70,C,1,2,Y,Y,N,Y,-,10.00,10.20,100,S,200,200,1,100,1.00,1.20,100,B,200,200,1,100,TRUE,TRUE,Comment
PARCOMPLEXORDERTRADEWITHBOOKREQ,$PAR1,$MM1,$MM1EXECFIRM,ABC,FXU,7901,*,*,C,8.70,2,100,100,Y,TRUE,TRUE,Comment
PAUSE,5000
TOPOFBOOKVERIFICATION,$MM1,$SESSION1,$CLASS1PRODUCT1,200,2,10,00,200,2,10,20,TRUE,TRUE,Comment
TOPOFBOOKVERIFICATION,$MM1,$SESSION1,$CLASS1PRODUCT2,200,2,1,00,200,2,1,20,TRUE,TRUE,Comment
VERIFYCOMPLEXPARORDER,$PAR1,$MM1,$MM1EXECFIRM,ABC,FXU,7901,*,8.70,C,1,2,Y,Y,N,Y,-,10.00,10.20,100,S,200,200,1,100,1.00,1.20,100,B,200,200,1,100,TRUE,TRUE,Comment
CANCELALLPARORDERS,$PAR1,$MM1,TRUE,TRUE,Comment
CLEARALLPARCALLBACKS,$PAR1
VERIFYCOMPLEXPARORDER,$PAR1,$MM1,$MM1EXECFIRM,ABC,FXU,7901,*,8.70,C,1,2,Y,Y,N,Y,-,10.00,10.20,100,S,200,200,1,100,1.00,1.20,100,B,200,200,1,100,FALSE,TRUE,Comment

COMMENT, Test Case 3:CONDITION:Complex Order at PAR at DEFINED side and CBOE COB is EMPTY
CLEARALLCALLBACKS,$MM1
PRODUCTSTATEQUERY,$SA1,$SESSION1,$CLASS1PRODUCT1,4,TRUE,TRUE,Comment
PRODUCTSTATEQUERY,$SA1,$SESSION1,$CLASS1PRODUCT2,4,TRUE,TRUE,Comment
TOPOFBOOKVERIFICATION,$MM1,$SESSION1,$CLASS1PRODUCT1,200,2,10,00,200,2,10,20,TRUE,TRUE,Comment
TOPOFBOOKVERIFICATION,$MM1,$SESSION1,$CLASS1PRODUCT2,200,2,1,00,200,2,1,20,TRUE,TRUE,Comment
SETPRODUCTSTATEBYPRODUCT,$SA1,$SESSION1,$STRATEGY1,$STRATEGYCLASS1,1,TRUE,TRUE,Comment
PRODUCTSTATEQUERY,$SA1,$SESSION1,$STRATEGY1,1,TRUE,TRUE,Comment
SETPRODUCTSTATEBYPRODUCT,$SA1,$SESSION1,$STRATEGY1,$STRATEGYCLASS1,2,TRUE,TRUE,Comment
PRODUCTSTATEQUERY,$SA1,$SESSION1,$STRATEGY1,2,TRUE,TRUE,Comment
SETPRODUCTSTATEBYPRODUCT,$SA1,$SESSION1,$STRATEGY1,$STRATEGYCLASS1,3,TRUE,TRUE,Comment
PRODUCTSTATEQUERY,$SA1,$SESSION1,$STRATEGY1,3,TRUE,TRUE,Comment
SETPRODUCTSTATEBYPRODUCT,$SA1,$SESSION1,$STRATEGY1,$STRATEGYCLASS1,4,TRUE,TRUE,Comment
PRODUCTSTATEQUERY,$SA1,$SESSION1,$STRATEGY1,4,TRUE,TRUE,Comment
PAUSE,1000
TOPOFBOOKVERIFICATION,$MM1,$SESSION1,$STRATEGY1,0,1,0,00,0,1,0,00,TRUE,TRUE,Comment
STRATEGYORDER,$MM1,$MM1EXCHANGE,$MM1EXECFIRM,DNP,950,ABC,*,$MM1EXCHANGE,$MM1,100,$STRATEGY1,D,2,-9,20,D,21/12/2003 6:00:00.0,1,1,0,00,0,-,-,BARTID=$WORKSTATION1,$MM1,$MM1,C,FALSE,C,U,0,-,-,$SESSION1,2,$CLASS1PRODUCT1,$MM1EXCHANGE,$MM1EXECFIRM,C,C,$CLASS1PRODUCT2,$MM1EXCHANGE,$MM1EXECFIRM,C,C,TRUE,TRUE,This is the Strategy order: BA:253
PAUSE,10000
VERIFYCOMPLEXPARORDER,$PAR1,$MM1,$MM1EXECFIRM,ABC,DNP,950,*,9.20,D,1,2,Y,Y,N,Y,-,10.00,10.20,100,B,200,200,1,100,1.00,1.20,100,S,200,200,1,100,TRUE,TRUE,Comment
PARCOMPLEXORDERTRADEWITHBOOKREQ,$PAR1,$MM1,$MM1EXECFIRM,ABC,DNP,950,*,*,C,9.20,2,100,100,Y,TRUE,TRUE,Comment
PAUSE,5000
TOPOFBOOKVERIFICATION,$MM1,$SESSION1,$CLASS1PRODUCT1,200,2,10,00,200,2,10,20,TRUE,TRUE,Comment
TOPOFBOOKVERIFICATION,$MM1,$SESSION1,$CLASS1PRODUCT2,200,2,1,00,200,2,1,20,TRUE,TRUE,Comment
VERIFYCOMPLEXPARORDER,$PAR1,$MM1,$MM1EXECFIRM,ABC,DNP,950,*,9.20,D,1,2,Y,Y,N,Y,-,10.00,10.20,100,B,200,200,1,100,1.00,1.20,100,S,200,200,1,100,TRUE,TRUE,Comment
CANCELALLPARORDERS,$PAR1,$MM1,TRUE,TRUE,Comment
CLEARALLPARCALLBACKS,$PAR1
VERIFYCOMPLEXPARORDER,$PAR1,$MM1,$MM1EXECFIRM,ABC,DNP,950,*,9.20,D,1,2,Y,Y,N,Y,-,10.00,10.20,100,B,200,200,1,100,1.00,1.20,100,S,200,200,1,100,FALSE,TRUE,Comment

COMMENT, Test Case 4:CONDITION:Resting Complex Order (with PROFESSIONAL origin) at the TSB in COB and Complex Order at PAR is NOT activated
CLEARALLCALLBACKS,$MM1
PRODUCTSTATEQUERY,$SA1,$SESSION1,$CLASS1PRODUCT1,4,TRUE,TRUE,Comment
PRODUCTSTATEQUERY,$SA1,$SESSION1,$CLASS1PRODUCT2,4,TRUE,TRUE,Comment
TOPOFBOOKVERIFICATION,$MM1,$SESSION1,$CLASS1PRODUCT1,200,2,10,00,200,2,10,20,TRUE,TRUE,Comment
TOPOFBOOKVERIFICATION,$MM1,$SESSION1,$CLASS1PRODUCT2,200,2,1,00,200,2,1,20,TRUE,TRUE,Comment
SETPRODUCTSTATEBYPRODUCT,$SA1,$SESSION1,$STRATEGY1,$STRATEGYCLASS1,1,TRUE,TRUE,Comment
PRODUCTSTATEQUERY,$SA1,$SESSION1,$STRATEGY1,1,TRUE,TRUE,Comment
SETPRODUCTSTATEBYPRODUCT,$SA1,$SESSION1,$STRATEGY1,$STRATEGYCLASS1,2,TRUE,TRUE,Comment
PRODUCTSTATEQUERY,$SA1,$SESSION1,$STRATEGY1,2,TRUE,TRUE,Comment
SETPRODUCTSTATEBYPRODUCT,$SA1,$SESSION1,$STRATEGY1,$STRATEGYCLASS1,3,TRUE,TRUE,Comment
PRODUCTSTATEQUERY,$SA1,$SESSION1,$STRATEGY1,3,TRUE,TRUE,Comment
SETPRODUCTSTATEBYPRODUCT,$SA1,$SESSION1,$STRATEGY1,$STRATEGYCLASS1,4,TRUE,TRUE,Comment
PRODUCTSTATEQUERY,$SA1,$SESSION1,$STRATEGY1,4,TRUE,TRUE,Comment
PAUSE,1000
TOPOFBOOKVERIFICATION,$MM1,$SESSION1,$STRATEGY1,0,1,0,00,0,1,0,00,TRUE,TRUE,Comment
STRATEGYORDER,$MM1,$MM1EXCHANGE,$MM1EXECFIRM,MDZ,1134,ABC,*,$MM1EXCHANGE,$MM1,100,$STRATEGY1,D,2,-9,20,D,21/12/2003 6:00:00.0,1,1,0,00,0,-,-,BARTID=$WORKSTATION1,$MM1,$MM1,C,FALSE,C,U,0,-,-,$SESSION1,2,$CLASS1PRODUCT1,$MM1EXCHANGE,$MM1EXECFIRM,C,C,$CLASS1PRODUCT2,$MM1EXCHANGE,$MM1EXECFIRM,C,C,TRUE,TRUE,This is the Strategy order: BA:253
PAUSE,10000
VERIFYCOMPLEXPARORDER,$PAR1,$MM1,$MM1EXECFIRM,ABC,MDZ,1134,*,9.20,D,1,2,Y,Y,N,Y,-,10.00,10.20,100,B,200,200,1,100,1.00,1.20,100,S,200,200,1,100,TRUE,TRUE,Comment
STRATEGYORDER,$MM1,$MM1EXCHANGE,$MM1EXECFIRM,LGE,457,ABC,*,$MM1EXCHANGE,$MM1,400,$STRATEGY1,O,2,8,90,D,21/12/2003 6:00:00.0,1,1,0,00,0,-,-,-,$MM1,$MM1,C,FALSE,E,U,0,-,-,$SESSION1,2,$CLASS1PRODUCT1,$MM1EXCHANGE,$MM1EXECFIRM,C,C,$CLASS1PRODUCT2,$MM1EXCHANGE,$MM1EXECFIRM,C,C,TRUE,TRUE,This is the Strategy order: BA:250
PAUSE,1000
TOPOFBOOKVERIFICATION,$MM1,$SESSION1,$STRATEGY1,0,1,0,00,400,2,8,90,TRUE,TRUE,Comment
PARCOMPLEXORDERTRADEWITHBOOKREQ,$PAR1,$MM1,$MM1EXECFIRM,ABC,MDZ,1134,*,*,D,9.20,2,100,100,Y,TRUE,TRUE,Comment
PAUSE,10000
TOPOFBOOKVERIFICATION,$MM1,$SESSION1,$STRATEGY1,0,1,0,00,400,2,8,90,TRUE,TRUE,Comment
TOPOFBOOKVERIFICATION,$MM1,$SESSION1,$CLASS1PRODUCT2,200,2,1,00,200,2,1,20,TRUE,TRUE,Comment
TOPOFBOOKVERIFICATION,$MM1,$SESSION1,$CLASS1PRODUCT1,200,2,10,00,200,2,10,20,TRUE,TRUE,Comment
VERIFYCOMPLEXPARORDER,$PAR1,$MM1,$MM1EXECFIRM,ABC,MDZ,1134,*,9.20,D,1,2,Y,Y,N,Y,-,10.00,10.20,100,B,200,200,1,100,1.00,1.20,100,S,200,200,1,100,TRUE,TRUE,Comment
CANCELALLPARORDERS,$PAR1,$MM1,TRUE,TRUE,Comment
CLEARALLPARCALLBACKS,$PAR1
VERIFYCOMPLEXPARORDER,$PAR1,$MM1,$MM1EXECFIRM,ABC,MDZ,1134,*,9.20,D,1,2,Y,Y,N,Y,-,10.00,10.20,100,B,200,200,1,100,1.00,1.20,100,S,200,200,1,100,FALSE,TRUE,Comment
ORDERCANCELBYIDNOWAIT,$MM1,$MM1EXCHANGE,$MM1EXECFIRM,LGE,457,ABC,*,400,$SESSION1,1,TRUE,TRUE,Comment
ORDERCANCELVERIFICATION,$MM1,$MM1EXCHANGE,$MM1EXECFIRM,LGE,457,ABC,*,$SESSION1,$STRATEGY1,2,400,TRUE,TRUE,Comment
TOPOFBOOKVERIFICATION,$MM1,$SESSION1,$STRATEGY1,0,1,0,00,0,1,0,00,TRUE,TRUE,Comment

COMMENT, Test Case 5:Resting Complex Order (with CUSTOMER origin) NOT at the TSB in COB and at price EQUAL to DSM. CONDITION:Resting Complex Order (with PROFESSIONAL origin) at the TSB in COB and Complex Order at PAR is NOT activated
CLEARALLCALLBACKS,$MM1
PRODUCTSTATEQUERY,$SA1,$SESSION1,$CLASS1PRODUCT1,4,TRUE,TRUE,Comment
PRODUCTSTATEQUERY,$SA1,$SESSION1,$CLASS1PRODUCT2,4,TRUE,TRUE,Comment
TOPOFBOOKVERIFICATION,$MM1,$SESSION1,$CLASS1PRODUCT1,200,2,10,00,200,2,10,20,TRUE,TRUE,Comment
TOPOFBOOKVERIFICATION,$MM1,$SESSION1,$CLASS1PRODUCT2,200,2,1,00,200,2,1,20,TRUE,TRUE,Comment
SETPRODUCTSTATEBYPRODUCT,$SA1,$SESSION1,$STRATEGY1,$STRATEGYCLASS1,1,TRUE,TRUE,Comment
PRODUCTSTATEQUERY,$SA1,$SESSION1,$STRATEGY1,1,TRUE,TRUE,Comment
SETPRODUCTSTATEBYPRODUCT,$SA1,$SESSION1,$STRATEGY1,$STRATEGYCLASS1,2,TRUE,TRUE,Comment
PRODUCTSTATEQUERY,$SA1,$SESSION1,$STRATEGY1,2,TRUE,TRUE,Comment
SETPRODUCTSTATEBYPRODUCT,$SA1,$SESSION1,$STRATEGY1,$STRATEGYCLASS1,3,TRUE,TRUE,Comment
PRODUCTSTATEQUERY,$SA1,$SESSION1,$STRATEGY1,3,TRUE,TRUE,Comment
SETPRODUCTSTATEBYPRODUCT,$SA1,$SESSION1,$STRATEGY1,$STRATEGYCLASS1,4,TRUE,TRUE,Comment
PRODUCTSTATEQUERY,$SA1,$SESSION1,$STRATEGY1,4,TRUE,TRUE,Comment
PAUSE,1000
TOPOFBOOKVERIFICATION,$MM1,$SESSION1,$STRATEGY1,0,1,0,00,0,1,0,00,TRUE,TRUE,Comment
STRATEGYORDER,$MM1,$MM1EXCHANGE,$MM1EXECFIRM,RBO,2959,ABC,*,$MM1EXCHANGE,$MM1,100,$STRATEGY1,D,2,-9,20,D,21/12/2003 6:00:00.0,1,1,0,00,0,-,-,BARTID=$WORKSTATION1,$MM1,$MM1,C,FALSE,C,U,0,-,-,$SESSION1,2,$CLASS1PRODUCT1,$MM1EXCHANGE,$MM1EXECFIRM,C,C,$CLASS1PRODUCT2,$MM1EXCHANGE,$MM1EXECFIRM,C,C,TRUE,TRUE,This is the Strategy order: BA:253
PAUSE,10000
VERIFYCOMPLEXPARORDER,$PAR1,$MM1,$MM1EXECFIRM,ABC,RBO,2959,*,9.20,D,1,2,Y,Y,N,Y,-,10.00,10.20,100,B,200,200,1,100,1.00,1.20,100,S,200,200,1,100,TRUE,TRUE,Comment
STRATEGYORDER,$MM1,$MM1EXCHANGE,$MM1EXECFIRM,LMD,113,ABC,*,$MM1EXCHANGE,$MM1,400,$STRATEGY1,O,2,8,90,D,21/12/2003 6:00:00.0,1,1,0,00,0,-,-,-,$MM1,$MM1,C,FALSE,E,U,0,-,-,$SESSION1,2,$CLASS1PRODUCT1,$MM1EXCHANGE,$MM1EXECFIRM,C,C,$CLASS1PRODUCT2,$MM1EXCHANGE,$MM1EXECFIRM,C,C,TRUE,TRUE,This is the Strategy order: BA:250
PAUSE,1000
TOPOFBOOKVERIFICATION,$MM1,$SESSION1,$STRATEGY1,0,1,0,00,400,2,8,90,TRUE,TRUE,Comment
STRATEGYORDER,$MM1,$MM1EXCHANGE,$MM1EXECFIRM,IUS,2988,ABC,*,$MM1EXCHANGE,$MM1,400,$STRATEGY1,O,2,9,20,D,21/12/2003 6:00:00.0,1,1,0,00,0,-,-,-,$MM1,$MM1,C,FALSE,C,U,0,-,-,$SESSION1,2,$CLASS1PRODUCT1,$MM1EXCHANGE,$MM1EXECFIRM,C,C,$CLASS1PRODUCT2,$MM1EXCHANGE,$MM1EXECFIRM,C,C,TRUE,TRUE,This is the Strategy order: BA:251
TOPOFBOOKVERIFICATION,$MM1,$SESSION1,$STRATEGY1,0,1,0,00,400,2,8,90,TRUE,TRUE,Comment
PARCOMPLEXORDERTRADEWITHBOOKREQ,$PAR1,$MM1,$MM1EXECFIRM,ABC,RBO,2959,*,*,D,9.20,2,100,100,Y,TRUE,TRUE,Comment
PAUSE,5000
TOPOFBOOKVERIFICATION,$MM1,$SESSION1,$STRATEGY1,0,1,0,00,400,2,8,90,TRUE,TRUE,Comment
TOPOFBOOKVERIFICATION,$MM1,$SESSION1,$CLASS1PRODUCT1,200,2,10,00,200,2,10,20,TRUE,TRUE,Comment
TOPOFBOOKVERIFICATION,$MM1,$SESSION1,$CLASS1PRODUCT2,200,2,1,00,200,2,1,20,TRUE,TRUE,Comment
VERIFYCOMPLEXPARORDER,$PAR1,$MM1,$MM1EXECFIRM,ABC,RBO,2959,*,9.20,D,1,2,Y,Y,N,Y,-,10.00,10.20,100,B,200,200,1,100,1.00,1.20,100,S,200,200,1,100,TRUE,TRUE,Comment
CANCELALLPARORDERS,$PAR1,$MM1,TRUE,TRUE,Comment
CLEARALLPARCALLBACKS,$PAR1
VERIFYCOMPLEXPARORDER,$PAR1,$MM1,$MM1EXECFIRM,ABC,RBO,2959,*,9.20,D,1,2,Y,Y,N,Y,-,10.00,10.20,100,B,200,200,1,100,1.00,1.20,100,S,200,200,1,100,FALSE,TRUE,Comment
ORDERCANCELBYIDNOWAIT,$MM1,$MM1EXCHANGE,$MM1EXECFIRM,LMD,113,ABC,*,400,$SESSION1,1,TRUE,TRUE,Comment
ORDERCANCELVERIFICATION,$MM1,$MM1EXCHANGE,$MM1EXECFIRM,LMD,113,ABC,*,$SESSION1,$STRATEGY1,2,400,TRUE,TRUE,Comment
ORDERCANCELBYIDNOWAIT,$MM1,$MM1EXCHANGE,$MM1EXECFIRM,IUS,2988,ABC,*,400,$SESSION1,1,TRUE,TRUE,Comment
ORDERCANCELVERIFICATION,$MM1,$MM1EXCHANGE,$MM1EXECFIRM,IUS,2988,ABC,*,$SESSION1,$STRATEGY1,2,400,TRUE,TRUE,Comment
PAUSE,1000
TOPOFBOOKVERIFICATION,$MM1,$SESSION1,$STRATEGY1,0,1,0,00,0,1,0,00,TRUE,TRUE,Comment

COMMENT, Test Case 6:Resting Complex Order (with CUSTOMER origin) NOT at the TSB in COB and at price BETTER than DSM. CONDITION:Resting Complex Order (with PROFESSIONAL origin) at the TSB in COB and Complex Order at PAR is NOT activated
CLEARALLCALLBACKS,$MM1
PRODUCTSTATEQUERY,$SA1,$SESSION1,$CLASS1PRODUCT1,4,TRUE,TRUE,Comment
PRODUCTSTATEQUERY,$SA1,$SESSION1,$CLASS1PRODUCT2,4,TRUE,TRUE,Comment
TOPOFBOOKVERIFICATION,$MM1,$SESSION1,$CLASS1PRODUCT1,200,2,10,00,200,2,10,20,TRUE,TRUE,Comment
TOPOFBOOKVERIFICATION,$MM1,$SESSION1,$CLASS1PRODUCT2,200,2,1,00,200,2,1,20,TRUE,TRUE,Comment
SETPRODUCTSTATEBYPRODUCT,$SA1,$SESSION1,$STRATEGY1,$STRATEGYCLASS1,1,TRUE,TRUE,Comment
PRODUCTSTATEQUERY,$SA1,$SESSION1,$STRATEGY1,1,TRUE,TRUE,Comment
SETPRODUCTSTATEBYPRODUCT,$SA1,$SESSION1,$STRATEGY1,$STRATEGYCLASS1,2,TRUE,TRUE,Comment
PRODUCTSTATEQUERY,$SA1,$SESSION1,$STRATEGY1,2,TRUE,TRUE,Comment
SETPRODUCTSTATEBYPRODUCT,$SA1,$SESSION1,$STRATEGY1,$STRATEGYCLASS1,3,TRUE,TRUE,Comment
PRODUCTSTATEQUERY,$SA1,$SESSION1,$STRATEGY1,3,TRUE,TRUE,Comment
SETPRODUCTSTATEBYPRODUCT,$SA1,$SESSION1,$STRATEGY1,$STRATEGYCLASS1,4,TRUE,TRUE,Comment
PRODUCTSTATEQUERY,$SA1,$SESSION1,$STRATEGY1,4,TRUE,TRUE,Comment
PAUSE,1000
TOPOFBOOKVERIFICATION,$MM1,$SESSION1,$STRATEGY1,0,1,0,00,0,1,0,00,TRUE,TRUE,Comment
STRATEGYORDER,$MM1,$MM1EXCHANGE,$MM1EXECFIRM,HZD,2544,ABC,*,$MM1EXCHANGE,$MM1,100,$STRATEGY1,D,2,-9,20,D,21/12/2003 6:00:00.0,1,1,0,00,0,-,-,BARTID=$WORKSTATION1,$MM1,$MM1,C,FALSE,C,U,0,-,-,$SESSION1,2,$CLASS1PRODUCT1,$MM1EXCHANGE,$MM1EXECFIRM,C,C,$CLASS1PRODUCT2,$MM1EXCHANGE,$MM1EXECFIRM,C,C,TRUE,TRUE,This is the Strategy order: BA:253
PAUSE,10000
VERIFYCOMPLEXPARORDER,$PAR1,$MM1,$MM1EXECFIRM,ABC,HZD,2544,*,9.20,D,1,2,Y,Y,N,Y,-,10.00,10.20,100,B,200,200,1,100,1.00,1.20,100,S,200,200,1,100,TRUE,TRUE,Comment
STRATEGYORDER,$MM1,$MM1EXCHANGE,$MM1EXECFIRM,NWV,8036,ABC,*,$MM1EXCHANGE,$MM1,400,$STRATEGY1,O,2,8,90,D,21/12/2003 6:00:00.0,1,1,0,00,0,-,-,-,$MM1,$MM1,C,FALSE,E,U,0,-,-,$SESSION1,2,$CLASS1PRODUCT1,$MM1EXCHANGE,$MM1EXECFIRM,C,C,$CLASS1PRODUCT2,$MM1EXCHANGE,$MM1EXECFIRM,C,C,TRUE,TRUE,This is the Strategy order: BA:250
PAUSE,1000
TOPOFBOOKVERIFICATION,$MM1,$SESSION1,$STRATEGY1,0,1,0,00,400,2,8,90,TRUE,TRUE,Comment
STRATEGYORDER,$MM1,$MM1EXCHANGE,$MM1EXECFIRM,GGE,6271,ABC,*,$MM1EXCHANGE,$MM1,400,$STRATEGY1,O,2,9,00,D,21/12/2003 6:00:00.0,1,1,0,00,0,-,-,-,$MM1,$MM1,C,FALSE,C,U,0,-,-,$SESSION1,2,$CLASS1PRODUCT1,$MM1EXCHANGE,$MM1EXECFIRM,C,C,$CLASS1PRODUCT2,$MM1EXCHANGE,$MM1EXECFIRM,C,C,TRUE,TRUE,This is the Strategy order: BA:251
TOPOFBOOKVERIFICATION,$MM1,$SESSION1,$STRATEGY1,0,1,0,00,400,2,8,90,TRUE,TRUE,Comment
PARCOMPLEXORDERTRADEWITHBOOKREQ,$PAR1,$MM1,$MM1EXECFIRM,ABC,HZD,2544,*,*,D,9.20,2,100,100,Y,TRUE,TRUE,Comment
PAUSE,10000
TOPOFBOOKVERIFICATION,$MM1,$SESSION1,$STRATEGY1,0,1,0,00,400,2,8,90,TRUE,TRUE,Comment
TOPOFBOOKVERIFICATION,$MM1,$SESSION1,$CLASS1PRODUCT1,200,2,10,00,200,2,10,20,TRUE,TRUE,Comment
TOPOFBOOKVERIFICATION,$MM1,$SESSION1,$CLASS1PRODUCT2,200,2,1,00,200,2,1,20,TRUE,TRUE,Comment
VERIFYCOMPLEXPARORDER,$PAR1,$MM1,$MM1EXECFIRM,ABC,HZD,2544,*,9.20,D,1,2,Y,Y,N,Y,-,10.00,10.20,100,B,200,200,1,100,1.00,1.20,100,S,200,200,1,100,TRUE,TRUE,Comment
CANCELALLPARORDERS,$PAR1,$MM1,TRUE,TRUE,Comment
CLEARALLPARCALLBACKS,$PAR1
VERIFYCOMPLEXPARORDER,$PAR1,$MM1,$MM1EXECFIRM,ABC,HZD,2544,*,9.20,D,1,2,Y,Y,N,Y,-,10.00,10.20,100,B,200,200,1,100,1.00,1.20,100,S,200,200,1,100,FALSE,TRUE,Comment
ORDERCANCELBYIDNOWAIT,$MM1,$MM1EXCHANGE,$MM1EXECFIRM,NWV,8036,ABC,*,400,$SESSION1,1,TRUE,TRUE,Comment
ORDERCANCELVERIFICATION,$MM1,$MM1EXCHANGE,$MM1EXECFIRM,NWV,8036,ABC,*,$SESSION1,$STRATEGY1,2,400,TRUE,TRUE,Comment
ORDERCANCELBYIDNOWAIT,$MM1,$MM1EXCHANGE,$MM1EXECFIRM,GGE,6271,ABC,*,400,$SESSION1,1,TRUE,TRUE,Comment
ORDERCANCELVERIFICATION,$MM1,$MM1EXCHANGE,$MM1EXECFIRM,GGE,6271,ABC,*,$SESSION1,$STRATEGY1,2,400,TRUE,TRUE,Comment
PAUSE,1000
TOPOFBOOKVERIFICATION,$MM1,$SESSION1,$STRATEGY1,0,1,0,00,0,1,0,00,TRUE,TRUE,Comment

COMMENT, Test Case 7:CONDITION:Resting CUSTOMER Complex Order at the TSB in COB on the OPPOSITE side but at WORSE price than DSM. TB Button for the Complex Order at PAR is NOT activated
CLEARALLCALLBACKS,$MM1
PRODUCTSTATEQUERY,$SA1,$SESSION1,$CLASS1PRODUCT1,4,TRUE,TRUE,Comment
PRODUCTSTATEQUERY,$SA1,$SESSION1,$CLASS1PRODUCT2,4,TRUE,TRUE,Comment
TOPOFBOOKVERIFICATION,$MM1,$SESSION1,$CLASS1PRODUCT1,200,2,10,00,200,2,10,20,TRUE,TRUE,Comment
TOPOFBOOKVERIFICATION,$MM1,$SESSION1,$CLASS1PRODUCT2,200,2,1,00,200,2,1,20,TRUE,TRUE,Comment
SETPRODUCTSTATEBYPRODUCT,$SA1,$SESSION1,$STRATEGY1,$STRATEGYCLASS1,1,TRUE,TRUE,Comment
PRODUCTSTATEQUERY,$SA1,$SESSION1,$STRATEGY1,1,TRUE,TRUE,Comment
SETPRODUCTSTATEBYPRODUCT,$SA1,$SESSION1,$STRATEGY1,$STRATEGYCLASS1,2,TRUE,TRUE,Comment
PRODUCTSTATEQUERY,$SA1,$SESSION1,$STRATEGY1,2,TRUE,TRUE,Comment
SETPRODUCTSTATEBYPRODUCT,$SA1,$SESSION1,$STRATEGY1,$STRATEGYCLASS1,3,TRUE,TRUE,Comment
PRODUCTSTATEQUERY,$SA1,$SESSION1,$STRATEGY1,3,TRUE,TRUE,Comment
SETPRODUCTSTATEBYPRODUCT,$SA1,$SESSION1,$STRATEGY1,$STRATEGYCLASS1,4,TRUE,TRUE,Comment
PRODUCTSTATEQUERY,$SA1,$SESSION1,$STRATEGY1,4,TRUE,TRUE,Comment
PAUSE,1000
TOPOFBOOKVERIFICATION,$MM1,$SESSION1,$STRATEGY1,0,1,0,00,0,1,0,00,TRUE,TRUE,Comment
STRATEGYORDER,$MM1,$MM1EXCHANGE,$MM1EXECFIRM,IFS,1139,ABC,*,$MM1EXCHANGE,$MM1,100,$STRATEGY1,D,2,-9,30,D,21/12/2003 6:00:00.0,1,1,0,00,0,-,-,BARTID=$WORKSTATION1,$MM1,$MM1,C,FALSE,C,U,0,-,-,$SESSION1,2,$CLASS1PRODUCT1,$MM1EXCHANGE,$MM1EXECFIRM,C,C,$CLASS1PRODUCT2,$MM1EXCHANGE,$MM1EXECFIRM,C,C,TRUE,TRUE,This is the Strategy order: BA:253
PAUSE,10000
VERIFYCOMPLEXPARORDER,$PAR1,$MM1,$MM1EXECFIRM,ABC,IFS,1139,*,9.30,D,1,2,Y,Y,N,Y,-,10.00,10.20,100,B,200,200,1,100,1.00,1.20,100,S,200,200,1,100,TRUE,TRUE,Comment
STRATEGYORDER,$MM1,$MM1EXCHANGE,$MM1EXECFIRM,FOT,3763,ABC,*,$MM1EXCHANGE,$MM1,400,$STRATEGY1,O,2,9,30,D,21/12/2003 6:00:00.0,1,1,0,00,0,-,-,-,$MM1,$MM1,C,FALSE,C,U,0,-,-,$SESSION1,2,$CLASS1PRODUCT1,$MM1EXCHANGE,$MM1EXECFIRM,C,C,$CLASS1PRODUCT2,$MM1EXCHANGE,$MM1EXECFIRM,C,C,TRUE,TRUE,This is the Strategy order: BA:250
PAUSE,1000
TOPOFBOOKVERIFICATION,$MM1,$SESSION1,$STRATEGY1,0,1,0,00,400,2,9,30,TRUE,TRUE,Comment
PARCOMPLEXORDERTRADEWITHBOOKREQ,$PAR1,$MM1,$MM1EXECFIRM,ABC,IFS,1139,*,*,D,9.30,2,100,100,Y,TRUE,TRUE,Comment
PAUSE,5000
TOPOFBOOKVERIFICATION,$MM1,$SESSION1,$STRATEGY1,0,1,0,00,400,2,9,30,TRUE,TRUE,Comment
TOPOFBOOKVERIFICATION,$MM1,$SESSION1,$CLASS1PRODUCT1,200,2,10,00,200,2,10,20,TRUE,TRUE,Comment
TOPOFBOOKVERIFICATION,$MM1,$SESSION1,$CLASS1PRODUCT2,200,2,1,00,200,2,1,20,TRUE,TRUE,Comment
VERIFYCOMPLEXPARORDER,$PAR1,$MM1,$MM1EXECFIRM,ABC,IFS,1139,*,9.30,D,1,2,Y,Y,N,Y,-,10.00,10.20,100,B,200,200,1,100,1.00,1.20,100,S,200,200,1,100,TRUE,TRUE,Comment
CANCELALLPARORDERS,$PAR1,$MM1,TRUE,TRUE,Comment
CLEARALLPARCALLBACKS,$PAR1
VERIFYCOMPLEXPARORDER,$PAR1,$MM1,$MM1EXECFIRM,ABC,IFS,1139,*,9.30,D,1,2,Y,Y,N,Y,-,10.00,10.20,100,B,200,200,1,100,1.00,1.20,100,S,200,200,1,100,FALSE,TRUE,Comment
ORDERCANCELBYIDNOWAIT,$MM1,$MM1EXCHANGE,$MM1EXECFIRM,FOT,3763,ABC,*,400,$SESSION1,1,TRUE,TRUE,Comment
ORDERCANCELVERIFICATION,$MM1,$MM1EXCHANGE,$MM1EXECFIRM,FOT,3763,ABC,*,$SESSION1,$STRATEGY1,2,400,TRUE,TRUE,Comment
PAUSE,1000
TOPOFBOOKVERIFICATION,$MM1,$SESSION1,$STRATEGY1,0,1,0,00,0,1,0,00,TRUE,TRUE,Comment

COMMENT, Test Case 8:CONDITION:Resting CUSTOMER Complex Order at the TSB in COB on DEFINED side but at WORSE price than DSM. TB Button for the Complex Order at PAR is NOT activated
CLEARALLCALLBACKS,$MM1
PRODUCTSTATEQUERY,$SA1,$SESSION1,$CLASS1PRODUCT1,4,TRUE,TRUE,Comment
PRODUCTSTATEQUERY,$SA1,$SESSION1,$CLASS1PRODUCT2,4,TRUE,TRUE,Comment
TOPOFBOOKVERIFICATION,$MM1,$SESSION1,$CLASS1PRODUCT1,200,2,10,00,200,2,10,20,TRUE,TRUE,Comment
TOPOFBOOKVERIFICATION,$MM1,$SESSION1,$CLASS1PRODUCT2,200,2,1,00,200,2,1,20,TRUE,TRUE,Comment
SETPRODUCTSTATEBYPRODUCT,$SA1,$SESSION1,$STRATEGY1,$STRATEGYCLASS1,1,TRUE,TRUE,Comment
PRODUCTSTATEQUERY,$SA1,$SESSION1,$STRATEGY1,1,TRUE,TRUE,Comment
SETPRODUCTSTATEBYPRODUCT,$SA1,$SESSION1,$STRATEGY1,$STRATEGYCLASS1,2,TRUE,TRUE,Comment
PRODUCTSTATEQUERY,$SA1,$SESSION1,$STRATEGY1,2,TRUE,TRUE,Comment
SETPRODUCTSTATEBYPRODUCT,$SA1,$SESSION1,$STRATEGY1,$STRATEGYCLASS1,3,TRUE,TRUE,Comment
PRODUCTSTATEQUERY,$SA1,$SESSION1,$STRATEGY1,3,TRUE,TRUE,Comment
SETPRODUCTSTATEBYPRODUCT,$SA1,$SESSION1,$STRATEGY1,$STRATEGYCLASS1,4,TRUE,TRUE,Comment
PRODUCTSTATEQUERY,$SA1,$SESSION1,$STRATEGY1,4,TRUE,TRUE,Comment
PAUSE,1000
TOPOFBOOKVERIFICATION,$MM1,$SESSION1,$STRATEGY1,0,1,0,00,0,1,0,00,TRUE,TRUE,Comment
STRATEGYORDER,$MM1,$MM1EXCHANGE,$MM1EXECFIRM,XCX,8444,ABC,*,$MM1EXCHANGE,$MM1,100,$STRATEGY1,O,2,8,70,D,21/12/2003 6:00:00.0,1,1,0,00,0,-,-,BARTID=$WORKSTATION1,$MM1,$MM1,C,FALSE,C,U,0,-,-,$SESSION1,2,$CLASS1PRODUCT1,$MM1EXCHANGE,$MM1EXECFIRM,C,C,$CLASS1PRODUCT2,$MM1EXCHANGE,$MM1EXECFIRM,C,C,TRUE,TRUE,This is the Strategy order: BA:253
PAUSE,10000
VERIFYCOMPLEXPARORDER,$PAR1,$MM1,$MM1EXECFIRM,ABC,XCX,8444,*,8.70,C,1,2,Y,Y,N,Y,-,10.00,10.20,100,S,200,200,1,100,1.00,1.20,100,B,200,200,1,100,TRUE,TRUE,Comment
STRATEGYORDER,$MM1,$MM1EXCHANGE,$MM1EXECFIRM,FSP,8544,ABC,*,$MM1EXCHANGE,$MM1,400,$STRATEGY1,D,2,-8,70,D,21/12/2003 6:00:00.0,1,1,0,00,0,-,-,-,$MM1,$MM1,C,FALSE,C,U,0,-,-,$SESSION1,2,$CLASS1PRODUCT1,$MM1EXCHANGE,$MM1EXECFIRM,C,C,$CLASS1PRODUCT2,$MM1EXCHANGE,$MM1EXECFIRM,C,C,TRUE,TRUE,This is the Strategy order: BA:250
PAUSE,2000
TOPOFBOOKVERIFICATION,$MM1,$SESSION1,$STRATEGY1,400,2,-8,70,0,1,0,00,TRUE,TRUE,Comment
PARCOMPLEXORDERTRADEWITHBOOKREQ,$PAR1,$MM1,$MM1EXECFIRM,ABC,XCX,8444,*,*,C,8.70,2,100,100,Y,TRUE,TRUE,Comment
PAUSE,5000
TOPOFBOOKVERIFICATION,$MM1,$SESSION1,$STRATEGY1,400,2,-8,70,0,1,0,00,TRUE,TRUE,Comment
TOPOFBOOKVERIFICATION,$MM1,$SESSION1,$CLASS1PRODUCT1,200,2,10,00,200,2,10,20,TRUE,TRUE,Comment
TOPOFBOOKVERIFICATION,$MM1,$SESSION1,$CLASS1PRODUCT2,200,2,1,00,200,2,1,20,TRUE,TRUE,Comment
VERIFYCOMPLEXPARORDER,$PAR1,$MM1,$MM1EXECFIRM,ABC,XCX,8444,*,8.70,C,1,2,Y,Y,N,Y,-,10.00,10.20,100,S,200,200,1,100,1.00,1.20,100,B,200,200,1,100,TRUE,TRUE,Comment
CANCELALLPARORDERS,$PAR1,$MM1,TRUE,TRUE,Comment
CLEARALLPARCALLBACKS,$PAR1
VERIFYCOMPLEXPARORDER,$PAR1,$MM1,$MM1EXECFIRM,ABC,XCX,8444,*,8.70,C,1,2,Y,Y,N,Y,-,10.00,10.20,100,S,200,200,1,100,1.00,1.20,100,B,200,200,1,100,FALSE,TRUE,Comment
ORDERCANCELBYIDNOWAIT,$MM1,$MM1EXCHANGE,$MM1EXECFIRM,FSP,8544,ABC,*,400,$SESSION1,1,TRUE,TRUE,Comment
ORDERCANCELVERIFICATION,$MM1,$MM1EXCHANGE,$MM1EXECFIRM,FSP,8544,ABC,*,$SESSION1,$STRATEGY1,2,400,TRUE,TRUE,Comment
PAUSE,1000
TOPOFBOOKVERIFICATION,$MM1,$SESSION1,$STRATEGY1,0,1,0,00,0,1,0,00,TRUE,TRUE,Comment

COMMENT, Test Case 9:Resting Complex Order (with CUSTOMER origin) NOT at the TSB in COB and at price WORSE than DSM. CONDITION:Resting Complex Order (with PROFESSIONAL origin) at the TSB in COB and at price WORSE than DSM. TB Button for the Complex Order at PAR is NOT activated
CLEARALLCALLBACKS,$MM1
PRODUCTSTATEQUERY,$SA1,$SESSION1,$CLASS1PRODUCT1,4,TRUE,TRUE,Comment
PRODUCTSTATEQUERY,$SA1,$SESSION1,$CLASS1PRODUCT2,4,TRUE,TRUE,Comment
TOPOFBOOKVERIFICATION,$MM1,$SESSION1,$CLASS1PRODUCT1,200,2,10,00,200,2,10,20,TRUE,TRUE,Comment
TOPOFBOOKVERIFICATION,$MM1,$SESSION1,$CLASS1PRODUCT2,200,2,1,00,200,2,1,20,TRUE,TRUE,Comment
SETPRODUCTSTATEBYPRODUCT,$SA1,$SESSION1,$STRATEGY1,$STRATEGYCLASS1,1,TRUE,TRUE,Comment
PRODUCTSTATEQUERY,$SA1,$SESSION1,$STRATEGY1,1,TRUE,TRUE,Comment
SETPRODUCTSTATEBYPRODUCT,$SA1,$SESSION1,$STRATEGY1,$STRATEGYCLASS1,2,TRUE,TRUE,Comment
PRODUCTSTATEQUERY,$SA1,$SESSION1,$STRATEGY1,2,TRUE,TRUE,Comment
SETPRODUCTSTATEBYPRODUCT,$SA1,$SESSION1,$STRATEGY1,$STRATEGYCLASS1,3,TRUE,TRUE,Comment
PRODUCTSTATEQUERY,$SA1,$SESSION1,$STRATEGY1,3,TRUE,TRUE,Comment
SETPRODUCTSTATEBYPRODUCT,$SA1,$SESSION1,$STRATEGY1,$STRATEGYCLASS1,4,TRUE,TRUE,Comment
PRODUCTSTATEQUERY,$SA1,$SESSION1,$STRATEGY1,4,TRUE,TRUE,Comment
PAUSE,1000
TOPOFBOOKVERIFICATION,$MM1,$SESSION1,$STRATEGY1,0,1,0,00,0,1,0,00,TRUE,TRUE,Comment
STRATEGYORDER,$MM1,$MM1EXCHANGE,$MM1EXECFIRM,ZHU,9491,ABC,*,$MM1EXCHANGE,$MM1,100,$STRATEGY1,D,2,-9,30,D,21/12/2003 6:00:00.0,1,1,0,00,0,-,-,BARTID=$WORKSTATION1,$MM1,$MM1,C,FALSE,C,U,0,-,-,$SESSION1,2,$CLASS1PRODUCT1,$MM1EXCHANGE,$MM1EXECFIRM,C,C,$CLASS1PRODUCT2,$MM1EXCHANGE,$MM1EXECFIRM,C,C,TRUE,TRUE,This is the Strategy order: BA:253
PAUSE,10000
VERIFYCOMPLEXPARORDER,$PAR1,$MM1,$MM1EXECFIRM,ABC,ZHU,9491,*,9.30,D,1,2,Y,Y,N,Y,-,10.00,10.20,100,B,200,200,1,100,1.00,1.20,100,S,200,200,1,100,TRUE,TRUE,Comment
STRATEGYORDER,$MM1,$MM1EXCHANGE,$MM1EXECFIRM,TUD,3140,ABC,*,$MM1EXCHANGE,$MM1,400,$STRATEGY1,O,2,8,90,D,21/12/2003 6:00:00.0,1,1,0,00,0,-,-,-,$MM1,$MM1,C,FALSE,E,U,0,-,-,$SESSION1,2,$CLASS1PRODUCT1,$MM1EXCHANGE,$MM1EXECFIRM,C,C,$CLASS1PRODUCT2,$MM1EXCHANGE,$MM1EXECFIRM,C,C,TRUE,TRUE,This is the Strategy order: BA:250
PAUSE,1000
TOPOFBOOKVERIFICATION,$MM1,$SESSION1,$STRATEGY1,0,1,0,00,400,2,8,90,TRUE,TRUE,Comment
STRATEGYORDER,$MM1,$MM1EXCHANGE,$MM1EXECFIRM,EKI,8877,ABC,*,$MM1EXCHANGE,$MM1,400,$STRATEGY1,O,2,9,30,D,21/12/2003 6:00:00.0,1,1,0,00,0,-,-,-,$MM1,$MM1,C,FALSE,C,U,0,-,-,$SESSION1,2,$CLASS1PRODUCT1,$MM1EXCHANGE,$MM1EXECFIRM,C,C,$CLASS1PRODUCT2,$MM1EXCHANGE,$MM1EXECFIRM,C,C,TRUE,TRUE,This is the Strategy order: BA:251
PAUSE,1000
TOPOFBOOKVERIFICATION,$MM1,$SESSION1,$STRATEGY1,0,1,0,00,400,2,8,90,TRUE,TRUE,Comment
PARCOMPLEXORDERTRADEWITHBOOKREQ,$PAR1,$MM1,$MM1EXECFIRM,ABC,ZHU,9491,*,*,D,9.30,2,100,100,Y,TRUE,TRUE,Comment
PAUSE,5000
TOPOFBOOKVERIFICATION,$MM1,$SESSION1,$STRATEGY1,0,1,0,00,400,2,8,90,TRUE,TRUE,Comment
TOPOFBOOKVERIFICATION,$MM1,$SESSION1,$CLASS1PRODUCT1,200,2,10,00,200,2,10,20,TRUE,TRUE,Comment
TOPOFBOOKVERIFICATION,$MM1,$SESSION1,$CLASS1PRODUCT2,200,2,1,00,200,2,1,20,TRUE,TRUE,Comment
VERIFYCOMPLEXPARORDER,$PAR1,$MM1,$MM1EXECFIRM,ABC,ZHU,9491,*,9.30,D,1,2,Y,Y,N,Y,-,10.00,10.20,100,B,200,200,1,100,1.00,1.20,100,S,200,200,1,100,TRUE,TRUE,Comment
CANCELALLPARORDERS,$PAR1,$MM1,TRUE,TRUE,Comment
CLEARALLPARCALLBACKS,$PAR1
VERIFYCOMPLEXPARORDER,$PAR1,$MM1,$MM1EXECFIRM,ABC,ZHU,9491,*,9.30,D,1,2,Y,Y,N,Y,-,10.00,10.20,100,B,200,200,1,100,1.00,1.20,100,S,200,200,1,100,FALSE,TRUE,Comment
ORDERCANCELBYIDNOWAIT,$MM1,$MM1EXCHANGE,$MM1EXECFIRM,TUD,3140,ABC,*,400,$SESSION1,1,TRUE,TRUE,Comment
ORDERCANCELVERIFICATION,$MM1,$MM1EXCHANGE,$MM1EXECFIRM,TUD,3140,ABC,*,$SESSION1,$STRATEGY1,2,400,TRUE,TRUE,Comment
ORDERCANCELBYIDNOWAIT,$MM1,$MM1EXCHANGE,$MM1EXECFIRM,EKI,8877,ABC,*,400,$SESSION1,1,TRUE,TRUE,Comment
ORDERCANCELVERIFICATION,$MM1,$MM1EXCHANGE,$MM1EXECFIRM,EKI,8877,ABC,*,$SESSION1,$STRATEGY1,2,400,TRUE,TRUE,Comment
PAUSE,1000
TOPOFBOOKVERIFICATION,$MM1,$SESSION1,$STRATEGY1,0,1,0,00,0,1,0,00,TRUE,TRUE,Comment

COMMENT, Test Case 10:CONDITION:Both resting CUSTOMER and NON-CUSTOMER Complex Order at the TSB in COB on the OPPOSITE side at WORSE price than DSM. TB Button for the Complex Order at PAR is NOT activated
CLEARALLCALLBACKS,$MM1
PRODUCTSTATEQUERY,$SA1,$SESSION1,$CLASS1PRODUCT1,4,TRUE,TRUE,Comment
PRODUCTSTATEQUERY,$SA1,$SESSION1,$CLASS1PRODUCT2,4,TRUE,TRUE,Comment
TOPOFBOOKVERIFICATION,$MM1,$SESSION1,$CLASS1PRODUCT1,200,2,10,00,200,2,10,20,TRUE,TRUE,Comment
TOPOFBOOKVERIFICATION,$MM1,$SESSION1,$CLASS1PRODUCT2,200,2,1,00,200,2,1,20,TRUE,TRUE,Comment
SETPRODUCTSTATEBYPRODUCT,$SA1,$SESSION1,$STRATEGY1,$STRATEGYCLASS1,1,TRUE,TRUE,Comment
PRODUCTSTATEQUERY,$SA1,$SESSION1,$STRATEGY1,1,TRUE,TRUE,Comment
SETPRODUCTSTATEBYPRODUCT,$SA1,$SESSION1,$STRATEGY1,$STRATEGYCLASS1,2,TRUE,TRUE,Comment
PRODUCTSTATEQUERY,$SA1,$SESSION1,$STRATEGY1,2,TRUE,TRUE,Comment
SETPRODUCTSTATEBYPRODUCT,$SA1,$SESSION1,$STRATEGY1,$STRATEGYCLASS1,3,TRUE,TRUE,Comment
PRODUCTSTATEQUERY,$SA1,$SESSION1,$STRATEGY1,3,TRUE,TRUE,Comment
SETPRODUCTSTATEBYPRODUCT,$SA1,$SESSION1,$STRATEGY1,$STRATEGYCLASS1,4,TRUE,TRUE,Comment
PRODUCTSTATEQUERY,$SA1,$SESSION1,$STRATEGY1,4,TRUE,TRUE,Comment
PAUSE,1000
TOPOFBOOKVERIFICATION,$MM1,$SESSION1,$STRATEGY1,0,1,0,00,0,1,0,00,TRUE,TRUE,Comment
STRATEGYORDER,$MM1,$MM1EXCHANGE,$MM1EXECFIRM,SQF,2091,ABC,*,$MM1EXCHANGE,$MM1,400,$STRATEGY1,O,2,9,30,D,21/12/2003 6:00:00.0,1,1,0,00,0,-,-,-,$MM1,$MM1,C,FALSE,C,U,0,-,-,$SESSION1,2,$CLASS1PRODUCT1,$MM1EXCHANGE,$MM1EXECFIRM,C,C,$CLASS1PRODUCT2,$MM1EXCHANGE,$MM1EXECFIRM,C,C,TRUE,TRUE,This is the Strategy order: BA:250
PAUSE,1000
TOPOFBOOKVERIFICATION,$MM1,$SESSION1,$STRATEGY1,0,1,0,00,400,2,9,30,TRUE,TRUE,Comment
STRATEGYORDER,$MM1,$MM1EXCHANGE,$MM1EXECFIRM,TXH,9816,ABC,*,$MM1EXCHANGE,$MM1,400,$STRATEGY1,O,2,9,30,D,21/12/2003 6:00:00.0,1,1,0,00,0,-,-,-,$MM1,$MM1,C,FALSE,E,U,0,-,-,$SESSION1,2,$CLASS1PRODUCT1,$MM1EXCHANGE,$MM1EXECFIRM,C,C,$CLASS1PRODUCT2,$MM1EXCHANGE,$MM1EXECFIRM,C,C,TRUE,TRUE,This is the Strategy order: BA:251
TOPOFBOOKVERIFICATION,$MM1,$SESSION1,$STRATEGY1,0,1,0,00,800,2,9,30,TRUE,TRUE,Comment
STRATEGYORDER,$MM1,$MM1EXCHANGE,$MM1EXECFIRM,ZJM,6816,ABC,*,$MM1EXCHANGE,$MM1,100,$STRATEGY1,D,2,-9,30,D,21/12/2003 6:00:00.0,1,1,0,00,0,-,-,BARTID=$WORKSTATION1,$MM1,$MM1,C,FALSE,C,U,0,-,-,$SESSION1,2,$CLASS1PRODUCT1,$MM1EXCHANGE,$MM1EXECFIRM,C,C,$CLASS1PRODUCT2,$MM1EXCHANGE,$MM1EXECFIRM,C,C,TRUE,TRUE,This is the Strategy order: BA:253
PAUSE,10000
VERIFYCOMPLEXPARORDER,$PAR1,$MM1,$MM1EXECFIRM,ABC,ZJM,6816,*,9.30,D,1,2,Y,Y,N,Y,-,10.00,10.20,100,B,200,200,1,100,1.00,1.20,100,S,200,200,1,100,TRUE,TRUE,Comment
PARCOMPLEXORDERTRADEWITHBOOKREQ,$PAR1,$MM1,$MM1EXECFIRM,ABC,ZJM,6816,*,*,D,9.30,2,100,100,Y,TRUE,TRUE,Comment
PAUSE,5000
TOPOFBOOKVERIFICATION,$MM1,$SESSION1,$STRATEGY1,0,1,0,00,800,2,9,30,TRUE,TRUE,Comment
TOPOFBOOKVERIFICATION,$MM1,$SESSION1,$CLASS1PRODUCT1,200,2,10,00,200,2,10,20,TRUE,TRUE,Comment
TOPOFBOOKVERIFICATION,$MM1,$SESSION1,$CLASS1PRODUCT2,200,2,1,00,200,2,1,20,TRUE,TRUE,Comment
VERIFYCOMPLEXPARORDER,$PAR1,$MM1,$MM1EXECFIRM,ABC,ZJM,6816,*,9.30,D,1,2,Y,Y,N,Y,-,10.00,10.20,100,B,200,200,1,100,1.00,1.20,100,S,200,200,1,100,TRUE,TRUE,Comment
CANCELALLPARORDERS,$PAR1,$MM1,TRUE,TRUE,Comment
CLEARALLPARCALLBACKS,$PAR1
VERIFYCOMPLEXPARORDER,$PAR1,$MM1,$MM1EXECFIRM,ABC,ZJM,6816,*,9.30,D,1,2,Y,Y,N,Y,-,10.00,10.20,100,B,200,200,1,100,1.00,1.20,100,S,200,200,1,100,FALSE,TRUE,Comment
ORDERCANCELBYIDNOWAIT,$MM1,$MM1EXCHANGE,$MM1EXECFIRM,SQF,2091,ABC,*,400,$SESSION1,1,TRUE,TRUE,Comment
ORDERCANCELVERIFICATION,$MM1,$MM1EXCHANGE,$MM1EXECFIRM,SQF,2091,ABC,*,$SESSION1,$STRATEGY1,2,400,TRUE,TRUE,Comment
ORDERCANCELBYIDNOWAIT,$MM1,$MM1EXCHANGE,$MM1EXECFIRM,TXH,9816,ABC,*,400,$SESSION1,1,TRUE,TRUE,Comment
ORDERCANCELVERIFICATION,$MM1,$MM1EXCHANGE,$MM1EXECFIRM,TXH,9816,ABC,*,$SESSION1,$STRATEGY1,2,400,TRUE,TRUE,Comment
PAUSE,1000
TOPOFBOOKVERIFICATION,$MM1,$SESSION1,$STRATEGY1,0,1,0,00,0,1,0,00,TRUE,TRUE,Comment

COMMENT, Test Case 11:CONDITION:Both resting CUSTOMER and NON-CUSTOMER Complex Order at the TSB in COB on DEFINED side at WORSE price than DSM. TB Button for the Complex Order at PAR is NOT activated
CLEARALLCALLBACKS,$MM1
PRODUCTSTATEQUERY,$SA1,$SESSION1,$CLASS1PRODUCT1,4,TRUE,TRUE,Comment
PRODUCTSTATEQUERY,$SA1,$SESSION1,$CLASS1PRODUCT2,4,TRUE,TRUE,Comment
TOPOFBOOKVERIFICATION,$MM1,$SESSION1,$CLASS1PRODUCT1,200,2,10,00,200,2,10,20,TRUE,TRUE,Comment
TOPOFBOOKVERIFICATION,$MM1,$SESSION1,$CLASS1PRODUCT2,200,2,1,00,200,2,1,20,TRUE,TRUE,Comment
SETPRODUCTSTATEBYPRODUCT,$SA1,$SESSION1,$STRATEGY1,$STRATEGYCLASS1,1,TRUE,TRUE,Comment
PRODUCTSTATEQUERY,$SA1,$SESSION1,$STRATEGY1,1,TRUE,TRUE,Comment
SETPRODUCTSTATEBYPRODUCT,$SA1,$SESSION1,$STRATEGY1,$STRATEGYCLASS1,2,TRUE,TRUE,Comment
PRODUCTSTATEQUERY,$SA1,$SESSION1,$STRATEGY1,2,TRUE,TRUE,Comment
SETPRODUCTSTATEBYPRODUCT,$SA1,$SESSION1,$STRATEGY1,$STRATEGYCLASS1,3,TRUE,TRUE,Comment
PRODUCTSTATEQUERY,$SA1,$SESSION1,$STRATEGY1,3,TRUE,TRUE,Comment
SETPRODUCTSTATEBYPRODUCT,$SA1,$SESSION1,$STRATEGY1,$STRATEGYCLASS1,4,TRUE,TRUE,Comment
PRODUCTSTATEQUERY,$SA1,$SESSION1,$STRATEGY1,4,TRUE,TRUE,Comment
PAUSE,1000
TOPOFBOOKVERIFICATION,$MM1,$SESSION1,$STRATEGY1,0,1,0,00,0,1,0,00,TRUE,TRUE,Comment
STRATEGYORDER,$MM1,$MM1EXCHANGE,$MM1EXECFIRM,TLK,2612,ABC,*,$MM1EXCHANGE,$MM1,100,$STRATEGY1,O,2,8,70,D,21/12/2003 6:00:00.0,1,1,0,00,0,-,-,BARTID=$WORKSTATION1,$MM1,$MM1,C,FALSE,C,U,0,-,-,$SESSION1,2,$CLASS1PRODUCT1,$MM1EXCHANGE,$MM1EXECFIRM,C,C,$CLASS1PRODUCT2,$MM1EXCHANGE,$MM1EXECFIRM,C,C,TRUE,TRUE,This is the Strategy order: BA:253
PAUSE,10000
VERIFYCOMPLEXPARORDER,$PAR1,$MM1,$MM1EXECFIRM,ABC,TLK,2612,*,8.70,C,1,2,Y,Y,N,Y,-,10.00,10.20,100,S,200,200,1,100,1.00,1.20,100,B,200,200,1,100,TRUE,TRUE,Comment
STRATEGYORDER,$MM1,$MM1EXCHANGE,$MM1EXECFIRM,JEN,1568,ABC,*,$MM1EXCHANGE,$MM1,400,$STRATEGY1,D,2,-8,70,D,21/12/2003 6:00:00.0,1,1,0,00,0,-,-,-,$MM1,$MM1,C,FALSE,C,U,0,-,-,$SESSION1,2,$CLASS1PRODUCT1,$MM1EXCHANGE,$MM1EXECFIRM,C,C,$CLASS1PRODUCT2,$MM1EXCHANGE,$MM1EXECFIRM,C,C,TRUE,TRUE,This is the Strategy order: BA:250
PAUSE,1000
TOPOFBOOKVERIFICATION,$MM1,$SESSION1,$STRATEGY1,400,2,-8,70,0,1,0,00,TRUE,TRUE,Comment
STRATEGYORDER,$MM1,$MM1EXCHANGE,$MM1EXECFIRM,UGU,3536,ABC,*,$MM1EXCHANGE,$MM1,400,$STRATEGY1,D,2,-8,70,D,21/12/2003 6:00:00.0,1,1,0,00,0,-,-,-,$MM1,$MM1,C,FALSE,E,U,0,-,-,$SESSION1,2,$CLASS1PRODUCT1,$MM1EXCHANGE,$MM1EXECFIRM,C,C,$CLASS1PRODUCT2,$MM1EXCHANGE,$MM1EXECFIRM,C,C,TRUE,TRUE,This is the Strategy order: BA:251
PAUSE,1000
TOPOFBOOKVERIFICATION,$MM1,$SESSION1,$STRATEGY1,800,2,-8,70,0,1,0,00,TRUE,TRUE,Comment
PARCOMPLEXORDERTRADEWITHBOOKREQ,$PAR1,$MM1,$MM1EXECFIRM,ABC,TLK,2612,*,*,C,8.70,2,100,100,Y,TRUE,TRUE,Comment
PAUSE,5000
TOPOFBOOKVERIFICATION,$MM1,$SESSION1,$STRATEGY1,800,2,-8,70,0,1,0,00,TRUE,TRUE,Comment
TOPOFBOOKVERIFICATION,$MM1,$SESSION1,$CLASS1PRODUCT1,200,2,10,00,200,2,10,20,TRUE,TRUE,Comment
TOPOFBOOKVERIFICATION,$MM1,$SESSION1,$CLASS1PRODUCT2,200,2,1,00,200,2,1,20,TRUE,TRUE,Comment
VERIFYCOMPLEXPARORDER,$PAR1,$MM1,$MM1EXECFIRM,ABC,TLK,2612,*,8.70,C,1,2,Y,Y,N,Y,-,10.00,10.20,100,S,200,200,1,100,1.00,1.20,100,B,200,200,1,100,TRUE,TRUE,Comment
CANCELALLPARORDERS,$PAR1,$MM1,TRUE,TRUE,Comment
CLEARALLPARCALLBACKS,$PAR1
VERIFYCOMPLEXPARORDER,$PAR1,$MM1,$MM1EXECFIRM,ABC,TLK,2612,*,8.70,C,1,2,Y,Y,N,Y,-,10.00,10.20,100,S,200,200,1,100,1.00,1.20,100,B,200,200,1,100,FALSE,TRUE,Comment
ORDERCANCELBYIDNOWAIT,$MM1,$MM1EXCHANGE,$MM1EXECFIRM,JEN,1568,ABC,*,400,$SESSION1,1,TRUE,TRUE,Comment
ORDERCANCELVERIFICATION,$MM1,$MM1EXCHANGE,$MM1EXECFIRM,JEN,1568,ABC,*,$SESSION1,$STRATEGY1,2,400,TRUE,TRUE,Comment
ORDERCANCELBYIDNOWAIT,$MM1,$MM1EXCHANGE,$MM1EXECFIRM,UGU,3536,ABC,*,400,$SESSION1,1,TRUE,TRUE,Comment
ORDERCANCELVERIFICATION,$MM1,$MM1EXCHANGE,$MM1EXECFIRM,UGU,3536,ABC,*,$SESSION1,$STRATEGY1,2,400,TRUE,TRUE,Comment
PAUSE,1000
TOPOFBOOKVERIFICATION,$MM1,$SESSION1,$STRATEGY1,0,1,0,00,0,1,0,00,TRUE,TRUE,Comment

COMMENT, Test Case 12:TB button is NOT activated for the Complex order at PAR (at price marketable with the resting CUSTOMER Complex Order at the TSB in COB). CONDITION:The price of the resting CUSTOMER Complex Order at the TSB in COB is WORSE than DSM
CLEARALLCALLBACKS,$MM1
PRODUCTSTATEQUERY,$SA1,$SESSION1,$CLASS1PRODUCT1,4,TRUE,TRUE,Comment
PRODUCTSTATEQUERY,$SA1,$SESSION1,$CLASS1PRODUCT2,4,TRUE,TRUE,Comment
TOPOFBOOKVERIFICATION,$MM1,$SESSION1,$CLASS1PRODUCT1,200,2,10,00,200,2,10,20,TRUE,TRUE,Comment
TOPOFBOOKVERIFICATION,$MM1,$SESSION1,$CLASS1PRODUCT2,200,2,1,00,200,2,1,20,TRUE,TRUE,Comment
SETPRODUCTSTATEBYPRODUCT,$SA1,$SESSION1,$STRATEGY1,$STRATEGYCLASS1,1,TRUE,TRUE,Comment
PRODUCTSTATEQUERY,$SA1,$SESSION1,$STRATEGY1,1,TRUE,TRUE,Comment
SETPRODUCTSTATEBYPRODUCT,$SA1,$SESSION1,$STRATEGY1,$STRATEGYCLASS1,2,TRUE,TRUE,Comment
PRODUCTSTATEQUERY,$SA1,$SESSION1,$STRATEGY1,2,TRUE,TRUE,Comment
SETPRODUCTSTATEBYPRODUCT,$SA1,$SESSION1,$STRATEGY1,$STRATEGYCLASS1,3,TRUE,TRUE,Comment
PRODUCTSTATEQUERY,$SA1,$SESSION1,$STRATEGY1,3,TRUE,TRUE,Comment
SETPRODUCTSTATEBYPRODUCT,$SA1,$SESSION1,$STRATEGY1,$STRATEGYCLASS1,4,TRUE,TRUE,Comment
PRODUCTSTATEQUERY,$SA1,$SESSION1,$STRATEGY1,4,TRUE,TRUE,Comment
PAUSE,1000
TOPOFBOOKVERIFICATION,$MM1,$SESSION1,$STRATEGY1,0,1,0,00,0,1,0,00,TRUE,TRUE,Comment
STRATEGYORDER,$MM1,$MM1EXCHANGE,$MM1EXECFIRM,MTW,2237,ABC,*,$MM1EXCHANGE,$MM1,400,$STRATEGY1,D,2,-9,30,D,21/12/2003 6:00:00.0,1,1,0,00,0,-,-,BARTID=$WORKSTATION1,$MM1,$MM1,C,FALSE,C,U,0,-,-,$SESSION1,2,$CLASS1PRODUCT1,$MM1EXCHANGE,$MM1EXECFIRM,C,C,$CLASS1PRODUCT2,$MM1EXCHANGE,$MM1EXECFIRM,C,C,TRUE,TRUE,This is the Strategy order: BA:253
PAUSE,10000
VERIFYCOMPLEXPARORDER,$PAR1,$MM1,$MM1EXECFIRM,ABC,MTW,2237,*,9.30,D,1,2,Y,Y,N,Y,-,10.00,10.20,400,B,200,200,1,400,1.00,1.20,400,S,200,200,1,400,TRUE,TRUE,Comment
STRATEGYORDER,$MM1,$MM1EXCHANGE,$MM1EXECFIRM,FZO,2133,ABC,*,$MM1EXCHANGE,$MM1,200,$STRATEGY1,O,2,9,30,D,21/12/2003 6:00:00.0,1,1,0,00,0,-,-,-,$MM1,$MM1,C,FALSE,C,U,0,-,-,$SESSION1,2,$CLASS1PRODUCT1,$MM1EXCHANGE,$MM1EXECFIRM,C,C,$CLASS1PRODUCT2,$MM1EXCHANGE,$MM1EXECFIRM,C,C,TRUE,TRUE,This is the Strategy order: BA:250
PAUSE,1000
TOPOFBOOKVERIFICATION,$MM1,$SESSION1,$STRATEGY1,0,1,0,00,200,2,9,30,TRUE,TRUE,Comment
PARCOMPLEXORDERTRADEWITHBOOKREQ,$PAR1,$MM1,$MM1EXECFIRM,ABC,MTW,2237,*,*,D,9.30,2,400,400,Y,TRUE,TRUE,Comment
PAUSE,5000
TOPOFBOOKVERIFICATION,$MM1,$SESSION1,$STRATEGY1,0,1,0,00,200,2,9,30,TRUE,TRUE,Comment
TOPOFBOOKVERIFICATION,$MM1,$SESSION1,$CLASS1PRODUCT1,200,2,10,00,200,2,10,20,TRUE,TRUE,Comment
TOPOFBOOKVERIFICATION,$MM1,$SESSION1,$CLASS1PRODUCT2,200,2,1,00,200,2,1,20,TRUE,TRUE,Comment
VERIFYCOMPLEXPARORDER,$PAR1,$MM1,$MM1EXECFIRM,ABC,MTW,2237,*,9.30,D,1,2,Y,Y,N,Y,-,10.00,10.20,400,B,200,200,1,400,1.00,1.20,400,S,200,200,1,400,TRUE,TRUE,Comment
CANCELALLPARORDERS,$PAR1,$MM1,TRUE,TRUE,Comment
CLEARALLPARCALLBACKS,$PAR1
VERIFYCOMPLEXPARORDER,$PAR1,$MM1,$MM1EXECFIRM,ABC,MTW,2237,*,9.30,D,1,2,Y,Y,N,Y,-,10.00,10.20,400,B,200,200,1,400,1.00,1.20,400,S,200,200,1,400,FALSE,TRUE,Comment
ORDERCANCELBYIDNOWAIT,$MM1,$MM1EXCHANGE,$MM1EXECFIRM,FZO,2133,ABC,*,200,$SESSION1,1,TRUE,TRUE,Comment
ORDERCANCELVERIFICATION,$MM1,$MM1EXCHANGE,$MM1EXECFIRM,FZO,2133,ABC,*,$SESSION1,$STRATEGY1,2,200,TRUE,TRUE,Comment
PAUSE,1000
TOPOFBOOKVERIFICATION,$MM1,$SESSION1,$STRATEGY1,0,1,0,00,0,1,0,00,TRUE,TRUE,Comment

COMMENT, Test Case 13:TB button is NOT activated for the Complex order at PAR (at price marketable with the resting CUSTOMER and NON-CUSTOMER Complex Order at the TSB in COB). CONDITION:The price of the resting CUSTOMER Complex Order at the TSB in COB is WORSE than DSM
CLEARALLCALLBACKS,$MM1
PRODUCTSTATEQUERY,$SA1,$SESSION1,$CLASS1PRODUCT1,4,TRUE,TRUE,Comment
PRODUCTSTATEQUERY,$SA1,$SESSION1,$CLASS1PRODUCT2,4,TRUE,TRUE,Comment
TOPOFBOOKVERIFICATION,$MM1,$SESSION1,$CLASS1PRODUCT1,200,2,10,00,200,2,10,20,TRUE,TRUE,Comment
TOPOFBOOKVERIFICATION,$MM1,$SESSION1,$CLASS1PRODUCT2,200,2,1,00,200,2,1,20,TRUE,TRUE,Comment
SETPRODUCTSTATEBYPRODUCT,$SA1,$SESSION1,$STRATEGY1,$STRATEGYCLASS1,1,TRUE,TRUE,Comment
PRODUCTSTATEQUERY,$SA1,$SESSION1,$STRATEGY1,1,TRUE,TRUE,Comment
SETPRODUCTSTATEBYPRODUCT,$SA1,$SESSION1,$STRATEGY1,$STRATEGYCLASS1,2,TRUE,TRUE,Comment
PRODUCTSTATEQUERY,$SA1,$SESSION1,$STRATEGY1,2,TRUE,TRUE,Comment
SETPRODUCTSTATEBYPRODUCT,$SA1,$SESSION1,$STRATEGY1,$STRATEGYCLASS1,3,TRUE,TRUE,Comment
PRODUCTSTATEQUERY,$SA1,$SESSION1,$STRATEGY1,3,TRUE,TRUE,Comment
SETPRODUCTSTATEBYPRODUCT,$SA1,$SESSION1,$STRATEGY1,$STRATEGYCLASS1,4,TRUE,TRUE,Comment
PRODUCTSTATEQUERY,$SA1,$SESSION1,$STRATEGY1,4,TRUE,TRUE,Comment
PAUSE,1000
TOPOFBOOKVERIFICATION,$MM1,$SESSION1,$STRATEGY1,0,1,0,00,0,1,0,00,TRUE,TRUE,Comment
STRATEGYORDER,$MM1,$MM1EXCHANGE,$MM1EXECFIRM,BYG,2283,ABC,*,$MM1EXCHANGE,$MM1,400,$STRATEGY1,D,2,-9,30,D,21/12/2003 6:00:00.0,1,1,0,00,0,-,-,BARTID=$WORKSTATION1,$MM1,$MM1,C,FALSE,C,U,0,-,-,$SESSION1,2,$CLASS1PRODUCT1,$MM1EXCHANGE,$MM1EXECFIRM,C,C,$CLASS1PRODUCT2,$MM1EXCHANGE,$MM1EXECFIRM,C,C,TRUE,TRUE,This is the Strategy order: BA:253
PAUSE,10000
VERIFYCOMPLEXPARORDER,$PAR1,$MM1,$MM1EXECFIRM,ABC,BYG,2283,*,9.30,D,1,2,Y,Y,N,Y,-,10.00,10.20,400,B,200,200,1,400,1.00,1.20,400,S,200,200,1,400,TRUE,TRUE,Comment
STRATEGYORDER,$MM1,$MM1EXCHANGE,$MM1EXECFIRM,ENM,7451,ABC,*,$MM1EXCHANGE,$MM1,200,$STRATEGY1,O,2,9,30,D,21/12/2003 6:00:00.0,1,1,0,00,0,-,-,-,$MM1,$MM1,C,FALSE,E,U,0,-,-,$SESSION1,2,$CLASS1PRODUCT1,$MM1EXCHANGE,$MM1EXECFIRM,C,C,$CLASS1PRODUCT2,$MM1EXCHANGE,$MM1EXECFIRM,C,C,TRUE,TRUE,This is the Strategy order: BA:250
PAUSE,1000
TOPOFBOOKVERIFICATION,$MM1,$SESSION1,$STRATEGY1,0,1,0,00,200,2,9,30,TRUE,TRUE,Comment
STRATEGYORDER,$MM1,$MM1EXCHANGE,$MM1EXECFIRM,PIM,2521,ABC,*,$MM1EXCHANGE,$MM1,200,$STRATEGY1,O,2,9,30,D,21/12/2003 6:00:00.0,1,1,0,00,0,-,-,-,$MM1,$MM1,C,FALSE,C,U,0,-,-,$SESSION1,2,$CLASS1PRODUCT1,$MM1EXCHANGE,$MM1EXECFIRM,C,C,$CLASS1PRODUCT2,$MM1EXCHANGE,$MM1EXECFIRM,C,C,TRUE,TRUE,This is the Strategy order: BA:251
PAUSE,1000
TOPOFBOOKVERIFICATION,$MM1,$SESSION1,$STRATEGY1,0,1,0,00,400,2,9,30,TRUE,TRUE,Comment
PARCOMPLEXORDERTRADEWITHBOOKREQ,$PAR1,$MM1,$MM1EXECFIRM,ABC,BYG,2283,*,*,D,9.30,2,400,400,Y,TRUE,TRUE,Comment
PAUSE,5000
TOPOFBOOKVERIFICATION,$MM1,$SESSION1,$STRATEGY1,0,1,0,00,400,2,9,30,TRUE,TRUE,Comment
TOPOFBOOKVERIFICATION,$MM1,$SESSION1,$CLASS1PRODUCT1,200,2,10,00,200,2,10,20,TRUE,TRUE,Comment
TOPOFBOOKVERIFICATION,$MM1,$SESSION1,$CLASS1PRODUCT2,200,2,1,00,200,2,1,20,TRUE,TRUE,Comment
VERIFYCOMPLEXPARORDER,$PAR1,$MM1,$MM1EXECFIRM,ABC,BYG,2283,*,9.30,D,1,2,Y,Y,N,Y,-,10.00,10.20,400,B,200,200,1,400,1.00,1.20,400,S,200,200,1,400,TRUE,TRUE,Comment
CANCELALLPARORDERS,$PAR1,$MM1,TRUE,TRUE,Comment
CLEARALLPARCALLBACKS,$PAR1
VERIFYCOMPLEXPARORDER,$PAR1,$MM1,$MM1EXECFIRM,ABC,BYG,2283,*,9.30,D,1,2,Y,Y,N,Y,-,10.00,10.20,400,B,200,200,1,400,1.00,1.20,400,S,200,200,1,400,FALSE,TRUE,Comment
ORDERCANCELBYIDNOWAIT,$MM1,$MM1EXCHANGE,$MM1EXECFIRM,ENM,7451,ABC,*,200,$SESSION1,1,TRUE,TRUE,Comment
ORDERCANCELVERIFICATION,$MM1,$MM1EXCHANGE,$MM1EXECFIRM,ENM,7451,ABC,*,$SESSION1,$STRATEGY1,2,200,TRUE,TRUE,Comment
ORDERCANCELBYIDNOWAIT,$MM1,$MM1EXCHANGE,$MM1EXECFIRM,PIM,2521,ABC,*,200,$SESSION1,1,TRUE,TRUE,Comment
ORDERCANCELVERIFICATION,$MM1,$MM1EXCHANGE,$MM1EXECFIRM,PIM,2521,ABC,*,$SESSION1,$STRATEGY1,2,200,TRUE,TRUE,Comment
PAUSE,1000
TOPOFBOOKVERIFICATION,$MM1,$SESSION1,$STRATEGY1,0,1,0,00,0,1,0,00,TRUE,TRUE,Comment

COMMENT, Test Case 14:Resting Simple Orders with CUSTOMER origin on TOP of the BOOK on ALL LEGS and resting CUSTOMER Complex Order on TOP of the BOOK in COB at price EQUAL to DSM and sent AFTER Customer Simple Orders arrived on CBOE market
CLEARALLCALLBACKS,$MM1
PRODUCTSTATEQUERY,$SA1,$SESSION1,$CLASS1PRODUCT1,4,TRUE,TRUE,Comment
PRODUCTSTATEQUERY,$SA1,$SESSION1,$CLASS1PRODUCT2,4,TRUE,TRUE,Comment
TOPOFBOOKVERIFICATION,$MM1,$SESSION1,$CLASS1PRODUCT1,200,2,10,00,200,2,10,20,TRUE,TRUE,Comment
TOPOFBOOKVERIFICATION,$MM1,$SESSION1,$CLASS1PRODUCT2,200,2,1,00,200,2,1,20,TRUE,TRUE,Comment
ORDER,$MM1,$MM1EXCHANGE,$MM1EXECFIRM,QUG,6214,ABC,*,$MM1EXCHANGE,$MM1,100,$CLASS1PRODUCT1,S,2,10,20,D,21/12/2003 6:00:00.0,1,1,0,00,0,-,-,-,$MM1,$MM1,C,FALSE,C,U,0,-,-,$SESSION1,TRUE,TRUE,Comment
PAUSE,1000
TOPOFBOOKVERIFICATION,$MM1,$SESSION1,$CLASS1PRODUCT1,200,2,10,00,300,2,10,20,TRUE,TRUE,Comment
ORDER,$MM1,$MM1EXCHANGE,$MM1EXECFIRM,KJM,4043,ABC,*,$MM1EXCHANGE,$MM1,100,$CLASS1PRODUCT2,B,2,1,00,D,21/12/2003 6:00:00.0,1,1,0,00,0,-,-,-,$MM1,$MM1,C,FALSE,C,U,0,-,-,$SESSION1,TRUE,TRUE,Comment
PAUSE,1000
TOPOFBOOKVERIFICATION,$MM1,$SESSION1,$CLASS1PRODUCT2,300,2,1,00,200,2,1,20,TRUE,TRUE,Comment
SETPRODUCTSTATEBYPRODUCT,$SA1,$SESSION1,$STRATEGY1,$STRATEGYCLASS1,1,TRUE,TRUE,Comment
PRODUCTSTATEQUERY,$SA1,$SESSION1,$STRATEGY1,1,TRUE,TRUE,Comment
SETPRODUCTSTATEBYPRODUCT,$SA1,$SESSION1,$STRATEGY1,$STRATEGYCLASS1,2,TRUE,TRUE,Comment
PRODUCTSTATEQUERY,$SA1,$SESSION1,$STRATEGY1,2,TRUE,TRUE,Comment
SETPRODUCTSTATEBYPRODUCT,$SA1,$SESSION1,$STRATEGY1,$STRATEGYCLASS1,3,TRUE,TRUE,Comment
PRODUCTSTATEQUERY,$SA1,$SESSION1,$STRATEGY1,3,TRUE,TRUE,Comment
SETPRODUCTSTATEBYPRODUCT,$SA1,$SESSION1,$STRATEGY1,$STRATEGYCLASS1,4,TRUE,TRUE,Comment
PRODUCTSTATEQUERY,$SA1,$SESSION1,$STRATEGY1,4,TRUE,TRUE,Comment
TOPOFBOOKVERIFICATION,$MM1,$SESSION1,$STRATEGY1,0,1,0,00,0,1,0,00,TRUE,TRUE,Comment
STRATEGYORDER,$MM1,$MM1EXCHANGE,$MM1EXECFIRM,QIJ,8427,ABC,*,$MM1EXCHANGE,$MM1,400,$STRATEGY1,D,2,-9,20,D,21/12/2003 6:00:00.0,1,1,0,00,0,-,-,BARTID=$WORKSTATION1,$MM1,$MM1,C,FALSE,C,U,0,-,-,$SESSION1,2,$CLASS1PRODUCT1,$MM1EXCHANGE,$MM1EXECFIRM,C,C,$CLASS1PRODUCT2,$MM1EXCHANGE,$MM1EXECFIRM,C,C,TRUE,TRUE,This is the Strategy order: BA:253
PAUSE,10000
VERIFYCOMPLEXPARORDER,$PAR1,$MM1,$MM1EXECFIRM,ABC,QIJ,8427,*,9.20,D,1,2,Y,Y,N,Y,-,10.00,10.20,400,B,200,300,1,400,1.00,1.20,400,S,300,200,1,400,TRUE,TRUE,Comment
STRATEGYORDER,$MM1,$MM1EXCHANGE,$MM1EXECFIRM,DWB,6028,ABC,*,$MM1EXCHANGE,$MM1,200,$STRATEGY1,O,2,9,20,D,21/12/2003 6:00:00.0,1,1,0,00,0,-,-,-,$MM1,$MM1,C,FALSE,C,U,0,-,-,$SESSION1,2,$CLASS1PRODUCT1,$MM1EXCHANGE,$MM1EXECFIRM,C,C,$CLASS1PRODUCT2,$MM1EXCHANGE,$MM1EXECFIRM,C,C,TRUE,TRUE,This is the Strategy order: BA:250
PAUSE,1000
TOPOFBOOKVERIFICATION,$MM1,$SESSION1,$STRATEGY1,0,1,0,00,200,2,9,20,TRUE,TRUE,Comment
PARCOMPLEXORDERTRADEWITHBOOKREQ,$PAR1,$MM1,$MM1EXECFIRM,ABC,QIJ,8427,*,*,D,9.20,2,400,400,Y,TRUE,TRUE,Comment
PAUSE,5000
TOPOFBOOKVERIFICATION,$MM1,$SESSION1,$STRATEGY1,0,1,0,00,200,2,9,20,TRUE,TRUE,Comment
TOPOFBOOKVERIFICATION,$MM1,$SESSION1,$CLASS1PRODUCT1,200,2,10,00,300,2,10,20,TRUE,TRUE,Comment
TOPOFBOOKVERIFICATION,$MM1,$SESSION1,$CLASS1PRODUCT2,300,2,1,00,200,2,1,20,TRUE,TRUE,Comment
VERIFYCOMPLEXPARORDER,$PAR1,$MM1,$MM1EXECFIRM,ABC,QIJ,8427,*,9.20,D,1,2,Y,Y,N,Y,-,10.00,10.20,400,B,200,300,1,400,1.00,1.20,400,S,300,200,1,400,TRUE,TRUE,Comment
ORDERCANCELBYIDNOWAIT,$MM1,$MM1EXCHANGE,$MM1EXECFIRM,QUG,6214,ABC,*,100,$SESSION1,1,TRUE,TRUE,Comment
ORDERCANCELVERIFICATION,$MM1,$MM1EXCHANGE,$MM1EXECFIRM,QUG,6214,ABC,*,$SESSION1,$CLASS1PRODUCT1,2,100,TRUE,TRUE,Comment
ORDERCANCELBYIDNOWAIT,$MM1,$MM1EXCHANGE,$MM1EXECFIRM,KJM,4043,ABC,*,100,$SESSION1,1,TRUE,TRUE,Comment
ORDERCANCELVERIFICATION,$MM1,$MM1EXCHANGE,$MM1EXECFIRM,KJM,4043,ABC,*,$SESSION1,$CLASS1PRODUCT2,2,100,TRUE,TRUE,Comment
CANCELALLPARORDERS,$PAR1,$MM1,TRUE,TRUE,Comment
CLEARALLPARCALLBACKS,$PAR1
VERIFYCOMPLEXPARORDER,$PAR1,$MM1,$MM1EXECFIRM,ABC,QIJ,8427,*,9.20,D,1,2,Y,Y,N,Y,-,10.00,10.20,400,B,200,200,1,400,1.00,1.20,400,S,200,200,1,400,FALSE,TRUE,Comment
ORDERCANCELBYIDNOWAIT,$MM1,$MM1EXCHANGE,$MM1EXECFIRM,DWB,6028,ABC,*,200,$SESSION1,1,TRUE,TRUE,Comment
ORDERCANCELVERIFICATION,$MM1,$MM1EXCHANGE,$MM1EXECFIRM,DWB,6028,ABC,*,$SESSION1,$STRATEGY1,2,200,TRUE,TRUE,Comment
PAUSE,1000
TOPOFBOOKVERIFICATION,$MM1,$SESSION1,$STRATEGY1,0,1,0,00,0,1,0,00,TRUE,TRUE,Comment

COMMENT, Test Case 15:Resting Simple Orders with CUSTOMER origin on TOP of the BOOK on ALL LEGS and resting CUSTOMER and NON-CUSTOMER Complex Orders on TOP of the BOOK in COB at price EQUAL to DSM and sent AFTER Customer Simple Orders arrived on CBOE market
CLEARALLCALLBACKS,$MM1
PRODUCTSTATEQUERY,$SA1,$SESSION1,$CLASS1PRODUCT1,4,TRUE,TRUE,Comment
PRODUCTSTATEQUERY,$SA1,$SESSION1,$CLASS1PRODUCT2,4,TRUE,TRUE,Comment
TOPOFBOOKVERIFICATION,$MM1,$SESSION1,$CLASS1PRODUCT1,200,2,10,00,200,2,10,20,TRUE,TRUE,Comment
TOPOFBOOKVERIFICATION,$MM1,$SESSION1,$CLASS1PRODUCT2,200,2,1,00,200,2,1,20,TRUE,TRUE,Comment
ORDER,$MM1,$MM1EXCHANGE,$MM1EXECFIRM,XVF,8447,ABC,*,$MM1EXCHANGE,$MM1,100,$CLASS1PRODUCT1,S,2,10,20,D,21/12/2003 6:00:00.0,1,1,0,00,0,-,-,-,$MM1,$MM1,C,FALSE,C,U,0,-,-,$SESSION1,TRUE,TRUE,Comment
PAUSE,1000
TOPOFBOOKVERIFICATION,$MM1,$SESSION1,$CLASS1PRODUCT1,200,2,10,00,300,2,10,20,TRUE,TRUE,Comment
ORDER,$MM1,$MM1EXCHANGE,$MM1EXECFIRM,TTU,2689,ABC,*,$MM1EXCHANGE,$MM1,100,$CLASS1PRODUCT2,B,2,1,00,D,21/12/2003 6:00:00.0,1,1,0,00,0,-,-,-,$MM1,$MM1,C,FALSE,C,U,0,-,-,$SESSION1,TRUE,TRUE,Comment
PAUSE,1000
TOPOFBOOKVERIFICATION,$MM1,$SESSION1,$CLASS1PRODUCT2,300,2,1,00,200,2,1,20,TRUE,TRUE,Comment
SETPRODUCTSTATEBYPRODUCT,$SA1,$SESSION1,$STRATEGY1,$STRATEGYCLASS1,1,TRUE,TRUE,Comment
PRODUCTSTATEQUERY,$SA1,$SESSION1,$STRATEGY1,1,TRUE,TRUE,Comment
SETPRODUCTSTATEBYPRODUCT,$SA1,$SESSION1,$STRATEGY1,$STRATEGYCLASS1,2,TRUE,TRUE,Comment
PRODUCTSTATEQUERY,$SA1,$SESSION1,$STRATEGY1,2,TRUE,TRUE,Comment
SETPRODUCTSTATEBYPRODUCT,$SA1,$SESSION1,$STRATEGY1,$STRATEGYCLASS1,3,TRUE,TRUE,Comment
PRODUCTSTATEQUERY,$SA1,$SESSION1,$STRATEGY1,3,TRUE,TRUE,Comment
SETPRODUCTSTATEBYPRODUCT,$SA1,$SESSION1,$STRATEGY1,$STRATEGYCLASS1,4,TRUE,TRUE,Comment
PRODUCTSTATEQUERY,$SA1,$SESSION1,$STRATEGY1,4,TRUE,TRUE,Comment
TOPOFBOOKVERIFICATION,$MM1,$SESSION1,$STRATEGY1,0,1,0,00,0,1,0,00,TRUE,TRUE,Comment
STRATEGYORDER,$MM1,$MM1EXCHANGE,$MM1EXECFIRM,YGG,2007,ABC,*,$MM1EXCHANGE,$MM1,400,$STRATEGY1,D,2,-9,20,D,21/12/2003 6:00:00.0,1,1,0,00,0,-,-,BARTID=$WORKSTATION1,$MM1,$MM1,C,FALSE,C,U,0,-,-,$SESSION1,2,$CLASS1PRODUCT1,$MM1EXCHANGE,$MM1EXECFIRM,C,C,$CLASS1PRODUCT2,$MM1EXCHANGE,$MM1EXECFIRM,C,C,TRUE,TRUE,This is the Strategy order: BA:253
PAUSE,1000
VERIFYCOMPLEXPARORDER,$PAR1,$MM1,$MM1EXECFIRM,ABC,YGG,2007,*,9.20,D,1,2,Y,Y,N,Y,-,10.00,10.20,400,B,200,300,1,400,1.00,1.20,400,S,300,200,1,400,TRUE,TRUE,Comment
STRATEGYORDER,$MM1,$MM1EXCHANGE,$MM1EXECFIRM,VRG,6128,ABC,*,$MM1EXCHANGE,$MM1,200,$STRATEGY1,O,2,9,20,D,21/12/2003 6:00:00.0,1,1,0,00,0,-,-,-,$MM1,$MM1,C,FALSE,E,U,0,-,-,$SESSION1,2,$CLASS1PRODUCT1,$MM1EXCHANGE,$MM1EXECFIRM,C,C,$CLASS1PRODUCT2,$MM1EXCHANGE,$MM1EXECFIRM,C,C,TRUE,TRUE,This is the Strategy order: BA:250
PAUSE,1000
TOPOFBOOKVERIFICATION,$MM1,$SESSION1,$STRATEGY1,0,1,0,00,200,2,9,20,TRUE,TRUE,Comment
STRATEGYORDER,$MM1,$MM1EXCHANGE,$MM1EXECFIRM,FSV,2207,ABC,*,$MM1EXCHANGE,$MM1,200,$STRATEGY1,O,2,9,20,D,21/12/2003 6:00:00.0,1,1,0,00,0,-,-,-,$MM1,$MM1,C,FALSE,C,U,0,-,-,$SESSION1,2,$CLASS1PRODUCT1,$MM1EXCHANGE,$MM1EXECFIRM,C,C,$CLASS1PRODUCT2,$MM1EXCHANGE,$MM1EXECFIRM,C,C,TRUE,TRUE,This is the Strategy order: BA:251
PAUSE,1000
TOPOFBOOKVERIFICATION,$MM1,$SESSION1,$STRATEGY1,0,1,0,00,400,2,9,20,TRUE,TRUE,Comment
PARCOMPLEXORDERTRADEWITHBOOKREQ,$PAR1,$MM1,$MM1EXECFIRM,ABC,YGG,2007,*,*,D,9.20,2,400,400,Y,TRUE,TRUE,Comment
PAUSE,5000
TOPOFBOOKVERIFICATION,$MM1,$SESSION1,$STRATEGY1,0,1,0,00,400,2,9,20,TRUE,TRUE,Comment
TOPOFBOOKVERIFICATION,$MM1,$SESSION1,$CLASS1PRODUCT1,200,2,10,00,300,2,10,20,TRUE,TRUE,Comment
TOPOFBOOKVERIFICATION,$MM1,$SESSION1,$CLASS1PRODUCT2,300,2,1,00,200,2,1,20,TRUE,TRUE,Comment
VERIFYCOMPLEXPARORDER,$PAR1,$MM1,$MM1EXECFIRM,ABC,YGG,2007,*,9.20,D,1,2,Y,Y,N,Y,-,10.00,10.20,400,B,200,300,1,400,1.00,1.20,400,S,300,200,1,400,TRUE,TRUE,Comment
ORDERCANCELBYIDNOWAIT,$MM1,$MM1EXCHANGE,$MM1EXECFIRM,XVF,8447,ABC,*,100,$SESSION1,1,TRUE,TRUE,Comment
ORDERCANCELVERIFICATION,$MM1,$MM1EXCHANGE,$MM1EXECFIRM,XVF,8447,ABC,*,$SESSION1,$CLASS1PRODUCT1,2,100,TRUE,TRUE,Comment
ORDERCANCELBYIDNOWAIT,$MM1,$MM1EXCHANGE,$MM1EXECFIRM,TTU,2689,ABC,*,100,$SESSION1,1,TRUE,TRUE,Comment
ORDERCANCELVERIFICATION,$MM1,$MM1EXCHANGE,$MM1EXECFIRM,TTU,2689,ABC,*,$SESSION1,$CLASS1PRODUCT2,2,100,TRUE,TRUE,Comment
CANCELALLPARORDERS,$PAR1,$MM1,TRUE,TRUE,Comment
CLEARALLPARCALLBACKS,$PAR1
VERIFYCOMPLEXPARORDER,$PAR1,$MM1,$MM1EXECFIRM,ABC,YGG,2007,*,9.20,D,1,2,Y,Y,N,Y,-,10.00,10.20,400,B,200,200,1,400,1.00,1.20,400,S,200,200,1,400,FALSE,TRUE,Comment
ORDERCANCELBYIDNOWAIT,$MM1,$MM1EXCHANGE,$MM1EXECFIRM,VRG,6128,ABC,*,200,$SESSION1,1,TRUE,TRUE,Comment
ORDERCANCELVERIFICATION,$MM1,$MM1EXCHANGE,$MM1EXECFIRM,VRG,6128,ABC,*,$SESSION1,$STRATEGY1,2,200,TRUE,TRUE,Comment
ORDERCANCELBYIDNOWAIT,$MM1,$MM1EXCHANGE,$MM1EXECFIRM,FSV,2207,ABC,*,200,$SESSION1,1,TRUE,TRUE,Comment
ORDERCANCELVERIFICATION,$MM1,$MM1EXCHANGE,$MM1EXECFIRM,FSV,2207,ABC,*,$SESSION1,$STRATEGY1,2,200,TRUE,TRUE,Comment
PAUSE,1000
TOPOFBOOKVERIFICATION,$MM1,$SESSION1,$STRATEGY1,0,1,0,00,0,1,0,00,TRUE,TRUE,Comment

COMMENT, Test Case 16:Resting CUSTOMER Complex Order on TOP of the BOOK in COB at price EQUAL to DSM but price of the Complex Order at PAR is NON-MARKETABLE with the CUSTOMER Complex Order in COB
CLEARALLCALLBACKS,$MM1
PRODUCTSTATEQUERY,$SA1,$SESSION1,$CLASS1PRODUCT1,4,TRUE,TRUE,Comment
PRODUCTSTATEQUERY,$SA1,$SESSION1,$CLASS1PRODUCT2,4,TRUE,TRUE,Comment
TOPOFBOOKVERIFICATION,$MM1,$SESSION1,$CLASS1PRODUCT1,200,2,10,00,200,2,10,20,TRUE,TRUE,Comment
TOPOFBOOKVERIFICATION,$MM1,$SESSION1,$CLASS1PRODUCT2,200,2,1,00,200,2,1,20,TRUE,TRUE,Comment
SETPRODUCTSTATEBYPRODUCT,$SA1,$SESSION1,$STRATEGY1,$STRATEGYCLASS1,1,TRUE,TRUE,Comment
PRODUCTSTATEQUERY,$SA1,$SESSION1,$STRATEGY1,1,TRUE,TRUE,Comment
SETPRODUCTSTATEBYPRODUCT,$SA1,$SESSION1,$STRATEGY1,$STRATEGYCLASS1,2,TRUE,TRUE,Comment
PRODUCTSTATEQUERY,$SA1,$SESSION1,$STRATEGY1,2,TRUE,TRUE,Comment
SETPRODUCTSTATEBYPRODUCT,$SA1,$SESSION1,$STRATEGY1,$STRATEGYCLASS1,3,TRUE,TRUE,Comment
PRODUCTSTATEQUERY,$SA1,$SESSION1,$STRATEGY1,3,TRUE,TRUE,Comment
SETPRODUCTSTATEBYPRODUCT,$SA1,$SESSION1,$STRATEGY1,$STRATEGYCLASS1,4,TRUE,TRUE,Comment
PRODUCTSTATEQUERY,$SA1,$SESSION1,$STRATEGY1,4,TRUE,TRUE,Comment
TOPOFBOOKVERIFICATION,$MM1,$SESSION1,$STRATEGY1,0,1,0,00,0,1,0,00,TRUE,TRUE,Comment
STRATEGYORDER,$MM1,$MM1EXCHANGE,$MM1EXECFIRM,NGS,4343,ABC,*,$MM1EXCHANGE,$MM1,400,$STRATEGY1,D,2,-9,10,D,21/12/2003 6:00:00.0,1,1,0,00,0,-,-,BARTID=$WORKSTATION1,$MM1,$MM1,C,FALSE,C,U,0,-,-,$SESSION1,2,$CLASS1PRODUCT1,$MM1EXCHANGE,$MM1EXECFIRM,C,C,$CLASS1PRODUCT2,$MM1EXCHANGE,$MM1EXECFIRM,C,C,TRUE,TRUE,This is the Strategy order: BA:253
PAUSE,10000
VERIFYCOMPLEXPARORDER,$PAR1,$MM1,$MM1EXECFIRM,ABC,NGS,4343,*,9.10,D,1,2,Y,Y,N,Y,-,10.00,10.20,400,B,200,200,1,400,1.00,1.20,400,S,200,200,1,400,TRUE,TRUE,Comment
STRATEGYORDER,$MM1,$MM1EXCHANGE,$MM1EXECFIRM,WIB,9984,ABC,*,$MM1EXCHANGE,$MM1,200,$STRATEGY1,O,2,9,20,D,21/12/2003 6:00:00.0,1,1,0,00,0,-,-,-,$MM1,$MM1,C,FALSE,C,U,0,-,-,$SESSION1,2,$CLASS1PRODUCT1,$MM1EXCHANGE,$MM1EXECFIRM,C,C,$CLASS1PRODUCT2,$MM1EXCHANGE,$MM1EXECFIRM,C,C,TRUE,TRUE,This is the Strategy order: BA:251
PAUSE,1000
TOPOFBOOKVERIFICATION,$MM1,$SESSION1,$STRATEGY1,0,1,0,00,200,2,9,20,TRUE,TRUE,Comment
PARCOMPLEXORDERTRADEWITHBOOKREQ,$PAR1,$MM1,$MM1EXECFIRM,ABC,NGS,4343,*,*,D,9.10,2,400,400,Y,TRUE,TRUE,Comment
PAUSE,5000
TOPOFBOOKVERIFICATION,$MM1,$SESSION1,$STRATEGY1,0,1,0,00,200,2,9,20,TRUE,TRUE,Comment
TOPOFBOOKVERIFICATION,$MM1,$SESSION1,$CLASS1PRODUCT1,200,2,10,00,200,2,10,20,TRUE,TRUE,Comment
TOPOFBOOKVERIFICATION,$MM1,$SESSION1,$CLASS1PRODUCT2,200,2,1,00,200,2,1,20,TRUE,TRUE,Comment
VERIFYCOMPLEXPARORDER,$PAR1,$MM1,$MM1EXECFIRM,ABC,NGS,4343,*,9.10,D,1,2,Y,Y,N,Y,-,10.00,10.20,400,B,200,200,1,400,1.00,1.20,400,S,200,200,1,400,TRUE,TRUE,Comment
CANCELALLPARORDERS,$PAR1,$MM1,TRUE,TRUE,Comment
CLEARALLPARCALLBACKS,$PAR1
VERIFYCOMPLEXPARORDER,$PAR1,$MM1,$MM1EXECFIRM,ABC,NGS,4343,*,9.10,D,1,2,Y,Y,N,Y,-,10.00,10.20,400,B,200,200,1,400,1.00,1.20,400,S,200,200,1,400,FALSE,TRUE,Comment
ORDERCANCELBYIDNOWAIT,$MM1,$MM1EXCHANGE,$MM1EXECFIRM,WIB,9984,ABC,*,200,$SESSION1,1,TRUE,TRUE,Comment
ORDERCANCELVERIFICATION,$MM1,$MM1EXCHANGE,$MM1EXECFIRM,WIB,9984,ABC,*,$SESSION1,$STRATEGY1,2,200,TRUE,TRUE,Comment
PAUSE,1000
TOPOFBOOKVERIFICATION,$MM1,$SESSION1,$STRATEGY1,0,1,0,00,0,1,0,00,TRUE,TRUE,Comment

COMMENT, Test Case 17:Resting CUSTOMER and NON-CUSTOMER Complex Orders on TOP of the BOOK in COB at price EQUAL to DSM but price of the Complex Order at PAR is NON-MARKETABLE with the CUSTOMER Complex Order in COB
CLEARALLCALLBACKS,$MM1
PRODUCTSTATEQUERY,$SA1,$SESSION1,$CLASS1PRODUCT1,4,TRUE,TRUE,Comment
PRODUCTSTATEQUERY,$SA1,$SESSION1,$CLASS1PRODUCT2,4,TRUE,TRUE,Comment
TOPOFBOOKVERIFICATION,$MM1,$SESSION1,$CLASS1PRODUCT1,200,2,10,00,200,2,10,20,TRUE,TRUE,Comment
TOPOFBOOKVERIFICATION,$MM1,$SESSION1,$CLASS1PRODUCT2,200,2,1,00,200,2,1,20,TRUE,TRUE,Comment
SETPRODUCTSTATEBYPRODUCT,$SA1,$SESSION1,$STRATEGY1,$STRATEGYCLASS1,1,TRUE,TRUE,Comment
PRODUCTSTATEQUERY,$SA1,$SESSION1,$STRATEGY1,1,TRUE,TRUE,Comment
SETPRODUCTSTATEBYPRODUCT,$SA1,$SESSION1,$STRATEGY1,$STRATEGYCLASS1,2,TRUE,TRUE,Comment
PRODUCTSTATEQUERY,$SA1,$SESSION1,$STRATEGY1,2,TRUE,TRUE,Comment
SETPRODUCTSTATEBYPRODUCT,$SA1,$SESSION1,$STRATEGY1,$STRATEGYCLASS1,3,TRUE,TRUE,Comment
PRODUCTSTATEQUERY,$SA1,$SESSION1,$STRATEGY1,3,TRUE,TRUE,Comment
SETPRODUCTSTATEBYPRODUCT,$SA1,$SESSION1,$STRATEGY1,$STRATEGYCLASS1,4,TRUE,TRUE,Comment
PRODUCTSTATEQUERY,$SA1,$SESSION1,$STRATEGY1,4,TRUE,TRUE,Comment
TOPOFBOOKVERIFICATION,$MM1,$SESSION1,$STRATEGY1,0,1,0,00,0,1,0,00,TRUE,TRUE,Comment
STRATEGYORDER,$MM1,$MM1EXCHANGE,$MM1EXECFIRM,LEF,6158,ABC,*,$MM1EXCHANGE,$MM1,400,$STRATEGY1,D,2,-9,10,D,21/12/2003 6:00:00.0,1,1,0,00,0,-,-,BARTID=$WORKSTATION1,$MM1,$MM1,C,FALSE,C,U,0,-,-,$SESSION1,2,$CLASS1PRODUCT1,$MM1EXCHANGE,$MM1EXECFIRM,C,C,$CLASS1PRODUCT2,$MM1EXCHANGE,$MM1EXECFIRM,C,C,TRUE,TRUE,This is the Strategy order: BA:253
PAUSE,10000
VERIFYCOMPLEXPARORDER,$PAR1,$MM1,$MM1EXECFIRM,ABC,LEF,6158,*,9.10,D,1,2,Y,Y,N,Y,-,10.00,10.20,400,B,200,200,1,400,1.00,1.20,400,S,200,200,1,400,TRUE,TRUE,Comment
STRATEGYORDER,$MM1,$MM1EXCHANGE,$MM1EXECFIRM,NQW,7067,ABC,*,$MM1EXCHANGE,$MM1,200,$STRATEGY1,O,2,9,20,D,21/12/2003 6:00:00.0,1,1,0,00,0,-,-,-,$MM1,$MM1,C,FALSE,E,U,0,-,-,$SESSION1,2,$CLASS1PRODUCT1,$MM1EXCHANGE,$MM1EXECFIRM,C,C,$CLASS1PRODUCT2,$MM1EXCHANGE,$MM1EXECFIRM,C,C,TRUE,TRUE,This is the Strategy order: BA:250
PAUSE,1000
TOPOFBOOKVERIFICATION,$MM1,$SESSION1,$STRATEGY1,0,1,0,00,200,2,9,20,TRUE,TRUE,Comment
STRATEGYORDER,$MM1,$MM1EXCHANGE,$MM1EXECFIRM,QEM,7331,ABC,*,$MM1EXCHANGE,$MM1,200,$STRATEGY1,O,2,9,20,D,21/12/2003 6:00:00.0,1,1,0,00,0,-,-,-,$MM1,$MM1,C,FALSE,C,U,0,-,-,$SESSION1,2,$CLASS1PRODUCT1,$MM1EXCHANGE,$MM1EXECFIRM,C,C,$CLASS1PRODUCT2,$MM1EXCHANGE,$MM1EXECFIRM,C,C,TRUE,TRUE,This is the Strategy order: BA:251
PAUSE,1000
TOPOFBOOKVERIFICATION,$MM1,$SESSION1,$STRATEGY1,0,1,0,00,400,2,9,20,TRUE,TRUE,Comment
PARCOMPLEXORDERTRADEWITHBOOKREQ,$PAR1,$MM1,$MM1EXECFIRM,ABC,LEF,6158,*,*,D,9.10,2,400,400,Y,TRUE,TRUE,Comment
PAUSE,5000
TOPOFBOOKVERIFICATION,$MM1,$SESSION1,$STRATEGY1,0,1,0,00,400,2,9,20,TRUE,TRUE,Comment
TOPOFBOOKVERIFICATION,$MM1,$SESSION1,$CLASS1PRODUCT1,200,2,10,00,200,2,10,20,TRUE,TRUE,Comment
TOPOFBOOKVERIFICATION,$MM1,$SESSION1,$CLASS1PRODUCT2,200,2,1,00,200,2,1,20,TRUE,TRUE,Comment
VERIFYCOMPLEXPARORDER,$PAR1,$MM1,$MM1EXECFIRM,ABC,LEF,6158,*,9.10,D,1,2,Y,Y,N,Y,-,10.00,10.20,400,B,200,200,1,400,1.00,1.20,400,S,200,200,1,400,TRUE,TRUE,Comment
CANCELALLPARORDERS,$PAR1,$MM1,TRUE,TRUE,Comment
CLEARALLPARCALLBACKS,$PAR1
VERIFYCOMPLEXPARORDER,$PAR1,$MM1,$MM1EXECFIRM,ABC,LEF,6158,*,9.10,D,1,2,Y,Y,N,Y,-,10.00,10.20,400,B,200,200,1,400,1.00,1.20,400,S,200,200,1,400,FALSE,TRUE,Comment
ORDERCANCELBYIDNOWAIT,$MM1,$MM1EXCHANGE,$MM1EXECFIRM,NQW,7067,ABC,*,200,$SESSION1,1,TRUE,TRUE,Comment
ORDERCANCELVERIFICATION,$MM1,$MM1EXCHANGE,$MM1EXECFIRM,NQW,7067,ABC,*,$SESSION1,$STRATEGY1,2,200,TRUE,TRUE,Comment
ORDERCANCELBYIDNOWAIT,$MM1,$MM1EXCHANGE,$MM1EXECFIRM,QEM,7331,ABC,*,200,$SESSION1,1,TRUE,TRUE,Comment
ORDERCANCELVERIFICATION,$MM1,$MM1EXCHANGE,$MM1EXECFIRM,QEM,7331,ABC,*,$SESSION1,$STRATEGY1,2,200,TRUE,TRUE,Comment
PAUSE,1000
TOPOFBOOKVERIFICATION,$MM1,$SESSION1,$STRATEGY1,0,1,0,00,0,1,0,00,TRUE,TRUE,Comment

COMMENT, Test Case 18:Resting CUSTOMER Complex Order on TOP of the BOOK in COB at price BETTER than DSM but price of the Complex Order at PAR is NON-MARKETABLE with the CUSTOMER Complex Order in COB
CLEARALLCALLBACKS,$MM1
PRODUCTSTATEQUERY,$SA1,$SESSION1,$CLASS1PRODUCT1,4,TRUE,TRUE,Comment
PRODUCTSTATEQUERY,$SA1,$SESSION1,$CLASS1PRODUCT2,4,TRUE,TRUE,Comment
TOPOFBOOKVERIFICATION,$MM1,$SESSION1,$CLASS1PRODUCT1,200,2,10,00,200,2,10,20,TRUE,TRUE,Comment
TOPOFBOOKVERIFICATION,$MM1,$SESSION1,$CLASS1PRODUCT2,200,2,1,00,200,2,1,20,TRUE,TRUE,Comment
SETPRODUCTSTATEBYPRODUCT,$SA1,$SESSION1,$STRATEGY1,$STRATEGYCLASS1,1,TRUE,TRUE,Comment
PRODUCTSTATEQUERY,$SA1,$SESSION1,$STRATEGY1,1,TRUE,TRUE,Comment
SETPRODUCTSTATEBYPRODUCT,$SA1,$SESSION1,$STRATEGY1,$STRATEGYCLASS1,2,TRUE,TRUE,Comment
PRODUCTSTATEQUERY,$SA1,$SESSION1,$STRATEGY1,2,TRUE,TRUE,Comment
SETPRODUCTSTATEBYPRODUCT,$SA1,$SESSION1,$STRATEGY1,$STRATEGYCLASS1,3,TRUE,TRUE,Comment
PRODUCTSTATEQUERY,$SA1,$SESSION1,$STRATEGY1,3,TRUE,TRUE,Comment
SETPRODUCTSTATEBYPRODUCT,$SA1,$SESSION1,$STRATEGY1,$STRATEGYCLASS1,4,TRUE,TRUE,Comment
PRODUCTSTATEQUERY,$SA1,$SESSION1,$STRATEGY1,4,TRUE,TRUE,Comment
TOPOFBOOKVERIFICATION,$MM1,$SESSION1,$STRATEGY1,0,1,0,00,0,1,0,00,TRUE,TRUE,Comment
STRATEGYORDER,$MM1,$MM1EXCHANGE,$MM1EXECFIRM,JTE,1914,ABC,*,$MM1EXCHANGE,$MM1,400,$STRATEGY1,D,2,-8,90,D,21/12/2003 6:00:00.0,1,1,0,00,0,-,-,BARTID=$WORKSTATION1,$MM1,$MM1,C,FALSE,C,U,0,-,-,$SESSION1,2,$CLASS1PRODUCT1,$MM1EXCHANGE,$MM1EXECFIRM,C,C,$CLASS1PRODUCT2,$MM1EXCHANGE,$MM1EXECFIRM,C,C,TRUE,TRUE,This is the Strategy order: BA:253
PAUSE,10000
VERIFYCOMPLEXPARORDER,$PAR1,$MM1,$MM1EXECFIRM,ABC,JTE,1914,*,8.90,D,1,2,Y,Y,N,Y,-,10.00,10.20,400,B,200,200,1,400,1.00,1.20,400,S,200,200,1,400,TRUE,TRUE,Comment
STRATEGYORDER,$MM1,$MM1EXCHANGE,$MM1EXECFIRM,MMQ,4581,ABC,*,$MM1EXCHANGE,$MM1,200,$STRATEGY1,O,2,9,00,D,21/12/2003 6:00:00.0,1,1,0,00,0,-,-,-,$MM1,$MM1,C,FALSE,C,U,0,-,-,$SESSION1,2,$CLASS1PRODUCT1,$MM1EXCHANGE,$MM1EXECFIRM,C,C,$CLASS1PRODUCT2,$MM1EXCHANGE,$MM1EXECFIRM,C,C,TRUE,TRUE,This is the Strategy order: BA:251
PAUSE,1000
TOPOFBOOKVERIFICATION,$MM1,$SESSION1,$STRATEGY1,0,1,0,00,200,2,9,00,TRUE,TRUE,Comment
PARCOMPLEXORDERTRADEWITHBOOKREQ,$PAR1,$MM1,$MM1EXECFIRM,ABC,JTE,1914,*,*,D,8.90,2,400,400,Y,TRUE,TRUE,Comment
PAUSE,5000
TOPOFBOOKVERIFICATION,$MM1,$SESSION1,$STRATEGY1,0,1,0,00,200,2,9,00,TRUE,TRUE,Comment
TOPOFBOOKVERIFICATION,$MM1,$SESSION1,$CLASS1PRODUCT1,200,2,10,00,200,2,10,20,TRUE,TRUE,Comment
TOPOFBOOKVERIFICATION,$MM1,$SESSION1,$CLASS1PRODUCT2,200,2,1,00,200,2,1,20,TRUE,TRUE,Comment
VERIFYCOMPLEXPARORDER,$PAR1,$MM1,$MM1EXECFIRM,ABC,JTE,1914,*,8.90,D,1,2,Y,Y,N,Y,-,10.00,10.20,400,B,200,200,1,400,1.00,1.20,400,S,200,200,1,400,TRUE,TRUE,Comment
CANCELALLPARORDERS,$PAR1,$MM1,TRUE,TRUE,Comment
CLEARALLPARCALLBACKS,$PAR1
VERIFYCOMPLEXPARORDER,$PAR1,$MM1,$MM1EXECFIRM,ABC,JTE,1914,*,8.90,D,1,2,Y,Y,N,Y,-,10.00,10.20,400,B,200,200,1,400,1.00,1.20,400,S,200,200,1,400,FALSE,TRUE,Comment
ORDERCANCELBYIDNOWAIT,$MM1,$MM1EXCHANGE,$MM1EXECFIRM,MMQ,4581,ABC,*,200,$SESSION1,1,TRUE,TRUE,Comment
ORDERCANCELVERIFICATION,$MM1,$MM1EXCHANGE,$MM1EXECFIRM,MMQ,4581,ABC,*,$SESSION1,$STRATEGY1,2,200,TRUE,TRUE,Comment
PAUSE,1000
TOPOFBOOKVERIFICATION,$MM1,$SESSION1,$STRATEGY1,0,1,0,00,0,1,0,00,TRUE,TRUE,Comment

COMMENT, Test Case 19:Resting CUSTOMER and NON-CUSTOMER Complex Orders on TOP of the BOOK in COB at price BETTER than DSM but price of the Complex Order at PAR is NON-MARKETABLE with the CUSTOMER Complex Order in COB
CLEARALLCALLBACKS,$MM1
PRODUCTSTATEQUERY,$SA1,$SESSION1,$CLASS1PRODUCT1,4,TRUE,TRUE,Comment
PRODUCTSTATEQUERY,$SA1,$SESSION1,$CLASS1PRODUCT2,4,TRUE,TRUE,Comment
TOPOFBOOKVERIFICATION,$MM1,$SESSION1,$CLASS1PRODUCT1,200,2,10,00,200,2,10,20,TRUE,TRUE,Comment
TOPOFBOOKVERIFICATION,$MM1,$SESSION1,$CLASS1PRODUCT2,200,2,1,00,200,2,1,20,TRUE,TRUE,Comment
SETPRODUCTSTATEBYPRODUCT,$SA1,$SESSION1,$STRATEGY1,$STRATEGYCLASS1,1,TRUE,TRUE,Comment
PRODUCTSTATEQUERY,$SA1,$SESSION1,$STRATEGY1,1,TRUE,TRUE,Comment
SETPRODUCTSTATEBYPRODUCT,$SA1,$SESSION1,$STRATEGY1,$STRATEGYCLASS1,2,TRUE,TRUE,Comment
PRODUCTSTATEQUERY,$SA1,$SESSION1,$STRATEGY1,2,TRUE,TRUE,Comment
SETPRODUCTSTATEBYPRODUCT,$SA1,$SESSION1,$STRATEGY1,$STRATEGYCLASS1,3,TRUE,TRUE,Comment
PRODUCTSTATEQUERY,$SA1,$SESSION1,$STRATEGY1,3,TRUE,TRUE,Comment
SETPRODUCTSTATEBYPRODUCT,$SA1,$SESSION1,$STRATEGY1,$STRATEGYCLASS1,4,TRUE,TRUE,Comment
PRODUCTSTATEQUERY,$SA1,$SESSION1,$STRATEGY1,4,TRUE,TRUE,Comment
TOPOFBOOKVERIFICATION,$MM1,$SESSION1,$STRATEGY1,0,1,0,00,0,1,0,00,TRUE,TRUE,Comment
STRATEGYORDER,$MM1,$MM1EXCHANGE,$MM1EXECFIRM,WIN,1661,ABC,*,$MM1EXCHANGE,$MM1,400,$STRATEGY1,D,2,-8,90,D,21/12/2003 6:00:00.0,1,1,0,00,0,-,-,BARTID=$WORKSTATION1,$MM1,$MM1,C,FALSE,C,U,0,-,-,$SESSION1,2,$CLASS1PRODUCT1,$MM1EXCHANGE,$MM1EXECFIRM,C,C,$CLASS1PRODUCT2,$MM1EXCHANGE,$MM1EXECFIRM,C,C,TRUE,TRUE,This is the Strategy order: BA:253
PAUSE,10000
VERIFYCOMPLEXPARORDER,$PAR1,$MM1,$MM1EXECFIRM,ABC,WIN,1661,*,8.90,D,1,2,Y,Y,N,Y,-,10.00,10.20,400,B,200,200,1,400,1.00,1.20,400,S,200,200,1,400,TRUE,TRUE,Comment
STRATEGYORDER,$MM1,$MM1EXCHANGE,$MM1EXECFIRM,FPY,6820,ABC,*,$MM1EXCHANGE,$MM1,200,$STRATEGY1,O,2,9,00,D,21/12/2003 6:00:00.0,1,1,0,00,0,-,-,-,$MM1,$MM1,C,FALSE,E,U,0,-,-,$SESSION1,2,$CLASS1PRODUCT1,$MM1EXCHANGE,$MM1EXECFIRM,C,C,$CLASS1PRODUCT2,$MM1EXCHANGE,$MM1EXECFIRM,C,C,TRUE,TRUE,This is the Strategy order: BA:250
PAUSE,1000
TOPOFBOOKVERIFICATION,$MM1,$SESSION1,$STRATEGY1,0,1,0,00,200,2,9,00,TRUE,TRUE,Comment
STRATEGYORDER,$MM1,$MM1EXCHANGE,$MM1EXECFIRM,UYR,5569,ABC,*,$MM1EXCHANGE,$MM1,200,$STRATEGY1,O,2,9,00,D,21/12/2003 6:00:00.0,1,1,0,00,0,-,-,-,$MM1,$MM1,C,FALSE,C,U,0,-,-,$SESSION1,2,$CLASS1PRODUCT1,$MM1EXCHANGE,$MM1EXECFIRM,C,C,$CLASS1PRODUCT2,$MM1EXCHANGE,$MM1EXECFIRM,C,C,TRUE,TRUE,This is the Strategy order: BA:251
PAUSE,1000
TOPOFBOOKVERIFICATION,$MM1,$SESSION1,$STRATEGY1,0,1,0,00,400,2,9,00,TRUE,TRUE,Comment
PARCOMPLEXORDERTRADEWITHBOOKREQ,$PAR1,$MM1,$MM1EXECFIRM,ABC,WIN,1661,*,*,D,8.90,2,400,400,Y,TRUE,TRUE,Comment
PAUSE,5000
TOPOFBOOKVERIFICATION,$MM1,$SESSION1,$STRATEGY1,0,1,0,00,400,2,9,00,TRUE,TRUE,Comment
TOPOFBOOKVERIFICATION,$MM1,$SESSION1,$CLASS1PRODUCT1,200,2,10,00,200,2,10,20,TRUE,TRUE,Comment
TOPOFBOOKVERIFICATION,$MM1,$SESSION1,$CLASS1PRODUCT2,200,2,1,00,200,2,1,20,TRUE,TRUE,Comment
VERIFYCOMPLEXPARORDER,$PAR1,$MM1,$MM1EXECFIRM,ABC,WIN,1661,*,8.90,D,1,2,Y,Y,N,Y,-,10.00,10.20,400,B,200,200,1,400,1.00,1.20,400,S,200,200,1,400,TRUE,TRUE,Comment
CANCELALLPARORDERS,$PAR1,$MM1,TRUE,TRUE,Comment
CLEARALLPARCALLBACKS,$PAR1
VERIFYCOMPLEXPARORDER,$PAR1,$MM1,$MM1EXECFIRM,ABC,WIN,1661,*,8.90,D,1,2,Y,Y,N,Y,-,10.00,10.20,400,B,200,200,1,400,1.00,1.20,400,S,200,200,1,400,FALSE,TRUE,Comment
ORDERCANCELBYIDNOWAIT,$MM1,$MM1EXCHANGE,$MM1EXECFIRM,FPY,6820,ABC,*,200,$SESSION1,1,TRUE,TRUE,Comment
ORDERCANCELVERIFICATION,$MM1,$MM1EXCHANGE,$MM1EXECFIRM,FPY,6820,ABC,*,$SESSION1,$STRATEGY1,2,200,TRUE,TRUE,Comment
ORDERCANCELBYIDNOWAIT,$MM1,$MM1EXCHANGE,$MM1EXECFIRM,UYR,5569,ABC,*,200,$SESSION1,1,TRUE,TRUE,Comment
ORDERCANCELVERIFICATION,$MM1,$MM1EXCHANGE,$MM1EXECFIRM,UYR,5569,ABC,*,$SESSION1,$STRATEGY1,2,200,TRUE,TRUE,Comment
PAUSE,1000
TOPOFBOOKVERIFICATION,$MM1,$SESSION1,$STRATEGY1,0,1,0,00,0,1,0,00,TRUE,TRUE,Comment

COMMENT, Test Case 20:CONDITION:NON-CUSTOMER Complex Order is on TOP of the COB. CONDITION:CUSTOMER Complex Order at price EQUAL to DSM. CONDITION:Inbound Complex Order from PAR is marketable only with the NON-CUSTOMER Complex Order
CLEARALLCALLBACKS,$MM1
PRODUCTSTATEQUERY,$SA1,$SESSION1,$CLASS1PRODUCT1,4,TRUE,TRUE,Comment
PRODUCTSTATEQUERY,$SA1,$SESSION1,$CLASS1PRODUCT2,4,TRUE,TRUE,Comment
TOPOFBOOKVERIFICATION,$MM1,$SESSION1,$CLASS1PRODUCT1,200,2,10,00,200,2,10,20,TRUE,TRUE,Comment
TOPOFBOOKVERIFICATION,$MM1,$SESSION1,$CLASS1PRODUCT2,200,2,1,00,200,2,1,20,TRUE,TRUE,Comment
SETPRODUCTSTATEBYPRODUCT,$SA1,$SESSION1,$STRATEGY1,$STRATEGYCLASS1,1,TRUE,TRUE,Comment
PRODUCTSTATEQUERY,$SA1,$SESSION1,$STRATEGY1,1,TRUE,TRUE,Comment
SETPRODUCTSTATEBYPRODUCT,$SA1,$SESSION1,$STRATEGY1,$STRATEGYCLASS1,2,TRUE,TRUE,Comment
PRODUCTSTATEQUERY,$SA1,$SESSION1,$STRATEGY1,2,TRUE,TRUE,Comment
SETPRODUCTSTATEBYPRODUCT,$SA1,$SESSION1,$STRATEGY1,$STRATEGYCLASS1,3,TRUE,TRUE,Comment
PRODUCTSTATEQUERY,$SA1,$SESSION1,$STRATEGY1,3,TRUE,TRUE,Comment
SETPRODUCTSTATEBYPRODUCT,$SA1,$SESSION1,$STRATEGY1,$STRATEGYCLASS1,4,TRUE,TRUE,Comment
PRODUCTSTATEQUERY,$SA1,$SESSION1,$STRATEGY1,4,TRUE,TRUE,Comment
TOPOFBOOKVERIFICATION,$MM1,$SESSION1,$STRATEGY1,0,1,0,00,0,1,0,00,TRUE,TRUE,Comment
STRATEGYORDER,$MM1,$MM1EXCHANGE,$MM1EXECFIRM,ONN,5329,ABC,*,$MM1EXCHANGE,$MM1,400,$STRATEGY1,D,2,-9,10,D,21/12/2003 6:00:00.0,1,1,0,00,0,-,-,BARTID=$WORKSTATION1,$MM1,$MM1,C,FALSE,C,U,0,-,-,$SESSION1,2,$CLASS1PRODUCT1,$MM1EXCHANGE,$MM1EXECFIRM,C,C,$CLASS1PRODUCT2,$MM1EXCHANGE,$MM1EXECFIRM,C,C,TRUE,TRUE,This is the Strategy order: BA:253
PAUSE,10000
VERIFYCOMPLEXPARORDER,$PAR1,$MM1,$MM1EXECFIRM,ABC,ONN,5329,*,9.10,D,1,2,Y,Y,N,Y,-,10.00,10.20,400,B,200,200,1,400,1.00,1.20,400,S,200,200,1,400,TRUE,TRUE,Comment
STRATEGYORDER,$MM1,$MM1EXCHANGE,$MM1EXECFIRM,OXP,7989,ABC,*,$MM1EXCHANGE,$MM1,200,$STRATEGY1,O,2,9,10,D,21/12/2003 6:00:00.0,1,1,0,00,0,-,-,-,$MM1,$MM1,C,FALSE,E,U,0,-,-,$SESSION1,2,$CLASS1PRODUCT1,$MM1EXCHANGE,$MM1EXECFIRM,C,C,$CLASS1PRODUCT2,$MM1EXCHANGE,$MM1EXECFIRM,C,C,TRUE,TRUE,This is the Strategy order: BA:250
PAUSE,1000
TOPOFBOOKVERIFICATION,$MM1,$SESSION1,$STRATEGY1,0,1,0,00,200,2,9,10,TRUE,TRUE,Comment
STRATEGYORDER,$MM1,$MM1EXCHANGE,$MM1EXECFIRM,QCS,7135,ABC,*,$MM1EXCHANGE,$MM1,200,$STRATEGY1,O,2,9,20,D,21/12/2003 6:00:00.0,1,1,0,00,0,-,-,-,$MM1,$MM1,C,FALSE,C,U,0,-,-,$SESSION1,2,$CLASS1PRODUCT1,$MM1EXCHANGE,$MM1EXECFIRM,C,C,$CLASS1PRODUCT2,$MM1EXCHANGE,$MM1EXECFIRM,C,C,TRUE,TRUE,This is the Strategy order: BA:251
PAUSE,1000
TOPOFBOOKVERIFICATION,$MM1,$SESSION1,$STRATEGY1,0,1,0,00,200,2,9,10,TRUE,TRUE,Comment
PARCOMPLEXORDERTRADEWITHBOOKREQ,$PAR1,$MM1,$MM1EXECFIRM,ABC,ONN,5329,*,*,D,9.10,2,400,400,Y,TRUE,TRUE,Comment
PAUSE,5000
TOPOFBOOKVERIFICATION,$MM1,$SESSION1,$STRATEGY1,0,1,0,00,200,2,9,10,TRUE,TRUE,Comment
TOPOFBOOKVERIFICATION,$MM1,$SESSION1,$CLASS1PRODUCT1,200,2,10,00,200,2,10,20,TRUE,TRUE,Comment
TOPOFBOOKVERIFICATION,$MM1,$SESSION1,$CLASS1PRODUCT2,200,2,1,00,200,2,1,20,TRUE,TRUE,Comment
VERIFYCOMPLEXPARORDER,$PAR1,$MM1,$MM1EXECFIRM,ABC,ONN,5329,*,9.10,D,1,2,Y,Y,N,Y,-,10.00,10.20,400,B,200,200,1,400,1.00,1.20,400,S,200,200,1,400,TRUE,TRUE,Comment
CANCELALLPARORDERS,$PAR1,$MM1,TRUE,TRUE,Comment
CLEARALLPARCALLBACKS,$PAR1
VERIFYCOMPLEXPARORDER,$PAR1,$MM1,$MM1EXECFIRM,ABC,ONN,5329,*,9.10,D,1,2,Y,Y,N,Y,-,10.00,10.20,400,B,200,200,1,400,1.00,1.20,400,S,200,200,1,400,FALSE,TRUE,Comment
ORDERCANCELBYIDNOWAIT,$MM1,$MM1EXCHANGE,$MM1EXECFIRM,OXP,7989,ABC,*,200,$SESSION1,1,TRUE,TRUE,Comment
ORDERCANCELVERIFICATION,$MM1,$MM1EXCHANGE,$MM1EXECFIRM,OXP,7989,ABC,*,$SESSION1,$STRATEGY1,2,200,TRUE,TRUE,Comment
ORDERCANCELBYIDNOWAIT,$MM1,$MM1EXCHANGE,$MM1EXECFIRM,QCS,7135,ABC,*,200,$SESSION1,1,TRUE,TRUE,Comment
ORDERCANCELVERIFICATION,$MM1,$MM1EXCHANGE,$MM1EXECFIRM,QCS,7135,ABC,*,$SESSION1,$STRATEGY1,2,200,TRUE,TRUE,Comment
PAUSE,1000
TOPOFBOOKVERIFICATION,$MM1,$SESSION1,$STRATEGY1,0,1,0,00,0,1,0,00,TRUE,TRUE,Comment

COMMENT, Test Case 21:CONDITION:NON-CUSTOMER Complex Order is on TOP of the COB. CONDITION:CUSTOMER Complex Order at price BETTER than DSM. CONDITION:Inbound Complex Order from PAR is marketable only with the NON-CUSTOMER Complex Order
CLEARALLCALLBACKS,$MM1
PRODUCTSTATEQUERY,$SA1,$SESSION1,$CLASS1PRODUCT1,4,TRUE,TRUE,Comment
PRODUCTSTATEQUERY,$SA1,$SESSION1,$CLASS1PRODUCT2,4,TRUE,TRUE,Comment
TOPOFBOOKVERIFICATION,$MM1,$SESSION1,$CLASS1PRODUCT1,200,2,10,00,200,2,10,20,TRUE,TRUE,Comment
TOPOFBOOKVERIFICATION,$MM1,$SESSION1,$CLASS1PRODUCT2,200,2,1,00,200,2,1,20,TRUE,TRUE,Comment
SETPRODUCTSTATEBYPRODUCT,$SA1,$SESSION1,$STRATEGY1,$STRATEGYCLASS1,1,TRUE,TRUE,Comment
PRODUCTSTATEQUERY,$SA1,$SESSION1,$STRATEGY1,1,TRUE,TRUE,Comment
SETPRODUCTSTATEBYPRODUCT,$SA1,$SESSION1,$STRATEGY1,$STRATEGYCLASS1,2,TRUE,TRUE,Comment
PRODUCTSTATEQUERY,$SA1,$SESSION1,$STRATEGY1,2,TRUE,TRUE,Comment
SETPRODUCTSTATEBYPRODUCT,$SA1,$SESSION1,$STRATEGY1,$STRATEGYCLASS1,3,TRUE,TRUE,Comment
PRODUCTSTATEQUERY,$SA1,$SESSION1,$STRATEGY1,3,TRUE,TRUE,Comment
SETPRODUCTSTATEBYPRODUCT,$SA1,$SESSION1,$STRATEGY1,$STRATEGYCLASS1,4,TRUE,TRUE,Comment
PRODUCTSTATEQUERY,$SA1,$SESSION1,$STRATEGY1,4,TRUE,TRUE,Comment
TOPOFBOOKVERIFICATION,$MM1,$SESSION1,$STRATEGY1,0,1,0,00,0,1,0,00,TRUE,TRUE,Comment
STRATEGYORDER,$MM1,$MM1EXCHANGE,$MM1EXECFIRM,KTM,1349,ABC,*,$MM1EXCHANGE,$MM1,400,$STRATEGY1,D,2,-9,00,D,21/12/2003 6:00:00.0,1,1,0,00,0,-,-,BARTID=$WORKSTATION1,$MM1,$MM1,C,FALSE,C,U,0,-,-,$SESSION1,2,$CLASS1PRODUCT1,$MM1EXCHANGE,$MM1EXECFIRM,C,C,$CLASS1PRODUCT2,$MM1EXCHANGE,$MM1EXECFIRM,C,C,TRUE,TRUE,This is the Strategy order: BA:253
PAUSE,10000
VERIFYCOMPLEXPARORDER,$PAR1,$MM1,$MM1EXECFIRM,ABC,KTM,1349,*,9.00,D,1,2,Y,Y,N,Y,-,10.00,10.20,400,B,200,200,1,400,1.00,1.20,400,S,200,200,1,400,TRUE,TRUE,Comment
STRATEGYORDER,$MM1,$MM1EXCHANGE,$MM1EXECFIRM,XHE,8358,ABC,*,$MM1EXCHANGE,$MM1,200,$STRATEGY1,O,2,9,00,D,21/12/2003 6:00:00.0,1,1,0,00,0,-,-,-,$MM1,$MM1,C,FALSE,E,U,0,-,-,$SESSION1,2,$CLASS1PRODUCT1,$MM1EXCHANGE,$MM1EXECFIRM,C,C,$CLASS1PRODUCT2,$MM1EXCHANGE,$MM1EXECFIRM,C,C,TRUE,TRUE,This is the Strategy order: BA:250
PAUSE,1000
TOPOFBOOKVERIFICATION,$MM1,$SESSION1,$STRATEGY1,0,1,0,00,200,2,9,00,TRUE,TRUE,Comment
STRATEGYORDER,$MM1,$MM1EXCHANGE,$MM1EXECFIRM,TDY,2169,ABC,*,$MM1EXCHANGE,$MM1,200,$STRATEGY1,O,2,9,10,D,21/12/2003 6:00:00.0,1,1,0,00,0,-,-,-,$MM1,$MM1,C,FALSE,C,U,0,-,-,$SESSION1,2,$CLASS1PRODUCT1,$MM1EXCHANGE,$MM1EXECFIRM,C,C,$CLASS1PRODUCT2,$MM1EXCHANGE,$MM1EXECFIRM,C,C,TRUE,TRUE,This is the Strategy order: BA:251
PAUSE,1000
TOPOFBOOKVERIFICATION,$MM1,$SESSION1,$STRATEGY1,0,1,0,00,200,2,9,00,TRUE,TRUE,Comment
PARCOMPLEXORDERTRADEWITHBOOKREQ,$PAR1,$MM1,$MM1EXECFIRM,ABC,KTM,1349,*,*,D,9.00,2,400,400,Y,TRUE,TRUE,Comment
PAUSE,5000
TOPOFBOOKVERIFICATION,$MM1,$SESSION1,$STRATEGY1,0,1,0,00,200,2,9,00,TRUE,TRUE,Comment
TOPOFBOOKVERIFICATION,$MM1,$SESSION1,$CLASS1PRODUCT1,200,2,10,00,200,2,10,20,TRUE,TRUE,Comment
TOPOFBOOKVERIFICATION,$MM1,$SESSION1,$CLASS1PRODUCT2,200,2,1,00,200,2,1,20,TRUE,TRUE,Comment
VERIFYCOMPLEXPARORDER,$PAR1,$MM1,$MM1EXECFIRM,ABC,KTM,1349,*,9.00,D,1,2,Y,Y,N,Y,-,10.00,10.20,400,B,200,200,1,400,1.00,1.20,400,S,200,200,1,400,TRUE,TRUE,Comment
MANUALQUOTECANCEL,$WORKSTATION1,$PAR1,$MM2,$CLASS1PRODUCT1,Y,S,100,10.20,$SA1,TRUE,TRUE,Comment
MANUALQUOTECANCEL,$WORKSTATION1,$PAR1,$MM2,$CLASS1PRODUCT2,Y,B,100,10.00,$SA1,TRUE,TRUE,Comment
MANUALQUOTECANCEL,$WORKSTATION1,$PAR1,$MM2,$CLASS1PRODUCT1,Y,B,100,1.00,$SA1,TRUE,TRUE,Comment
MANUALQUOTECANCEL,$WORKSTATION1,$PAR1,$MM2,$CLASS1PRODUCT2,Y,S,100,1.20,$SA1,TRUE,TRUE,Comment
QUOTECANCEL,$MM1,$SESSION1,$CLASS1PRODUCT1,2,TRUE,TRUE,Comment
QUOTECANCELVERIFICATION,$MM1,$SESSION1,$CLASS1PRODUCT1,2,TRUE,TRUE,Comment
QUOTECANCEL,$MM1,$SESSION1,$CLASS1PRODUCT2,2,TRUE,TRUE,Comment
QUOTECANCELVERIFICATION,$MM1,$SESSION1,$CLASS1PRODUCT2,2,TRUE,TRUE,Comment
CANCELALLPARORDERS,$PAR1,$MM1,TRUE,TRUE,Comment
CLEARALLPARCALLBACKS,$PAR1
VERIFYCOMPLEXPARORDER,$PAR1,$MM1,$MM1EXECFIRM,ABC,KTM,1349,*,9.00,D,1,2,Y,Y,N,Y,-,10.00,10.20,400,B,200,200,1,400,1.00,1.20,400,S,200,200,1,400,FALSE,TRUE,Comment
ORDERCANCELBYIDNOWAIT,$MM1,$MM1EXCHANGE,$MM1EXECFIRM,XHE,8358,ABC,*,200,$SESSION1,1,TRUE,TRUE,Comment
ORDERCANCELVERIFICATION,$MM1,$MM1EXCHANGE,$MM1EXECFIRM,XHE,8358,ABC,*,$SESSION1,$STRATEGY1,2,200,TRUE,TRUE,Comment
ORDERCANCELBYIDNOWAIT,$MM1,$MM1EXCHANGE,$MM1EXECFIRM,TDY,2169,ABC,*,200,$SESSION1,1,TRUE,TRUE,Comment
ORDERCANCELVERIFICATION,$MM1,$MM1EXCHANGE,$MM1EXECFIRM,TDY,2169,ABC,*,$SESSION1,$STRATEGY1,2,200,TRUE,TRUE,Comment
PAUSE,1000
TOPOFBOOKVERIFICATION,$MM1,$SESSION1,$STRATEGY1,0,1,0,00,0,1,0,00,TRUE,TRUE,Comment
PARLOGOUT,$PAR1,TRUE,TRUE,Comment


COMMENT, Test Case:Cleaning Up Task
TRADERLOGOUT,$MM2,TRUE,TRUE,Comment
TRADERLOGOUT,$MM1,TRUE,TRUE,Comment

SALOGOUT,$SA1,TRUE,TRUE,Comment
ENDPOINT,
PRINTOUTPUTSUMMARY,