TESTSUITENAME,C2_MATCHING_ALGORITHM for COMPLEX_AIM_PART_2A WR 6687_ Test Plan
PRINTOUTPUTHEADING,
STARTPOINT,
SALOGIN,$SA1,$SA1,TRUE,TRUE,Comment


COMMENT, Test Cases:10

COMMENT, Test Environment Setup
SELECTCLASSESANDPRODUCTS,$SA1,$SESSION1,7,1,CLASS,2,PRODUCT,$HYBRIDCLASSLIST1,TRUE,TRUE,Comment
VERIFYSESSIONSTATE,$SA1,$SESSION1,2,TRUE,TRUE,Comment

COMMENT, User Setup
CREATEUSER,$SA1,$MM1,$MM1EXCHANGE,$MM1EXECFIRM,M,1,Automated API $MM1 User,FALSE,TRUE,TRUE,New User for Clearing Firm "939" and Exchange "CBOE2" !
VERIFYUSEREXISTENCE,$SA1,$MM1EXCHANGE,$MM1,M,TRUE,TRUE,TRUE,Comment
CREATEUSER,$SA1,$MM2,$MM2EXCHANGE,$MM2EXECFIRM,M,1,Automated API $MM2 User,FALSE,TRUE,TRUE,New User for Clearing Firm "939" and Exchange "CBOE2" !
VERIFYUSEREXISTENCE,$SA1,$MM2EXCHANGE,$MM2,M,TRUE,TRUE,TRUE,Comment
CREATEUSER,$SA1,$MM3,$MM3EXCHANGE,$MM3EXECFIRM,M,1,Automated API $MM3 User,FALSE,TRUE,TRUE,New User for Clearing Firm "939" and Exchange "CBOE2" !
VERIFYUSEREXISTENCE,$SA1,$MM3EXCHANGE,$MM3,M,TRUE,TRUE,TRUE,Comment
CREATEUSER,$SA1,$MM4,$MM4EXCHANGE,$MM4EXECFIRM,M,1,Automated API $MM4 User,FALSE,TRUE,TRUE,New User for Clearing Firm "939" and Exchange "CBOE2" !
VERIFYUSEREXISTENCE,$SA1,$MM4EXCHANGE,$MM4,M,TRUE,TRUE,TRUE,Comment
TRADERLOGIN,$MM1,$MM1,$CASANDPORT,TRUE,TRUE,Comment
TRADERLOGIN,$MM2,$MM2,$CASANDPORT,TRUE,TRUE,Comment
TRADERLOGIN,$MM3,$MM3,$CASANDPORT,TRUE,TRUE,Comment
TRADERLOGIN,$MM4,$MM4,$CASANDPORT,TRUE,TRUE,Comment

STRATEGYCREATE,$MM1,$SESSION1,$CLASS1,$STRATEGY1,2,$CLASS1PRODUCT1,1,B,$CLASS1PRODUCT2,1,S,TRUE,TRUE,Comment

COMMENT, Trading Property Setup
SETAUCTIONENABLED,$SA1,$SESSION1,$STRATEGYCLASS1,2:true;1:true,TRUE,TRUE,Comment
PAUSE,2000
VERIFYAUCTIONENABLED,$SA1,$SESSION1,$STRATEGYCLASS1,2:true;1:true,TRUE,TRUE,Comment
SETAUCTIONTIMETOLIVE,$SA1,$SESSION1,$STRATEGYCLASS1,1:15000-15000;2:15000-15000,TRUE,TRUE,Comment
PAUSE,2000
VERIFYAUCTIONTIMETOLIVE,$SA1,$SESSION1,$STRATEGYCLASS1,1:15000-15000;2:15000-15000,TRUE,TRUE,Comment
SETALLOWMARKETORDER,$SA1,$SESSION1,$STRATEGYCLASS1,TRUE,TRUE,TRUE,Comment
PAUSE,2000
VERIFYALLOWMARKETORDER,$SA1,$SESSION1,$STRATEGYCLASS1,TRUE,TRUE,TRUE,Comment
SETAUCTIONMINQUOTERS,$SA1,$SESSION1,$STRATEGYCLASS1,1:1;2:1,TRUE,TRUE,Comment
PAUSE,2000
VERIFYAUCTIONMINQUOTERS,$SA1,$SESSION1,$STRATEGYCLASS1,1:1;2:1,TRUE,TRUE,Comment
SETAUCTIONMINMAXORDERSIZE,$SA1,$SESSION1,$STRATEGYCLASS1,1:1-99999;2:1-99999,TRUE,TRUE,Comment
PAUSE,2000
VERIFYAUCTIONMINMAXORDERSIZE,$SA1,$SESSION1,$STRATEGYCLASS1,1:1-99999;2:1-99999,TRUE,TRUE,Comment
SETAUCTIONRECEIVERTYPES,$SA1,$SESSION1,$STRATEGYCLASS1,2:1,TRUE,TRUE,Comment
PAUSE,2000
VERIFYAUCTIONRECEIVERTYPES,$SA1,$SESSION1,$STRATEGYCLASS1,2:1,TRUE,TRUE,Comment
SETEXCHANGEPRESCRIBEDWIDTH,$SA1,$SESSION1,$STRATEGYCLASS1,0.0-3.0:0.5;3.0-10:1.0;10-99999:2.0,TRUE,TRUE,Comment
PAUSE,2000
VERIFYEXCHANGEPRESCRIBEDWIDTH,$SA1,$SESSION1,$STRATEGYCLASS1,0.0-3.0:0.5;3.0-10:1.0;10-99999:2.0,TRUE,TRUE,Comment
SETAUCTIONENABLED,$SA1,$SESSION1,$CLASS1,-8:false;5:false,TRUE,TRUE,Comment
PAUSE,2000
VERIFYAUCTIONENABLED,$SA1,$SESSION1,$CLASS1,-8:false;5:false,TRUE,TRUE,Comment
SETTICKSAWAYFORRECOA,$SA1,$SESSION1,$STRATEGYCLASS1,0,TRUE,TRUE,Comment
PAUSE,2000
VERIFYTICKSAWAYFORRECOA,$SA1,$SESSION1,$STRATEGYCLASS1,0,TRUE,TRUE,Comment
SETNUMBEROFATTEMPTSFORRECOA,$SA1,$SESSION1,$STRATEGYCLASS1,0,TRUE,TRUE,Comment
PAUSE,2000
VERIFYNUMBEROFATTEMPTSFORRECOA,$SA1,$SESSION1,$STRATEGYCLASS1,0,TRUE,TRUE,Comment
SETAUCTIONMINORDERSIZEFORTICKSABOVENBBO,$SA1,$SESSION1,$STRATEGYCLASS1,1:50-1,TRUE,TRUE,Comment
PAUSE,2000
VERIFYAUCTIONMINORDERSIZEFORTICKSABOVENBBO,$SA1,$SESSION1,$STRATEGYCLASS1,1:50-1,TRUE,TRUE,Comment
SETAUCTIONORDERTICKSAWAYFROMNBBO,$SA1,$SESSION1,$STRATEGYCLASS1,2:0;1:0,TRUE,TRUE,Comment
PAUSE,2000
VERIFYAUCTIONORDERTICKSAWAYFROMNBBO,$SA1,$SESSION1,$STRATEGYCLASS1,2:0;1:0,TRUE,TRUE,Comment
SETAUCTIONMINPRICEINCREMENT,$SA1,$SESSION1,$STRATEGYCLASS1,1:0,TRUE,TRUE,Comment
PAUSE,2000
VERIFYAUCTIONMINPRICEINCREMENT,$SA1,$SESSION1,$STRATEGYCLASS1,1:0,TRUE,TRUE,Comment
SETALLOCATIONSTRATEGIES,$SA1,$SESSION1,$STRATEGYCLASS1,5=1;4;30 6=1;4,TRUE,TRUE,Comment
PAUSE,2000
VERIFYALLOCATIONSTRATEGIES,$SA1,$SESSION1,$STRATEGYCLASS1,5=1;4;30 6=1;4,TRUE,TRUE,Comment
PAUSE,2000
REFRESHALLOCATIONSTRATEGYFORCLASS,$SA1,$SESSION1,$STRATEGYCLASS1,TRUE,TRUE,Comment
SETINTERNALIZATIONGUARANTEEDPERCENTAGE,$SA1,$SESSION1,$STRATEGYCLASS1,1:0-1:1.0;1:1-2:0.5;1:2-99999:0.4,TRUE,TRUE,Comment
PAUSE,2000
VERIFYINTERNALIZATIONGUARANTEEDPERCENTAGE,$SA1,$SESSION1,$STRATEGYCLASS1,1:0-1:1.0;1:1-2:0.5;1:2-99999:0.4,TRUE,TRUE,Comment

COMMENT, Routing Property Setup

COMMENT, Pre-Test Settings
SUBSCRIBECURRENTMARKET,$MM1,$SESSION1,$CLASS1,$CLASS1PRODUCT1,TRUE,TRUE,Comment
SUBSCRIBECURRENTMARKET,$MM1,$SESSION1,$CLASS1,$CLASS1PRODUCT2,TRUE,TRUE,Comment
SUBSCRIBEAUCTION,$MM1,$SESSION1,$STRATEGYCLASS1,2,TRUE,TRUE,Comment
SUBSCRIBERECAP,$MM1,$SESSION1,$STRATEGY1,TRUE,TRUE,Comment
SUBSCRIBEAUCTION,$MM1,$SESSION1,$STRATEGYCLASS1,1,TRUE,TRUE,Comment

COMMENT, Test Case 1:CONDITION:All responses are at the SAME price point. CONDITION:Internationalization Guaranteed Percentage 40% for MO when there are 2 or more responses. CONDITION:All RFPs are NON-CUSTOMERS. CONDITION:Inbound Complex Order as an auction response BROKER DEALER
CLEARALLCALLBACKS,$MM1
SETPRODUCTSTATEBYPRODUCT,$SA1,$SESSION1,$CLASS1PRODUCT1,$CLASS1,1,TRUE,TRUE,Comment
PRODUCTSTATEQUERY,$SA1,$SESSION1,$CLASS1PRODUCT1,1,TRUE,TRUE,Comment
SETPRODUCTSTATEBYPRODUCT,$SA1,$SESSION1,$CLASS1PRODUCT2,$CLASS1,1,TRUE,TRUE,Comment
PRODUCTSTATEQUERY,$SA1,$SESSION1,$CLASS1PRODUCT2,1,TRUE,TRUE,Comment
SETPRODUCTSTATEBYPRODUCT,$SA1,$SESSION1,$CLASS1PRODUCT1,$CLASS1,2,TRUE,TRUE,Comment
PRODUCTSTATEQUERY,$SA1,$SESSION1,$CLASS1PRODUCT1,2,TRUE,TRUE,Comment
SETPRODUCTSTATEBYPRODUCT,$SA1,$SESSION1,$CLASS1PRODUCT2,$CLASS1,2,TRUE,TRUE,Comment
PRODUCTSTATEQUERY,$SA1,$SESSION1,$CLASS1PRODUCT2,2,TRUE,TRUE,Comment
SETPRODUCTSTATEBYPRODUCT,$SA1,$SESSION1,$CLASS1PRODUCT1,$CLASS1,3,TRUE,TRUE,Comment
PRODUCTSTATEQUERY,$SA1,$SESSION1,$CLASS1PRODUCT1,3,TRUE,TRUE,Comment
SETPRODUCTSTATEBYPRODUCT,$SA1,$SESSION1,$CLASS1PRODUCT2,$CLASS1,3,TRUE,TRUE,Comment
PRODUCTSTATEQUERY,$SA1,$SESSION1,$CLASS1PRODUCT2,3,TRUE,TRUE,Comment
SETPRODUCTSTATEBYPRODUCT,$SA1,$SESSION1,$CLASS1PRODUCT1,$CLASS1,4,TRUE,TRUE,Comment
PRODUCTSTATEQUERY,$SA1,$SESSION1,$CLASS1PRODUCT1,4,TRUE,TRUE,Comment
SETPRODUCTSTATEBYPRODUCT,$SA1,$SESSION1,$CLASS1PRODUCT2,$CLASS1,4,TRUE,TRUE,Comment
PRODUCTSTATEQUERY,$SA1,$SESSION1,$CLASS1PRODUCT2,4,TRUE,TRUE,Comment
TOPOFBOOKVERIFICATION,$MM1,$SESSION1,$CLASS1PRODUCT1,0,1,0,00,0,1,0,00,TRUE,TRUE,Comment
TOPOFBOOKVERIFICATION,$MM1,$SESSION1,$CLASS1PRODUCT2,0,1,0,00,0,1,0,00,TRUE,TRUE,Comment
QUOTE,$MM1,2,10,00,100,2,10,20,100,$CLASS1PRODUCT1,$SESSION1,User Assigned Id..,TRUE,TRUE,Comment
PAUSE,1000
CURRENTMARKETV4BESTMARKETQUERY,$MM1,CBOE2,$CLASS1PRODUCT1,100,2,10,00,100,2,10,20,TRUE,TRUE,Comment
QUOTE,$MM1,2,1,00,100,2,1,20,100,$CLASS1PRODUCT2,$SESSION1,User Assigned Id..,TRUE,TRUE,Comment
PAUSE,1000
CURRENTMARKETV4BESTMARKETQUERY,$MM1,CBOE2,$CLASS1PRODUCT2,100,2,1,00,100,2,1,20,TRUE,TRUE,Comment
SETPRODUCTSTATEBYPRODUCT,$SA1,$SESSION1,$STRATEGY1,$STRATEGYCLASS1,1,TRUE,TRUE,Comment
PRODUCTSTATEQUERY,$SA1,$SESSION1,$STRATEGY1,1,TRUE,TRUE,Comment
SETPRODUCTSTATEBYPRODUCT,$SA1,$SESSION1,$STRATEGY1,$STRATEGYCLASS1,2,TRUE,TRUE,Comment
PRODUCTSTATEQUERY,$SA1,$SESSION1,$STRATEGY1,2,TRUE,TRUE,Comment
SETPRODUCTSTATEBYPRODUCT,$SA1,$SESSION1,$STRATEGY1,$STRATEGYCLASS1,3,TRUE,TRUE,Comment
PRODUCTSTATEQUERY,$SA1,$SESSION1,$STRATEGY1,3,TRUE,TRUE,Comment
SETPRODUCTSTATEBYPRODUCT,$SA1,$SESSION1,$STRATEGY1,$STRATEGYCLASS1,4,TRUE,TRUE,Comment
PRODUCTSTATEQUERY,$SA1,$SESSION1,$STRATEGY1,4,TRUE,TRUE,Comment
PAUSE,1000
TOPOFBOOKVERIFICATION,$MM1,$SESSION1,$STRATEGY1,0,1,0,00,0,1,0,00,TRUE,TRUE,Comment
INTERNALIZEDSTRATEGYORDER,$MM1,2,$MM1EXCHANGE,$MM1EXECFIRM,ZSN,5717,ABC,*,$MM1EXCHANGE,$MM1,300,$STRATEGY1,D,2,-9,20,D,21/12/2003 6:00:00.0,1,1,0,00,0,-,-,-,$MM1,$MM1,C,FALSE,C,U,0,-,-,$SESSION1,$MM1EXCHANGE,$MM1EXECFIRM,ZSN,57171,ABC,*,$MM1EXCHANGE,$MM1,300,$STRATEGY1,O,2,9,19,D,21/12/2003 6:00:00.0,1,1,0,00,0,-,-,-,$MM1,$MM1,C,FALSE,F,U,0,-,-,$SESSION1,2,$CLASS1PRODUCT1,$MM1EXCHANGE,$MM1EXECFIRM,C,C,$CLASS1PRODUCT2,$MM1EXCHANGE,$MM1EXECFIRM,C,C,TRUE,TRUE,Comment
PAUSE,1000
RFPQUERY,$MM1,$SESSION1,$STRATEGY1,$AUCTION126,D,300,1,0,00,TRUE,TRUE,Comment
STRATEGYORDER,$MM2,$MM2EXCHANGE,$MM2EXECFIRM,TEU,7414,ABC,*,$MM2EXCHANGE,$MM2,50,$STRATEGY1,O,2,9,19,D,21/12/2003 6:00:00.0,14,1,0,00,0,-,-,$AUCTION126,$MM2,$MM2,C,FALSE,M,U,0,-,-,$SESSION1,2,$CLASS1PRODUCT1,$MM2EXCHANGE,$MM2EXECFIRM,C,C,$CLASS1PRODUCT2,$MM2EXCHANGE,$MM2EXECFIRM,C,C,TRUE,TRUE,Comment
STRATEGYORDER,$MM3,$MM3EXCHANGE,$MM3EXECFIRM,FTJ,8061,ABC,*,$MM3EXCHANGE,$MM3,300,$STRATEGY1,O,2,9,19,D,21/12/2003 6:00:00.0,14,1,0,00,0,-,-,$AUCTION126,$MM3,$MM3,C,FALSE,F,U,0,-,-,$SESSION1,2,$CLASS1PRODUCT1,$MM3EXCHANGE,$MM3EXECFIRM,C,C,$CLASS1PRODUCT2,$MM3EXCHANGE,$MM3EXECFIRM,C,C,TRUE,TRUE,Comment
STRATEGYORDER,$MM4,$MM4EXCHANGE,$MM4EXECFIRM,MJM,1725,ABC,*,$MM4EXCHANGE,$MM4,200,$STRATEGY1,O,2,9,19,D,21/12/2003 6:00:00.0,1,1,0,00,0,-,-,-,$MM4,$MM4,C,FALSE,B,U,0,-,-,$SESSION1,2,$CLASS1PRODUCT1,$MM4EXCHANGE,$MM4EXECFIRM,C,C,$CLASS1PRODUCT2,$MM4EXCHANGE,$MM4EXECFIRM,C,C,TRUE,TRUE,This is the Strategy order: BA:250
PAUSE,5000
ORDERFILLVERIFICATION,$MM2,$MM2EXCHANGE,$MM2EXECFIRM,TEU,7414,ABC,*,0,0,3,50,1,2,9,19,TRUE,TRUE,Comment
ORDERFILLVERIFICATION,$MM3,$MM3EXCHANGE,$MM3EXECFIRM,FTJ,8061,ABC,*,170,170,1,130,1,2,9,19,TRUE,TRUE,Comment
ORDERFILLVERIFICATION,$MM1,$MM1EXCHANGE,$MM1EXECFIRM,ZSN,5717,ABC,*,0,0,3,300,3,2,-9,19,TRUE,TRUE,Comment
ORDERFILLVERIFICATION,$MM1,$MM1EXCHANGE,$MM1EXECFIRM,ZSN,57171,ABC,*,180,180,1,120,1,2,9,19,TRUE,TRUE,Comment
ORDERCANCELVERIFICATION,$MM3,$MM3EXCHANGE,$MM3EXECFIRM,FTJ,8061,ABC,*,$SESSION1,$STRATEGY1,3,170,TRUE,TRUE,Comment
ORDERCANCELVERIFICATION,$MM1,$MM1EXCHANGE,$MM1EXECFIRM,ZSN,57171,ABC,*,$SESSION1,$STRATEGY1,3,180,TRUE,TRUE,Comment
TOPOFBOOKVERIFICATION,$MM1,$SESSION1,$STRATEGY1,0,1,0,00,200,2,9,19,TRUE,TRUE,Comment
ORDERCANCELBYIDNOWAIT,$MM4,$MM4EXCHANGE,$MM4EXECFIRM,MJM,1725,ABC,*,200,$SESSION1,1,TRUE,TRUE,Comment
ORDERCANCELVERIFICATION,$MM4,$MM4EXCHANGE,$MM4EXECFIRM,MJM,1725,ABC,*,$SESSION1,$STRATEGY1,2,200,TRUE,TRUE,Comment
PAUSE,1000
TOPOFBOOKVERIFICATION,$MM1,$SESSION1,$STRATEGY1,0,1,0,00,0,1,0,00,TRUE,TRUE,Comment
TOPOFBOOKVERIFICATION,$MM1,$SESSION1,$CLASS1PRODUCT1,100,2,10,00,100,2,10,20,TRUE,TRUE,Comment
TOPOFBOOKVERIFICATION,$MM1,$SESSION1,$CLASS1PRODUCT2,100,2,1,00,100,2,1,20,TRUE,TRUE,Comment
QUOTECANCEL,$MM1,$SESSION1,$CLASS1PRODUCT1,2,TRUE,TRUE,Comment
QUOTECANCELVERIFICATION,$MM1,$SESSION1,$CLASS1PRODUCT1,2,TRUE,TRUE,Comment
QUOTECANCEL,$MM1,$SESSION1,$CLASS1PRODUCT2,2,TRUE,TRUE,Comment
QUOTECANCELVERIFICATION,$MM1,$SESSION1,$CLASS1PRODUCT2,2,TRUE,TRUE,Comment

COMMENT, Test Case 2:CONDITION:All responses are at the SAME price point. CONDITION:Internationalization Guaranteed Percentage 40% for MO when there are 2 or more responses. CONDITION:RFPs are CUSTOMERS and NON-CUSTOMERS. CONDITION:Inbound Complex Order as an auction response BROKER DEALER
CLEARALLCALLBACKS,$MM1
PRODUCTSTATEQUERY,$SA1,$SESSION1,$CLASS1PRODUCT1,4,TRUE,TRUE,Comment
PRODUCTSTATEQUERY,$SA1,$SESSION1,$CLASS1PRODUCT2,4,TRUE,TRUE,Comment
TOPOFBOOKVERIFICATION,$MM1,$SESSION1,$CLASS1PRODUCT1,0,1,0,00,0,1,0,00,TRUE,TRUE,Comment
TOPOFBOOKVERIFICATION,$MM1,$SESSION1,$CLASS1PRODUCT2,0,1,0,00,0,1,0,00,TRUE,TRUE,Comment
QUOTE,$MM1,2,10,00,100,2,10,20,100,$CLASS1PRODUCT1,$SESSION1,User Assigned Id..,TRUE,TRUE,Comment
PAUSE,1000
CURRENTMARKETV4BESTMARKETQUERY,$MM1,CBOE2,$CLASS1PRODUCT1,100,2,10,00,100,2,10,20,TRUE,TRUE,Comment
QUOTE,$MM1,2,1,00,100,2,1,20,100,$CLASS1PRODUCT2,$SESSION1,User Assigned Id..,TRUE,TRUE,Comment
PAUSE,1000
CURRENTMARKETV4BESTMARKETQUERY,$MM1,CBOE2,$CLASS1PRODUCT2,100,2,1,00,100,2,1,20,TRUE,TRUE,Comment
SETPRODUCTSTATEBYPRODUCT,$SA1,$SESSION1,$STRATEGY1,$STRATEGYCLASS1,1,TRUE,TRUE,Comment
PRODUCTSTATEQUERY,$SA1,$SESSION1,$STRATEGY1,1,TRUE,TRUE,Comment
SETPRODUCTSTATEBYPRODUCT,$SA1,$SESSION1,$STRATEGY1,$STRATEGYCLASS1,2,TRUE,TRUE,Comment
PRODUCTSTATEQUERY,$SA1,$SESSION1,$STRATEGY1,2,TRUE,TRUE,Comment
SETPRODUCTSTATEBYPRODUCT,$SA1,$SESSION1,$STRATEGY1,$STRATEGYCLASS1,3,TRUE,TRUE,Comment
PRODUCTSTATEQUERY,$SA1,$SESSION1,$STRATEGY1,3,TRUE,TRUE,Comment
SETPRODUCTSTATEBYPRODUCT,$SA1,$SESSION1,$STRATEGY1,$STRATEGYCLASS1,4,TRUE,TRUE,Comment
PRODUCTSTATEQUERY,$SA1,$SESSION1,$STRATEGY1,4,TRUE,TRUE,Comment
PAUSE,1000
TOPOFBOOKVERIFICATION,$MM1,$SESSION1,$STRATEGY1,0,1,0,00,0,1,0,00,TRUE,TRUE,Comment
INTERNALIZEDSTRATEGYORDER,$MM1,2,$MM1EXCHANGE,$MM1EXECFIRM,FJE,9053,ABC,*,$MM1EXCHANGE,$MM1,300,$STRATEGY1,D,2,-9,20,D,21/12/2003 6:00:00.0,1,1,0,00,0,-,-,-,$MM1,$MM1,C,FALSE,C,U,0,-,-,$SESSION1,$MM1EXCHANGE,$MM1EXECFIRM,FJE,90531,ABC,*,$MM1EXCHANGE,$MM1,300,$STRATEGY1,O,2,9,19,D,21/12/2003 6:00:00.0,1,1,0,00,0,-,-,-,$MM1,$MM1,C,FALSE,F,U,0,-,-,$SESSION1,2,$CLASS1PRODUCT1,$MM1EXCHANGE,$MM1EXECFIRM,C,C,$CLASS1PRODUCT2,$MM1EXCHANGE,$MM1EXECFIRM,C,C,TRUE,TRUE,Comment
PAUSE,1000
RFPQUERY,$MM1,$SESSION1,$STRATEGY1,$AUCTION126,D,300,1,0,00,TRUE,TRUE,Comment
STRATEGYORDER,$MM2,$MM2EXCHANGE,$MM2EXECFIRM,MKZ,4672,ABC,*,$MM2EXCHANGE,$MM2,50,$STRATEGY1,O,2,9,19,D,21/12/2003 6:00:00.0,14,1,0,00,0,-,-,$AUCTION126,$MM2,$MM2,C,FALSE,M,U,0,-,-,$SESSION1,2,$CLASS1PRODUCT1,$MM2EXCHANGE,$MM2EXECFIRM,C,C,$CLASS1PRODUCT2,$MM2EXCHANGE,$MM2EXECFIRM,C,C,TRUE,TRUE,Comment
STRATEGYORDER,$MM3,$MM3EXCHANGE,$MM3EXECFIRM,VLY,9060,ABC,*,$MM3EXCHANGE,$MM3,300,$STRATEGY1,O,2,9,19,D,21/12/2003 6:00:00.0,14,1,0,00,0,-,-,$AUCTION126,$MM3,$MM3,C,FALSE,C,U,0,-,-,$SESSION1,2,$CLASS1PRODUCT1,$MM3EXCHANGE,$MM3EXECFIRM,C,C,$CLASS1PRODUCT2,$MM3EXCHANGE,$MM3EXECFIRM,C,C,TRUE,TRUE,Comment
STRATEGYORDER,$MM4,$MM4EXCHANGE,$MM4EXECFIRM,DQN,6585,ABC,*,$MM4EXCHANGE,$MM4,200,$STRATEGY1,O,2,9,19,D,21/12/2003 6:00:00.0,1,1,0,00,0,-,-,-,$MM4,$MM4,C,FALSE,B,U,0,-,-,$SESSION1,2,$CLASS1PRODUCT1,$MM4EXCHANGE,$MM4EXECFIRM,C,C,$CLASS1PRODUCT2,$MM4EXCHANGE,$MM4EXECFIRM,C,C,TRUE,TRUE,This is the Strategy order: BA:250
PAUSE,5000
ORDERFILLVERIFICATION,$MM3,$MM3EXCHANGE,$MM3EXECFIRM,VLY,9060,ABC,*,0,0,3,300,1,2,9,19,TRUE,TRUE,Comment
ORDERFILLVERIFICATION,$MM1,$MM1EXCHANGE,$MM1EXECFIRM,FJE,9053,ABC,*,0,0,3,300,1,2,-9,19,TRUE,TRUE,Comment
ORDERCANCELVERIFICATION,$MM2,$MM2EXCHANGE,$MM2EXECFIRM,MKZ,4672,ABC,*,$SESSION1,$STRATEGY1,3,50,TRUE,TRUE,Comment
ORDERCANCELVERIFICATION,$MM1,$MM1EXCHANGE,$MM1EXECFIRM,FJE,90531,ABC,*,$SESSION1,$STRATEGY1,3,300,TRUE,TRUE,Comment
TOPOFBOOKVERIFICATION,$MM1,$SESSION1,$STRATEGY1,0,1,0,00,200,2,9,19,TRUE,TRUE,Comment
ORDERCANCELBYIDNOWAIT,$MM4,$MM4EXCHANGE,$MM4EXECFIRM,DQN,6585,ABC,*,200,$SESSION1,1,TRUE,TRUE,Comment
ORDERCANCELVERIFICATION,$MM4,$MM4EXCHANGE,$MM4EXECFIRM,DQN,6585,ABC,*,$SESSION1,$STRATEGY1,2,200,TRUE,TRUE,Comment
PAUSE,1000
TOPOFBOOKVERIFICATION,$MM1,$SESSION1,$STRATEGY1,0,1,0,00,0,1,0,00,TRUE,TRUE,Comment
TOPOFBOOKVERIFICATION,$MM1,$SESSION1,$CLASS1PRODUCT1,100,2,10,00,100,2,10,20,TRUE,TRUE,Comment
TOPOFBOOKVERIFICATION,$MM1,$SESSION1,$CLASS1PRODUCT2,100,2,1,00,100,2,1,20,TRUE,TRUE,Comment
QUOTECANCEL,$MM1,$SESSION1,$CLASS1PRODUCT1,2,TRUE,TRUE,Comment
QUOTECANCELVERIFICATION,$MM1,$SESSION1,$CLASS1PRODUCT1,2,TRUE,TRUE,Comment
QUOTECANCEL,$MM1,$SESSION1,$CLASS1PRODUCT2,2,TRUE,TRUE,Comment
QUOTECANCELVERIFICATION,$MM1,$SESSION1,$CLASS1PRODUCT2,2,TRUE,TRUE,Comment

COMMENT, Test Case 3:CONDITION:All responses are at the SAME price point. CONDITION:Internationalization Guaranteed Percentage 40% for MO when there are 2 or more responses. CONDITION:All RFPs are CUSTOMERS. CONDITION:Inbound Complex Order as an auction response BROKER DEALER and arrives AFTER all CUSTOMER RFPs
CLEARALLCALLBACKS,$MM1
PRODUCTSTATEQUERY,$SA1,$SESSION1,$CLASS1PRODUCT1,4,TRUE,TRUE,Comment
PRODUCTSTATEQUERY,$SA1,$SESSION1,$CLASS1PRODUCT2,4,TRUE,TRUE,Comment
TOPOFBOOKVERIFICATION,$MM1,$SESSION1,$CLASS1PRODUCT1,0,1,0,00,0,1,0,00,TRUE,TRUE,Comment
TOPOFBOOKVERIFICATION,$MM1,$SESSION1,$CLASS1PRODUCT2,0,1,0,00,0,1,0,00,TRUE,TRUE,Comment
QUOTE,$MM1,2,10,00,100,2,10,20,100,$CLASS1PRODUCT1,$SESSION1,User Assigned Id..,TRUE,TRUE,Comment
PAUSE,1000
CURRENTMARKETV4BESTMARKETQUERY,$MM1,CBOE2,$CLASS1PRODUCT1,100,2,10,00,100,2,10,20,TRUE,TRUE,Comment
QUOTE,$MM1,2,1,00,100,2,1,20,100,$CLASS1PRODUCT2,$SESSION1,User Assigned Id..,TRUE,TRUE,Comment
PAUSE,1000
CURRENTMARKETV4BESTMARKETQUERY,$MM1,CBOE2,$CLASS1PRODUCT2,100,2,1,00,100,2,1,20,TRUE,TRUE,Comment
SETPRODUCTSTATEBYPRODUCT,$SA1,$SESSION1,$STRATEGY1,$STRATEGYCLASS1,1,TRUE,TRUE,Comment
PRODUCTSTATEQUERY,$SA1,$SESSION1,$STRATEGY1,1,TRUE,TRUE,Comment
SETPRODUCTSTATEBYPRODUCT,$SA1,$SESSION1,$STRATEGY1,$STRATEGYCLASS1,2,TRUE,TRUE,Comment
PRODUCTSTATEQUERY,$SA1,$SESSION1,$STRATEGY1,2,TRUE,TRUE,Comment
SETPRODUCTSTATEBYPRODUCT,$SA1,$SESSION1,$STRATEGY1,$STRATEGYCLASS1,3,TRUE,TRUE,Comment
PRODUCTSTATEQUERY,$SA1,$SESSION1,$STRATEGY1,3,TRUE,TRUE,Comment
SETPRODUCTSTATEBYPRODUCT,$SA1,$SESSION1,$STRATEGY1,$STRATEGYCLASS1,4,TRUE,TRUE,Comment
PRODUCTSTATEQUERY,$SA1,$SESSION1,$STRATEGY1,4,TRUE,TRUE,Comment
PAUSE,1000
TOPOFBOOKVERIFICATION,$MM1,$SESSION1,$STRATEGY1,0,1,0,00,0,1,0,00,TRUE,TRUE,Comment
INTERNALIZEDSTRATEGYORDER,$MM1,2,$MM1EXCHANGE,$MM1EXECFIRM,INC,1596,ABC,*,$MM1EXCHANGE,$MM1,300,$STRATEGY1,D,2,-9,20,D,21/12/2003 6:00:00.0,1,1,0,00,0,-,-,-,$MM1,$MM1,C,FALSE,C,U,0,-,-,$SESSION1,$MM1EXCHANGE,$MM1EXECFIRM,INC,15961,ABC,*,$MM1EXCHANGE,$MM1,300,$STRATEGY1,O,2,9,19,D,21/12/2003 6:00:00.0,1,1,0,00,0,-,-,-,$MM1,$MM1,C,FALSE,F,U,0,-,-,$SESSION1,2,$CLASS1PRODUCT1,$MM1EXCHANGE,$MM1EXECFIRM,C,C,$CLASS1PRODUCT2,$MM1EXCHANGE,$MM1EXECFIRM,C,C,TRUE,TRUE,Comment
PAUSE,1000
RFPQUERY,$MM1,$SESSION1,$STRATEGY1,$AUCTION126,D,300,1,0,00,TRUE,TRUE,Comment
STRATEGYORDER,$MM2,$MM2EXCHANGE,$MM2EXECFIRM,UGW,4106,ABC,*,$MM2EXCHANGE,$MM2,60,$STRATEGY1,O,2,9,19,D,21/12/2003 6:00:00.0,14,1,0,00,0,-,-,$AUCTION126,$MM2,$MM2,C,FALSE,C,U,0,-,-,$SESSION1,2,$CLASS1PRODUCT1,$MM2EXCHANGE,$MM2EXECFIRM,C,C,$CLASS1PRODUCT2,$MM2EXCHANGE,$MM2EXECFIRM,C,C,TRUE,TRUE,Comment
STRATEGYORDER,$MM3,$MM3EXCHANGE,$MM3EXECFIRM,KEW,1397,ABC,*,$MM3EXCHANGE,$MM3,300,$STRATEGY1,O,2,9,19,D,21/12/2003 6:00:00.0,14,1,0,00,0,-,-,$AUCTION126,$MM3,$MM3,C,FALSE,C,U,0,-,-,$SESSION1,2,$CLASS1PRODUCT1,$MM3EXCHANGE,$MM3EXECFIRM,C,C,$CLASS1PRODUCT2,$MM3EXCHANGE,$MM3EXECFIRM,C,C,TRUE,TRUE,Comment
STRATEGYORDER,$MM4,$MM4EXCHANGE,$MM4EXECFIRM,ABN,8095,ABC,*,$MM4EXCHANGE,$MM4,200,$STRATEGY1,O,2,9,19,D,21/12/2003 6:00:00.0,1,1,0,00,0,-,-,-,$MM4,$MM4,C,FALSE,B,U,0,-,-,$SESSION1,2,$CLASS1PRODUCT1,$MM4EXCHANGE,$MM4EXECFIRM,C,C,$CLASS1PRODUCT2,$MM4EXCHANGE,$MM4EXECFIRM,C,C,TRUE,TRUE,This is the Strategy order: BA:250
PAUSE,5000
ORDERFILLVERIFICATION,$MM2,$MM2EXCHANGE,$MM2EXECFIRM,UGW,4106,ABC,*,0,0,3,60,1,2,9,19,TRUE,TRUE,Comment
ORDERFILLVERIFICATION,$MM3,$MM3EXCHANGE,$MM3EXECFIRM,KEW,1397,ABC,*,60,60,1,240,1,2,9,19,TRUE,TRUE,Comment
ORDERFILLVERIFICATION,$MM1,$MM1EXCHANGE,$MM1EXECFIRM,INC,1596,ABC,*,0,0,3,300,2,2,-9,19,TRUE,TRUE,Comment
ORDERCANCELVERIFICATION,$MM3,$MM3EXCHANGE,$MM3EXECFIRM,KEW,1397,ABC,*,$SESSION1,$STRATEGY1,3,60,TRUE,TRUE,Comment
ORDERCANCELVERIFICATION,$MM1,$MM1EXCHANGE,$MM1EXECFIRM,INC,15961,ABC,*,$SESSION1,$STRATEGY1,3,300,TRUE,TRUE,Comment
TOPOFBOOKVERIFICATION,$MM1,$SESSION1,$STRATEGY1,0,1,0,00,200,2,9,19,TRUE,TRUE,Comment
ORDERCANCELBYIDNOWAIT,$MM4,$MM4EXCHANGE,$MM4EXECFIRM,ABN,8095,ABC,*,200,$SESSION1,1,TRUE,TRUE,Comment
ORDERCANCELVERIFICATION,$MM4,$MM4EXCHANGE,$MM4EXECFIRM,ABN,8095,ABC,*,$SESSION1,$STRATEGY1,2,200,TRUE,TRUE,Comment
PAUSE,1000
TOPOFBOOKVERIFICATION,$MM1,$SESSION1,$STRATEGY1,0,1,0,00,0,1,0,00,TRUE,TRUE,Comment
TOPOFBOOKVERIFICATION,$MM1,$SESSION1,$CLASS1PRODUCT1,100,2,10,00,100,2,10,20,TRUE,TRUE,Comment
TOPOFBOOKVERIFICATION,$MM1,$SESSION1,$CLASS1PRODUCT2,100,2,1,00,100,2,1,20,TRUE,TRUE,Comment
QUOTECANCEL,$MM1,$SESSION1,$CLASS1PRODUCT1,2,TRUE,TRUE,Comment
QUOTECANCELVERIFICATION,$MM1,$SESSION1,$CLASS1PRODUCT1,2,TRUE,TRUE,Comment
QUOTECANCEL,$MM1,$SESSION1,$CLASS1PRODUCT2,2,TRUE,TRUE,Comment
QUOTECANCELVERIFICATION,$MM1,$SESSION1,$CLASS1PRODUCT2,2,TRUE,TRUE,Comment

COMMENT, Test Case 4:CONDITION:All responses are at the SAME price point. CONDITION:Internationalization Guaranteed Percentage 40% for MO when there are 2 or more responses. CONDITION:All RFPs are CUSTOMERS. CONDITION:Inbound Complex Order as an auction response BROKER DEALER and arrives BEFORE any CUSTOMER RFPs
CLEARALLCALLBACKS,$MM1
PRODUCTSTATEQUERY,$SA1,$SESSION1,$CLASS1PRODUCT1,4,TRUE,TRUE,Comment
PRODUCTSTATEQUERY,$SA1,$SESSION1,$CLASS1PRODUCT2,4,TRUE,TRUE,Comment
TOPOFBOOKVERIFICATION,$MM1,$SESSION1,$CLASS1PRODUCT1,0,1,0,00,0,1,0,00,TRUE,TRUE,Comment
TOPOFBOOKVERIFICATION,$MM1,$SESSION1,$CLASS1PRODUCT2,0,1,0,00,0,1,0,00,TRUE,TRUE,Comment
QUOTE,$MM1,2,10,00,100,2,10,20,100,$CLASS1PRODUCT1,$SESSION1,User Assigned Id..,TRUE,TRUE,Comment
PAUSE,1000
CURRENTMARKETV4BESTMARKETQUERY,$MM1,CBOE2,$CLASS1PRODUCT1,100,2,10,00,100,2,10,20,TRUE,TRUE,Comment
QUOTE,$MM1,2,1,00,100,2,1,20,100,$CLASS1PRODUCT2,$SESSION1,User Assigned Id..,TRUE,TRUE,Comment
PAUSE,1000
CURRENTMARKETV4BESTMARKETQUERY,$MM1,CBOE2,$CLASS1PRODUCT2,100,2,1,00,100,2,1,20,TRUE,TRUE,Comment
SETPRODUCTSTATEBYPRODUCT,$SA1,$SESSION1,$STRATEGY1,$STRATEGYCLASS1,1,TRUE,TRUE,Comment
PRODUCTSTATEQUERY,$SA1,$SESSION1,$STRATEGY1,1,TRUE,TRUE,Comment
SETPRODUCTSTATEBYPRODUCT,$SA1,$SESSION1,$STRATEGY1,$STRATEGYCLASS1,2,TRUE,TRUE,Comment
PRODUCTSTATEQUERY,$SA1,$SESSION1,$STRATEGY1,2,TRUE,TRUE,Comment
SETPRODUCTSTATEBYPRODUCT,$SA1,$SESSION1,$STRATEGY1,$STRATEGYCLASS1,3,TRUE,TRUE,Comment
PRODUCTSTATEQUERY,$SA1,$SESSION1,$STRATEGY1,3,TRUE,TRUE,Comment
SETPRODUCTSTATEBYPRODUCT,$SA1,$SESSION1,$STRATEGY1,$STRATEGYCLASS1,4,TRUE,TRUE,Comment
PRODUCTSTATEQUERY,$SA1,$SESSION1,$STRATEGY1,4,TRUE,TRUE,Comment
PAUSE,1000
TOPOFBOOKVERIFICATION,$MM1,$SESSION1,$STRATEGY1,0,1,0,00,0,1,0,00,TRUE,TRUE,Comment
INTERNALIZEDSTRATEGYORDER,$MM1,2,$MM1EXCHANGE,$MM1EXECFIRM,KPS,9633,ABC,*,$MM1EXCHANGE,$MM1,300,$STRATEGY1,D,2,-9,20,D,21/12/2003 6:00:00.0,1,1,0,00,0,-,-,-,$MM1,$MM1,C,FALSE,C,U,0,-,-,$SESSION1,$MM1EXCHANGE,$MM1EXECFIRM,KPS,96331,ABC,*,$MM1EXCHANGE,$MM1,300,$STRATEGY1,O,2,9,19,D,21/12/2003 6:00:00.0,1,1,0,00,0,-,-,-,$MM1,$MM1,C,FALSE,F,U,0,-,-,$SESSION1,2,$CLASS1PRODUCT1,$MM1EXCHANGE,$MM1EXECFIRM,C,C,$CLASS1PRODUCT2,$MM1EXCHANGE,$MM1EXECFIRM,C,C,TRUE,TRUE,Comment
PAUSE,1000
RFPQUERY,$MM1,$SESSION1,$STRATEGY1,$AUCTION126,D,300,1,0,00,TRUE,TRUE,Comment
STRATEGYORDER,$MM4,$MM4EXCHANGE,$MM4EXECFIRM,ELG,7416,ABC,*,$MM4EXCHANGE,$MM4,200,$STRATEGY1,O,2,9,19,D,21/12/2003 6:00:00.0,1,1,0,00,0,-,-,-,$MM4,$MM4,C,FALSE,B,U,0,-,-,$SESSION1,2,$CLASS1PRODUCT1,$MM4EXCHANGE,$MM4EXECFIRM,C,C,$CLASS1PRODUCT2,$MM4EXCHANGE,$MM4EXECFIRM,C,C,TRUE,TRUE,This is the Strategy order: BA:250
STRATEGYORDER,$MM2,$MM2EXCHANGE,$MM2EXECFIRM,SUC,136,ABC,*,$MM2EXCHANGE,$MM2,60,$STRATEGY1,O,2,9,19,D,21/12/2003 6:00:00.0,14,1,0,00,0,-,-,$AUCTION126,$MM2,$MM2,C,FALSE,C,U,0,-,-,$SESSION1,2,$CLASS1PRODUCT1,$MM2EXCHANGE,$MM2EXECFIRM,C,C,$CLASS1PRODUCT2,$MM2EXCHANGE,$MM2EXECFIRM,C,C,TRUE,TRUE,Comment
STRATEGYORDER,$MM3,$MM3EXCHANGE,$MM3EXECFIRM,UZT,993,ABC,*,$MM3EXCHANGE,$MM3,300,$STRATEGY1,O,2,9,19,D,21/12/2003 6:00:00.0,14,1,0,00,0,-,-,$AUCTION126,$MM3,$MM3,C,FALSE,C,U,0,-,-,$SESSION1,2,$CLASS1PRODUCT1,$MM3EXCHANGE,$MM3EXECFIRM,C,C,$CLASS1PRODUCT2,$MM3EXCHANGE,$MM3EXECFIRM,C,C,TRUE,TRUE,Comment
PAUSE,5000
ORDERFILLVERIFICATION,$MM2,$MM2EXCHANGE,$MM2EXECFIRM,SUC,136,ABC,*,0,0,3,60,1,2,9,19,TRUE,TRUE,Comment
ORDERFILLVERIFICATION,$MM3,$MM3EXCHANGE,$MM3EXECFIRM,UZT,993,ABC,*,60,60,1,240,1,2,9,19,TRUE,TRUE,Comment
ORDERFILLVERIFICATION,$MM1,$MM1EXCHANGE,$MM1EXECFIRM,KPS,9633,ABC,*,0,0,3,300,2,2,-9,19,TRUE,TRUE,Comment
ORDERCANCELVERIFICATION,$MM3,$MM3EXCHANGE,$MM3EXECFIRM,UZT,993,ABC,*,$SESSION1,$STRATEGY1,3,60,TRUE,TRUE,Comment
ORDERCANCELVERIFICATION,$MM1,$MM1EXCHANGE,$MM1EXECFIRM,KPS,96331,ABC,*,$SESSION1,$STRATEGY1,3,300,TRUE,TRUE,Comment
TOPOFBOOKVERIFICATION,$MM1,$SESSION1,$STRATEGY1,0,1,0,00,200,2,9,19,TRUE,TRUE,Comment
ORDERCANCELBYIDNOWAIT,$MM4,$MM4EXCHANGE,$MM4EXECFIRM,ELG,7416,ABC,*,200,$SESSION1,1,TRUE,TRUE,Comment
ORDERCANCELVERIFICATION,$MM4,$MM4EXCHANGE,$MM4EXECFIRM,ELG,7416,ABC,*,$SESSION1,$STRATEGY1,2,200,TRUE,TRUE,Comment
PAUSE,1000
TOPOFBOOKVERIFICATION,$MM1,$SESSION1,$STRATEGY1,0,1,0,00,0,1,0,00,TRUE,TRUE,Comment
TOPOFBOOKVERIFICATION,$MM1,$SESSION1,$CLASS1PRODUCT1,100,2,10,00,100,2,10,20,TRUE,TRUE,Comment
TOPOFBOOKVERIFICATION,$MM1,$SESSION1,$CLASS1PRODUCT2,100,2,1,00,100,2,1,20,TRUE,TRUE,Comment
QUOTECANCEL,$MM1,$SESSION1,$CLASS1PRODUCT1,2,TRUE,TRUE,Comment
QUOTECANCELVERIFICATION,$MM1,$SESSION1,$CLASS1PRODUCT1,2,TRUE,TRUE,Comment
QUOTECANCEL,$MM1,$SESSION1,$CLASS1PRODUCT2,2,TRUE,TRUE,Comment
QUOTECANCELVERIFICATION,$MM1,$SESSION1,$CLASS1PRODUCT2,2,TRUE,TRUE,Comment

COMMENT, Test Case 5:CONDITION:All responses are at the SAME price point. CONDITION:Internationalization Guaranteed Percentage 40% for MO when there are 2 or more responses. CONDITION:All RFPs are CUSTOMERS. CONDITION:Inbound Complex Order as an auction response BROKER DEALER and arrives AFTER the first CUSTOMER RFP but before the last CUSTOMER RFP
CLEARALLCALLBACKS,$MM1
PRODUCTSTATEQUERY,$SA1,$SESSION1,$CLASS1PRODUCT1,4,TRUE,TRUE,Comment
PRODUCTSTATEQUERY,$SA1,$SESSION1,$CLASS1PRODUCT2,4,TRUE,TRUE,Comment
TOPOFBOOKVERIFICATION,$MM1,$SESSION1,$CLASS1PRODUCT1,0,1,0,00,0,1,0,00,TRUE,TRUE,Comment
TOPOFBOOKVERIFICATION,$MM1,$SESSION1,$CLASS1PRODUCT2,0,1,0,00,0,1,0,00,TRUE,TRUE,Comment
QUOTE,$MM1,2,10,00,100,2,10,20,100,$CLASS1PRODUCT1,$SESSION1,User Assigned Id..,TRUE,TRUE,Comment
PAUSE,1000
CURRENTMARKETV4BESTMARKETQUERY,$MM1,CBOE2,$CLASS1PRODUCT1,100,2,10,00,100,2,10,20,TRUE,TRUE,Comment
QUOTE,$MM1,2,1,00,100,2,1,20,100,$CLASS1PRODUCT2,$SESSION1,User Assigned Id..,TRUE,TRUE,Comment
PAUSE,1000
CURRENTMARKETV4BESTMARKETQUERY,$MM1,CBOE2,$CLASS1PRODUCT2,100,2,1,00,100,2,1,20,TRUE,TRUE,Comment
SETPRODUCTSTATEBYPRODUCT,$SA1,$SESSION1,$STRATEGY1,$STRATEGYCLASS1,1,TRUE,TRUE,Comment
PRODUCTSTATEQUERY,$SA1,$SESSION1,$STRATEGY1,1,TRUE,TRUE,Comment
SETPRODUCTSTATEBYPRODUCT,$SA1,$SESSION1,$STRATEGY1,$STRATEGYCLASS1,2,TRUE,TRUE,Comment
PRODUCTSTATEQUERY,$SA1,$SESSION1,$STRATEGY1,2,TRUE,TRUE,Comment
SETPRODUCTSTATEBYPRODUCT,$SA1,$SESSION1,$STRATEGY1,$STRATEGYCLASS1,3,TRUE,TRUE,Comment
PRODUCTSTATEQUERY,$SA1,$SESSION1,$STRATEGY1,3,TRUE,TRUE,Comment
SETPRODUCTSTATEBYPRODUCT,$SA1,$SESSION1,$STRATEGY1,$STRATEGYCLASS1,4,TRUE,TRUE,Comment
PRODUCTSTATEQUERY,$SA1,$SESSION1,$STRATEGY1,4,TRUE,TRUE,Comment
PAUSE,1000
TOPOFBOOKVERIFICATION,$MM1,$SESSION1,$STRATEGY1,0,1,0,00,0,1,0,00,TRUE,TRUE,Comment
INTERNALIZEDSTRATEGYORDER,$MM1,2,$MM1EXCHANGE,$MM1EXECFIRM,MMN,242,ABC,*,$MM1EXCHANGE,$MM1,300,$STRATEGY1,D,2,-9,20,D,21/12/2003 6:00:00.0,1,1,0,00,0,-,-,-,$MM1,$MM1,C,FALSE,C,U,0,-,-,$SESSION1,$MM1EXCHANGE,$MM1EXECFIRM,MMN,2421,ABC,*,$MM1EXCHANGE,$MM1,300,$STRATEGY1,O,2,9,19,D,21/12/2003 6:00:00.0,1,1,0,00,0,-,-,-,$MM1,$MM1,C,FALSE,F,U,0,-,-,$SESSION1,2,$CLASS1PRODUCT1,$MM1EXCHANGE,$MM1EXECFIRM,C,C,$CLASS1PRODUCT2,$MM1EXCHANGE,$MM1EXECFIRM,C,C,TRUE,TRUE,Comment
PAUSE,1000
RFPQUERY,$MM1,$SESSION1,$STRATEGY1,$AUCTION126,D,300,1,0,00,TRUE,TRUE,Comment
STRATEGYORDER,$MM2,$MM2EXCHANGE,$MM2EXECFIRM,FXK,2361,ABC,*,$MM2EXCHANGE,$MM2,60,$STRATEGY1,O,2,9,19,D,21/12/2003 6:00:00.0,14,1,0,00,0,-,-,$AUCTION126,$MM2,$MM2,C,FALSE,C,U,0,-,-,$SESSION1,2,$CLASS1PRODUCT1,$MM2EXCHANGE,$MM2EXECFIRM,C,C,$CLASS1PRODUCT2,$MM2EXCHANGE,$MM2EXECFIRM,C,C,TRUE,TRUE,Comment
STRATEGYORDER,$MM4,$MM4EXCHANGE,$MM4EXECFIRM,RZV,1376,ABC,*,$MM4EXCHANGE,$MM4,200,$STRATEGY1,O,2,9,19,D,21/12/2003 6:00:00.0,1,1,0,00,0,-,-,-,$MM4,$MM4,C,FALSE,B,U,0,-,-,$SESSION1,2,$CLASS1PRODUCT1,$MM4EXCHANGE,$MM4EXECFIRM,C,C,$CLASS1PRODUCT2,$MM4EXCHANGE,$MM4EXECFIRM,C,C,TRUE,TRUE,This is the Strategy order: BA:250
STRATEGYORDER,$MM3,$MM3EXCHANGE,$MM3EXECFIRM,XUU,1895,ABC,*,$MM3EXCHANGE,$MM3,300,$STRATEGY1,O,2,9,19,D,21/12/2003 6:00:00.0,14,1,0,00,0,-,-,$AUCTION126,$MM3,$MM3,C,FALSE,C,U,0,-,-,$SESSION1,2,$CLASS1PRODUCT1,$MM3EXCHANGE,$MM3EXECFIRM,C,C,$CLASS1PRODUCT2,$MM3EXCHANGE,$MM3EXECFIRM,C,C,TRUE,TRUE,Comment
PAUSE,5000
ORDERFILLVERIFICATION,$MM2,$MM2EXCHANGE,$MM2EXECFIRM,FXK,2361,ABC,*,0,0,3,60,1,2,9,19,TRUE,TRUE,Comment
ORDERFILLVERIFICATION,$MM3,$MM3EXCHANGE,$MM3EXECFIRM,XUU,1895,ABC,*,60,60,1,240,1,2,9,19,TRUE,TRUE,Comment
ORDERFILLVERIFICATION,$MM1,$MM1EXCHANGE,$MM1EXECFIRM,MMN,242,ABC,*,0,0,3,300,2,2,-9,19,TRUE,TRUE,Comment
ORDERCANCELVERIFICATION,$MM3,$MM3EXCHANGE,$MM3EXECFIRM,XUU,1895,ABC,*,$SESSION1,$STRATEGY1,3,60,TRUE,TRUE,Comment
ORDERCANCELVERIFICATION,$MM1,$MM1EXCHANGE,$MM1EXECFIRM,MMN,2421,ABC,*,$SESSION1,$STRATEGY1,3,300,TRUE,TRUE,Comment
TOPOFBOOKVERIFICATION,$MM1,$SESSION1,$STRATEGY1,0,1,0,00,200,2,9,19,TRUE,TRUE,Comment
ORDERCANCELBYIDNOWAIT,$MM4,$MM4EXCHANGE,$MM4EXECFIRM,RZV,1376,ABC,*,200,$SESSION1,1,TRUE,TRUE,Comment
ORDERCANCELVERIFICATION,$MM4,$MM4EXCHANGE,$MM4EXECFIRM,RZV,1376,ABC,*,$SESSION1,$STRATEGY1,2,200,TRUE,TRUE,Comment
PAUSE,1000
TOPOFBOOKVERIFICATION,$MM1,$SESSION1,$STRATEGY1,0,1,0,00,0,1,0,00,TRUE,TRUE,Comment
TOPOFBOOKVERIFICATION,$MM1,$SESSION1,$CLASS1PRODUCT1,100,2,10,00,100,2,10,20,TRUE,TRUE,Comment
TOPOFBOOKVERIFICATION,$MM1,$SESSION1,$CLASS1PRODUCT2,100,2,1,00,100,2,1,20,TRUE,TRUE,Comment
QUOTECANCEL,$MM1,$SESSION1,$CLASS1PRODUCT1,2,TRUE,TRUE,Comment
QUOTECANCELVERIFICATION,$MM1,$SESSION1,$CLASS1PRODUCT1,2,TRUE,TRUE,Comment
QUOTECANCEL,$MM1,$SESSION1,$CLASS1PRODUCT2,2,TRUE,TRUE,Comment
QUOTECANCELVERIFICATION,$MM1,$SESSION1,$CLASS1PRODUCT2,2,TRUE,TRUE,Comment

COMMENT, Test Case 6:CONDITION:All responses are at the SAME price point. CONDITION:Internationalization Guaranteed Percentage 40% for MO when there are 2 or more responses. CONDITION:All RFPs are NON-CUSTOMERS. CONDITION:Inbound Complex Order as an auction response FIRM
CLEARALLCALLBACKS,$MM1
PRODUCTSTATEQUERY,$SA1,$SESSION1,$CLASS1PRODUCT1,4,TRUE,TRUE,Comment
PRODUCTSTATEQUERY,$SA1,$SESSION1,$CLASS1PRODUCT2,4,TRUE,TRUE,Comment
TOPOFBOOKVERIFICATION,$MM1,$SESSION1,$CLASS1PRODUCT1,0,1,0,00,0,1,0,00,TRUE,TRUE,Comment
TOPOFBOOKVERIFICATION,$MM1,$SESSION1,$CLASS1PRODUCT2,0,1,0,00,0,1,0,00,TRUE,TRUE,Comment
QUOTE,$MM1,2,10,00,100,2,10,20,100,$CLASS1PRODUCT1,$SESSION1,User Assigned Id..,TRUE,TRUE,Comment
PAUSE,1000
CURRENTMARKETV4BESTMARKETQUERY,$MM1,CBOE2,$CLASS1PRODUCT1,100,2,10,00,100,2,10,20,TRUE,TRUE,Comment
QUOTE,$MM1,2,1,00,100,2,1,20,100,$CLASS1PRODUCT2,$SESSION1,User Assigned Id..,TRUE,TRUE,Comment
PAUSE,1000
CURRENTMARKETV4BESTMARKETQUERY,$MM1,CBOE2,$CLASS1PRODUCT2,100,2,1,00,100,2,1,20,TRUE,TRUE,Comment
SETPRODUCTSTATEBYPRODUCT,$SA1,$SESSION1,$STRATEGY1,$STRATEGYCLASS1,1,TRUE,TRUE,Comment
PRODUCTSTATEQUERY,$SA1,$SESSION1,$STRATEGY1,1,TRUE,TRUE,Comment
SETPRODUCTSTATEBYPRODUCT,$SA1,$SESSION1,$STRATEGY1,$STRATEGYCLASS1,2,TRUE,TRUE,Comment
PRODUCTSTATEQUERY,$SA1,$SESSION1,$STRATEGY1,2,TRUE,TRUE,Comment
SETPRODUCTSTATEBYPRODUCT,$SA1,$SESSION1,$STRATEGY1,$STRATEGYCLASS1,3,TRUE,TRUE,Comment
PRODUCTSTATEQUERY,$SA1,$SESSION1,$STRATEGY1,3,TRUE,TRUE,Comment
SETPRODUCTSTATEBYPRODUCT,$SA1,$SESSION1,$STRATEGY1,$STRATEGYCLASS1,4,TRUE,TRUE,Comment
PRODUCTSTATEQUERY,$SA1,$SESSION1,$STRATEGY1,4,TRUE,TRUE,Comment
PAUSE,1000
TOPOFBOOKVERIFICATION,$MM1,$SESSION1,$STRATEGY1,0,1,0,00,0,1,0,00,TRUE,TRUE,Comment
INTERNALIZEDSTRATEGYORDER,$MM1,2,$MM1EXCHANGE,$MM1EXECFIRM,MEA,3408,ABC,*,$MM1EXCHANGE,$MM1,300,$STRATEGY1,D,2,-9,20,D,21/12/2003 6:00:00.0,1,1,0,00,0,-,-,-,$MM1,$MM1,C,FALSE,C,U,0,-,-,$SESSION1,$MM1EXCHANGE,$MM1EXECFIRM,MEA,34081,ABC,*,$MM1EXCHANGE,$MM1,300,$STRATEGY1,O,2,9,19,D,21/12/2003 6:00:00.0,1,1,0,00,0,-,-,-,$MM1,$MM1,C,FALSE,F,U,0,-,-,$SESSION1,2,$CLASS1PRODUCT1,$MM1EXCHANGE,$MM1EXECFIRM,C,C,$CLASS1PRODUCT2,$MM1EXCHANGE,$MM1EXECFIRM,C,C,TRUE,TRUE,Comment
PAUSE,1000
RFPQUERY,$MM1,$SESSION1,$STRATEGY1,$AUCTION126,D,300,1,0,00,TRUE,TRUE,Comment
STRATEGYORDER,$MM2,$MM2EXCHANGE,$MM2EXECFIRM,ZFH,6122,ABC,*,$MM2EXCHANGE,$MM2,50,$STRATEGY1,O,2,9,19,D,21/12/2003 6:00:00.0,14,1,0,00,0,-,-,$AUCTION126,$MM2,$MM2,C,FALSE,M,U,0,-,-,$SESSION1,2,$CLASS1PRODUCT1,$MM2EXCHANGE,$MM2EXECFIRM,C,C,$CLASS1PRODUCT2,$MM2EXCHANGE,$MM2EXECFIRM,C,C,TRUE,TRUE,Comment
STRATEGYORDER,$MM3,$MM3EXCHANGE,$MM3EXECFIRM,FYR,5527,ABC,*,$MM3EXCHANGE,$MM3,300,$STRATEGY1,O,2,9,19,D,21/12/2003 6:00:00.0,14,1,0,00,0,-,-,$AUCTION126,$MM3,$MM3,C,FALSE,F,U,0,-,-,$SESSION1,2,$CLASS1PRODUCT1,$MM3EXCHANGE,$MM3EXECFIRM,C,C,$CLASS1PRODUCT2,$MM3EXCHANGE,$MM3EXECFIRM,C,C,TRUE,TRUE,Comment
STRATEGYORDER,$MM4,$MM4EXCHANGE,$MM4EXECFIRM,SDT,829,ABC,*,$MM4EXCHANGE,$MM4,200,$STRATEGY1,O,2,9,19,D,21/12/2003 6:00:00.0,1,1,0,00,0,-,-,-,$MM4,$MM4,C,FALSE,F,U,0,-,-,$SESSION1,2,$CLASS1PRODUCT1,$MM4EXCHANGE,$MM4EXECFIRM,C,C,$CLASS1PRODUCT2,$MM4EXCHANGE,$MM4EXECFIRM,C,C,TRUE,TRUE,This is the Strategy order: BA:250
PAUSE,5000
ORDERFILLVERIFICATION,$MM2,$MM2EXCHANGE,$MM2EXECFIRM,ZFH,6122,ABC,*,0,0,3,50,1,2,9,19,TRUE,TRUE,Comment
ORDERFILLVERIFICATION,$MM3,$MM3EXCHANGE,$MM3EXECFIRM,FYR,5527,ABC,*,170,170,1,130,1,2,9,19,TRUE,TRUE,Comment
ORDERFILLVERIFICATION,$MM1,$MM1EXCHANGE,$MM1EXECFIRM,MEA,3408,ABC,*,0,0,3,300,3,2,-9,19,TRUE,TRUE,Comment
ORDERFILLVERIFICATION,$MM1,$MM1EXCHANGE,$MM1EXECFIRM,MEA,34081,ABC,*,180,180,1,120,1,2,9,19,TRUE,TRUE,Comment
ORDERCANCELVERIFICATION,$MM3,$MM3EXCHANGE,$MM3EXECFIRM,FYR,5527,ABC,*,$SESSION1,$STRATEGY1,3,170,TRUE,TRUE,Comment
ORDERCANCELVERIFICATION,$MM1,$MM1EXCHANGE,$MM1EXECFIRM,MEA,34081,ABC,*,$SESSION1,$STRATEGY1,3,180,TRUE,TRUE,Comment
TOPOFBOOKVERIFICATION,$MM1,$SESSION1,$STRATEGY1,0,1,0,00,200,2,9,19,TRUE,TRUE,Comment
ORDERCANCELBYIDNOWAIT,$MM4,$MM4EXCHANGE,$MM4EXECFIRM,SDT,829,ABC,*,200,$SESSION1,1,TRUE,TRUE,Comment
ORDERCANCELVERIFICATION,$MM4,$MM4EXCHANGE,$MM4EXECFIRM,SDT,829,ABC,*,$SESSION1,$STRATEGY1,2,200,TRUE,TRUE,Comment
PAUSE,1000
TOPOFBOOKVERIFICATION,$MM1,$SESSION1,$STRATEGY1,0,1,0,00,0,1,0,00,TRUE,TRUE,Comment
TOPOFBOOKVERIFICATION,$MM1,$SESSION1,$CLASS1PRODUCT1,100,2,10,00,100,2,10,20,TRUE,TRUE,Comment
TOPOFBOOKVERIFICATION,$MM1,$SESSION1,$CLASS1PRODUCT2,100,2,1,00,100,2,1,20,TRUE,TRUE,Comment
QUOTECANCEL,$MM1,$SESSION1,$CLASS1PRODUCT1,2,TRUE,TRUE,Comment
QUOTECANCELVERIFICATION,$MM1,$SESSION1,$CLASS1PRODUCT1,2,TRUE,TRUE,Comment
QUOTECANCEL,$MM1,$SESSION1,$CLASS1PRODUCT2,2,TRUE,TRUE,Comment
QUOTECANCELVERIFICATION,$MM1,$SESSION1,$CLASS1PRODUCT2,2,TRUE,TRUE,Comment

COMMENT, Test Case 7:CONDITION:All responses are at the SAME price point. CONDITION:Internationalization Guaranteed Percentage 40% for MO when there are 2 or more responses. CONDITION:RFPs are CUSTOMERS and NON-CUSTOMERS. CONDITION:Inbound Complex Order as an auction response FIRM
CLEARALLCALLBACKS,$MM1
PRODUCTSTATEQUERY,$SA1,$SESSION1,$CLASS1PRODUCT1,4,TRUE,TRUE,Comment
PRODUCTSTATEQUERY,$SA1,$SESSION1,$CLASS1PRODUCT2,4,TRUE,TRUE,Comment
TOPOFBOOKVERIFICATION,$MM1,$SESSION1,$CLASS1PRODUCT1,0,1,0,00,0,1,0,00,TRUE,TRUE,Comment
TOPOFBOOKVERIFICATION,$MM1,$SESSION1,$CLASS1PRODUCT2,0,1,0,00,0,1,0,00,TRUE,TRUE,Comment
QUOTE,$MM1,2,10,00,100,2,10,20,100,$CLASS1PRODUCT1,$SESSION1,User Assigned Id..,TRUE,TRUE,Comment
PAUSE,1000
CURRENTMARKETV4BESTMARKETQUERY,$MM1,CBOE2,$CLASS1PRODUCT1,100,2,10,00,100,2,10,20,TRUE,TRUE,Comment
QUOTE,$MM1,2,1,00,100,2,1,20,100,$CLASS1PRODUCT2,$SESSION1,User Assigned Id..,TRUE,TRUE,Comment
PAUSE,1000
CURRENTMARKETV4BESTMARKETQUERY,$MM1,CBOE2,$CLASS1PRODUCT2,100,2,1,00,100,2,1,20,TRUE,TRUE,Comment
SETPRODUCTSTATEBYPRODUCT,$SA1,$SESSION1,$STRATEGY1,$STRATEGYCLASS1,1,TRUE,TRUE,Comment
PRODUCTSTATEQUERY,$SA1,$SESSION1,$STRATEGY1,1,TRUE,TRUE,Comment
SETPRODUCTSTATEBYPRODUCT,$SA1,$SESSION1,$STRATEGY1,$STRATEGYCLASS1,2,TRUE,TRUE,Comment
PRODUCTSTATEQUERY,$SA1,$SESSION1,$STRATEGY1,2,TRUE,TRUE,Comment
SETPRODUCTSTATEBYPRODUCT,$SA1,$SESSION1,$STRATEGY1,$STRATEGYCLASS1,3,TRUE,TRUE,Comment
PRODUCTSTATEQUERY,$SA1,$SESSION1,$STRATEGY1,3,TRUE,TRUE,Comment
SETPRODUCTSTATEBYPRODUCT,$SA1,$SESSION1,$STRATEGY1,$STRATEGYCLASS1,4,TRUE,TRUE,Comment
PRODUCTSTATEQUERY,$SA1,$SESSION1,$STRATEGY1,4,TRUE,TRUE,Comment
PAUSE,1000
TOPOFBOOKVERIFICATION,$MM1,$SESSION1,$STRATEGY1,0,1,0,00,0,1,0,00,TRUE,TRUE,Comment
INTERNALIZEDSTRATEGYORDER,$MM1,2,$MM1EXCHANGE,$MM1EXECFIRM,DVI,5307,ABC,*,$MM1EXCHANGE,$MM1,300,$STRATEGY1,D,2,-9,20,D,21/12/2003 6:00:00.0,1,1,0,00,0,-,-,-,$MM1,$MM1,C,FALSE,C,U,0,-,-,$SESSION1,$MM1EXCHANGE,$MM1EXECFIRM,DVI,53071,ABC,*,$MM1EXCHANGE,$MM1,300,$STRATEGY1,O,2,9,19,D,21/12/2003 6:00:00.0,1,1,0,00,0,-,-,-,$MM1,$MM1,C,FALSE,F,U,0,-,-,$SESSION1,2,$CLASS1PRODUCT1,$MM1EXCHANGE,$MM1EXECFIRM,C,C,$CLASS1PRODUCT2,$MM1EXCHANGE,$MM1EXECFIRM,C,C,TRUE,TRUE,Comment
PAUSE,1000
RFPQUERY,$MM1,$SESSION1,$STRATEGY1,$AUCTION126,D,300,1,0,00,TRUE,TRUE,Comment
STRATEGYORDER,$MM2,$MM2EXCHANGE,$MM2EXECFIRM,QXY,7108,ABC,*,$MM2EXCHANGE,$MM2,50,$STRATEGY1,O,2,9,19,D,21/12/2003 6:00:00.0,14,1,0,00,0,-,-,$AUCTION126,$MM2,$MM2,C,FALSE,M,U,0,-,-,$SESSION1,2,$CLASS1PRODUCT1,$MM2EXCHANGE,$MM2EXECFIRM,C,C,$CLASS1PRODUCT2,$MM2EXCHANGE,$MM2EXECFIRM,C,C,TRUE,TRUE,Comment
STRATEGYORDER,$MM3,$MM3EXCHANGE,$MM3EXECFIRM,GFL,4428,ABC,*,$MM3EXCHANGE,$MM3,300,$STRATEGY1,O,2,9,19,D,21/12/2003 6:00:00.0,14,1,0,00,0,-,-,$AUCTION126,$MM3,$MM3,C,FALSE,C,U,0,-,-,$SESSION1,2,$CLASS1PRODUCT1,$MM3EXCHANGE,$MM3EXECFIRM,C,C,$CLASS1PRODUCT2,$MM3EXCHANGE,$MM3EXECFIRM,C,C,TRUE,TRUE,Comment
STRATEGYORDER,$MM4,$MM4EXCHANGE,$MM4EXECFIRM,LUS,148,ABC,*,$MM4EXCHANGE,$MM4,200,$STRATEGY1,O,2,9,19,D,21/12/2003 6:00:00.0,1,1,0,00,0,-,-,-,$MM4,$MM4,C,FALSE,F,U,0,-,-,$SESSION1,2,$CLASS1PRODUCT1,$MM4EXCHANGE,$MM4EXECFIRM,C,C,$CLASS1PRODUCT2,$MM4EXCHANGE,$MM4EXECFIRM,C,C,TRUE,TRUE,This is the Strategy order: BA:250
PAUSE,5000
ORDERFILLVERIFICATION,$MM3,$MM3EXCHANGE,$MM3EXECFIRM,GFL,4428,ABC,*,0,0,3,300,1,2,9,19,TRUE,TRUE,Comment
ORDERFILLVERIFICATION,$MM1,$MM1EXCHANGE,$MM1EXECFIRM,DVI,5307,ABC,*,0,0,3,300,1,2,-9,19,TRUE,TRUE,Comment
ORDERCANCELVERIFICATION,$MM2,$MM2EXCHANGE,$MM2EXECFIRM,QXY,7108,ABC,*,$SESSION1,$STRATEGY1,3,50,TRUE,TRUE,Comment
ORDERCANCELVERIFICATION,$MM1,$MM1EXCHANGE,$MM1EXECFIRM,DVI,53071,ABC,*,$SESSION1,$STRATEGY1,3,300,TRUE,TRUE,Comment
TOPOFBOOKVERIFICATION,$MM1,$SESSION1,$STRATEGY1,0,1,0,00,200,2,9,19,TRUE,TRUE,Comment
ORDERCANCELBYIDNOWAIT,$MM4,$MM4EXCHANGE,$MM4EXECFIRM,LUS,148,ABC,*,200,$SESSION1,1,TRUE,TRUE,Comment
ORDERCANCELVERIFICATION,$MM4,$MM4EXCHANGE,$MM4EXECFIRM,LUS,148,ABC,*,$SESSION1,$STRATEGY1,2,200,TRUE,TRUE,Comment
PAUSE,1000
TOPOFBOOKVERIFICATION,$MM1,$SESSION1,$STRATEGY1,0,1,0,00,0,1,0,00,TRUE,TRUE,Comment
TOPOFBOOKVERIFICATION,$MM1,$SESSION1,$CLASS1PRODUCT1,100,2,10,00,100,2,10,20,TRUE,TRUE,Comment
TOPOFBOOKVERIFICATION,$MM1,$SESSION1,$CLASS1PRODUCT2,100,2,1,00,100,2,1,20,TRUE,TRUE,Comment
QUOTECANCEL,$MM1,$SESSION1,$CLASS1PRODUCT1,2,TRUE,TRUE,Comment
QUOTECANCELVERIFICATION,$MM1,$SESSION1,$CLASS1PRODUCT1,2,TRUE,TRUE,Comment
QUOTECANCEL,$MM1,$SESSION1,$CLASS1PRODUCT2,2,TRUE,TRUE,Comment
QUOTECANCELVERIFICATION,$MM1,$SESSION1,$CLASS1PRODUCT2,2,TRUE,TRUE,Comment

COMMENT, Test Case 8:CONDITION:All responses are at the SAME price point. CONDITION:Internationalization Guaranteed Percentage 40% for MO when there are 2 or more responses. CONDITION:All RFPs are CUSTOMERS. CONDITION:Inbound Complex Order as an auction response FIRM and arrives AFTER all CUSTOMER RFPs
CLEARALLCALLBACKS,$MM1
PRODUCTSTATEQUERY,$SA1,$SESSION1,$CLASS1PRODUCT1,4,TRUE,TRUE,Comment
PRODUCTSTATEQUERY,$SA1,$SESSION1,$CLASS1PRODUCT2,4,TRUE,TRUE,Comment
TOPOFBOOKVERIFICATION,$MM1,$SESSION1,$CLASS1PRODUCT1,0,1,0,00,0,1,0,00,TRUE,TRUE,Comment
TOPOFBOOKVERIFICATION,$MM1,$SESSION1,$CLASS1PRODUCT2,0,1,0,00,0,1,0,00,TRUE,TRUE,Comment
QUOTE,$MM1,2,10,00,100,2,10,20,100,$CLASS1PRODUCT1,$SESSION1,User Assigned Id..,TRUE,TRUE,Comment
PAUSE,1000
CURRENTMARKETV4BESTMARKETQUERY,$MM1,CBOE2,$CLASS1PRODUCT1,100,2,10,00,100,2,10,20,TRUE,TRUE,Comment
QUOTE,$MM1,2,1,00,100,2,1,20,100,$CLASS1PRODUCT2,$SESSION1,User Assigned Id..,TRUE,TRUE,Comment
PAUSE,1000
CURRENTMARKETV4BESTMARKETQUERY,$MM1,CBOE2,$CLASS1PRODUCT2,100,2,1,00,100,2,1,20,TRUE,TRUE,Comment
SETPRODUCTSTATEBYPRODUCT,$SA1,$SESSION1,$STRATEGY1,$STRATEGYCLASS1,1,TRUE,TRUE,Comment
PRODUCTSTATEQUERY,$SA1,$SESSION1,$STRATEGY1,1,TRUE,TRUE,Comment
SETPRODUCTSTATEBYPRODUCT,$SA1,$SESSION1,$STRATEGY1,$STRATEGYCLASS1,2,TRUE,TRUE,Comment
PRODUCTSTATEQUERY,$SA1,$SESSION1,$STRATEGY1,2,TRUE,TRUE,Comment
SETPRODUCTSTATEBYPRODUCT,$SA1,$SESSION1,$STRATEGY1,$STRATEGYCLASS1,3,TRUE,TRUE,Comment
PRODUCTSTATEQUERY,$SA1,$SESSION1,$STRATEGY1,3,TRUE,TRUE,Comment
SETPRODUCTSTATEBYPRODUCT,$SA1,$SESSION1,$STRATEGY1,$STRATEGYCLASS1,4,TRUE,TRUE,Comment
PRODUCTSTATEQUERY,$SA1,$SESSION1,$STRATEGY1,4,TRUE,TRUE,Comment
PAUSE,1000
TOPOFBOOKVERIFICATION,$MM1,$SESSION1,$STRATEGY1,0,1,0,00,0,1,0,00,TRUE,TRUE,Comment
INTERNALIZEDSTRATEGYORDER,$MM1,2,$MM1EXCHANGE,$MM1EXECFIRM,IBB,8311,ABC,*,$MM1EXCHANGE,$MM1,300,$STRATEGY1,D,2,-9,20,D,21/12/2003 6:00:00.0,1,1,0,00,0,-,-,-,$MM1,$MM1,C,FALSE,C,U,0,-,-,$SESSION1,$MM1EXCHANGE,$MM1EXECFIRM,IBB,83111,ABC,*,$MM1EXCHANGE,$MM1,300,$STRATEGY1,O,2,9,19,D,21/12/2003 6:00:00.0,1,1,0,00,0,-,-,-,$MM1,$MM1,C,FALSE,F,U,0,-,-,$SESSION1,2,$CLASS1PRODUCT1,$MM1EXCHANGE,$MM1EXECFIRM,C,C,$CLASS1PRODUCT2,$MM1EXCHANGE,$MM1EXECFIRM,C,C,TRUE,TRUE,Comment
PAUSE,1000
RFPQUERY,$MM1,$SESSION1,$STRATEGY1,$AUCTION126,D,300,1,0,00,TRUE,TRUE,Comment
STRATEGYORDER,$MM2,$MM2EXCHANGE,$MM2EXECFIRM,NPD,9536,ABC,*,$MM2EXCHANGE,$MM2,60,$STRATEGY1,O,2,9,19,D,21/12/2003 6:00:00.0,14,1,0,00,0,-,-,$AUCTION126,$MM2,$MM2,C,FALSE,C,U,0,-,-,$SESSION1,2,$CLASS1PRODUCT1,$MM2EXCHANGE,$MM2EXECFIRM,C,C,$CLASS1PRODUCT2,$MM2EXCHANGE,$MM2EXECFIRM,C,C,TRUE,TRUE,Comment
STRATEGYORDER,$MM3,$MM3EXCHANGE,$MM3EXECFIRM,KRP,5405,ABC,*,$MM3EXCHANGE,$MM3,300,$STRATEGY1,O,2,9,19,D,21/12/2003 6:00:00.0,14,1,0,00,0,-,-,$AUCTION126,$MM3,$MM3,C,FALSE,C,U,0,-,-,$SESSION1,2,$CLASS1PRODUCT1,$MM3EXCHANGE,$MM3EXECFIRM,C,C,$CLASS1PRODUCT2,$MM3EXCHANGE,$MM3EXECFIRM,C,C,TRUE,TRUE,Comment
STRATEGYORDER,$MM4,$MM4EXCHANGE,$MM4EXECFIRM,MRV,2660,ABC,*,$MM4EXCHANGE,$MM4,200,$STRATEGY1,O,2,9,19,D,21/12/2003 6:00:00.0,1,1,0,00,0,-,-,-,$MM4,$MM4,C,FALSE,F,U,0,-,-,$SESSION1,2,$CLASS1PRODUCT1,$MM4EXCHANGE,$MM4EXECFIRM,C,C,$CLASS1PRODUCT2,$MM4EXCHANGE,$MM4EXECFIRM,C,C,TRUE,TRUE,This is the Strategy order: BA:250
PAUSE,5000
ORDERFILLVERIFICATION,$MM2,$MM2EXCHANGE,$MM2EXECFIRM,NPD,9536,ABC,*,0,0,3,60,1,2,9,19,TRUE,TRUE,Comment
ORDERFILLVERIFICATION,$MM3,$MM3EXCHANGE,$MM3EXECFIRM,KRP,5405,ABC,*,60,60,1,240,1,2,9,19,TRUE,TRUE,Comment
ORDERFILLVERIFICATION,$MM1,$MM1EXCHANGE,$MM1EXECFIRM,IBB,8311,ABC,*,0,0,3,300,2,2,-9,19,TRUE,TRUE,Comment
ORDERCANCELVERIFICATION,$MM3,$MM3EXCHANGE,$MM3EXECFIRM,KRP,5405,ABC,*,$SESSION1,$STRATEGY1,3,60,TRUE,TRUE,Comment
ORDERCANCELVERIFICATION,$MM1,$MM1EXCHANGE,$MM1EXECFIRM,IBB,83111,ABC,*,$SESSION1,$STRATEGY1,3,300,TRUE,TRUE,Comment
TOPOFBOOKVERIFICATION,$MM1,$SESSION1,$STRATEGY1,0,1,0,00,200,2,9,19,TRUE,TRUE,Comment
ORDERCANCELBYIDNOWAIT,$MM4,$MM4EXCHANGE,$MM4EXECFIRM,MRV,2660,ABC,*,200,$SESSION1,1,TRUE,TRUE,Comment
ORDERCANCELVERIFICATION,$MM4,$MM4EXCHANGE,$MM4EXECFIRM,MRV,2660,ABC,*,$SESSION1,$STRATEGY1,2,200,TRUE,TRUE,Comment
PAUSE,1000
TOPOFBOOKVERIFICATION,$MM1,$SESSION1,$STRATEGY1,0,1,0,00,0,1,0,00,TRUE,TRUE,Comment
TOPOFBOOKVERIFICATION,$MM1,$SESSION1,$CLASS1PRODUCT1,100,2,10,00,100,2,10,20,TRUE,TRUE,Comment
TOPOFBOOKVERIFICATION,$MM1,$SESSION1,$CLASS1PRODUCT2,100,2,1,00,100,2,1,20,TRUE,TRUE,Comment
QUOTECANCEL,$MM1,$SESSION1,$CLASS1PRODUCT1,2,TRUE,TRUE,Comment
QUOTECANCELVERIFICATION,$MM1,$SESSION1,$CLASS1PRODUCT1,2,TRUE,TRUE,Comment
QUOTECANCEL,$MM1,$SESSION1,$CLASS1PRODUCT2,2,TRUE,TRUE,Comment
QUOTECANCELVERIFICATION,$MM1,$SESSION1,$CLASS1PRODUCT2,2,TRUE,TRUE,Comment

COMMENT, Test Case 9:CONDITION:All responses are at the SAME price point. CONDITION:Internationalization Guaranteed Percentage 40% for MO when there are 2 or more responses. CONDITION:All RFPs are CUSTOMERS. CONDITION:Inbound Complex Order as an auction response FIRM and arrives BEFORE any CUSTOMER RFPs
CLEARALLCALLBACKS,$MM1
PRODUCTSTATEQUERY,$SA1,$SESSION1,$CLASS1PRODUCT1,4,TRUE,TRUE,Comment
PRODUCTSTATEQUERY,$SA1,$SESSION1,$CLASS1PRODUCT2,4,TRUE,TRUE,Comment
TOPOFBOOKVERIFICATION,$MM1,$SESSION1,$CLASS1PRODUCT1,0,1,0,00,0,1,0,00,TRUE,TRUE,Comment
TOPOFBOOKVERIFICATION,$MM1,$SESSION1,$CLASS1PRODUCT2,0,1,0,00,0,1,0,00,TRUE,TRUE,Comment
QUOTE,$MM1,2,10,00,100,2,10,20,100,$CLASS1PRODUCT1,$SESSION1,User Assigned Id..,TRUE,TRUE,Comment
PAUSE,1000
CURRENTMARKETV4BESTMARKETQUERY,$MM1,CBOE2,$CLASS1PRODUCT1,100,2,10,00,100,2,10,20,TRUE,TRUE,Comment
QUOTE,$MM1,2,1,00,100,2,1,20,100,$CLASS1PRODUCT2,$SESSION1,User Assigned Id..,TRUE,TRUE,Comment
PAUSE,1000
CURRENTMARKETV4BESTMARKETQUERY,$MM1,CBOE2,$CLASS1PRODUCT2,100,2,1,00,100,2,1,20,TRUE,TRUE,Comment
SETPRODUCTSTATEBYPRODUCT,$SA1,$SESSION1,$STRATEGY1,$STRATEGYCLASS1,1,TRUE,TRUE,Comment
PRODUCTSTATEQUERY,$SA1,$SESSION1,$STRATEGY1,1,TRUE,TRUE,Comment
SETPRODUCTSTATEBYPRODUCT,$SA1,$SESSION1,$STRATEGY1,$STRATEGYCLASS1,2,TRUE,TRUE,Comment
PRODUCTSTATEQUERY,$SA1,$SESSION1,$STRATEGY1,2,TRUE,TRUE,Comment
SETPRODUCTSTATEBYPRODUCT,$SA1,$SESSION1,$STRATEGY1,$STRATEGYCLASS1,3,TRUE,TRUE,Comment
PRODUCTSTATEQUERY,$SA1,$SESSION1,$STRATEGY1,3,TRUE,TRUE,Comment
SETPRODUCTSTATEBYPRODUCT,$SA1,$SESSION1,$STRATEGY1,$STRATEGYCLASS1,4,TRUE,TRUE,Comment
PRODUCTSTATEQUERY,$SA1,$SESSION1,$STRATEGY1,4,TRUE,TRUE,Comment
PAUSE,1000
TOPOFBOOKVERIFICATION,$MM1,$SESSION1,$STRATEGY1,0,1,0,00,0,1,0,00,TRUE,TRUE,Comment
INTERNALIZEDSTRATEGYORDER,$MM1,2,$MM1EXCHANGE,$MM1EXECFIRM,OSY,5823,ABC,*,$MM1EXCHANGE,$MM1,300,$STRATEGY1,D,2,-9,20,D,21/12/2003 6:00:00.0,1,1,0,00,0,-,-,-,$MM1,$MM1,C,FALSE,C,U,0,-,-,$SESSION1,$MM1EXCHANGE,$MM1EXECFIRM,OSY,58231,ABC,*,$MM1EXCHANGE,$MM1,300,$STRATEGY1,O,2,9,19,D,21/12/2003 6:00:00.0,1,1,0,00,0,-,-,-,$MM1,$MM1,C,FALSE,F,U,0,-,-,$SESSION1,2,$CLASS1PRODUCT1,$MM1EXCHANGE,$MM1EXECFIRM,C,C,$CLASS1PRODUCT2,$MM1EXCHANGE,$MM1EXECFIRM,C,C,TRUE,TRUE,Comment
PAUSE,1000
RFPQUERY,$MM1,$SESSION1,$STRATEGY1,$AUCTION126,D,300,1,0,00,TRUE,TRUE,Comment
STRATEGYORDER,$MM4,$MM4EXCHANGE,$MM4EXECFIRM,GVX,7611,ABC,*,$MM4EXCHANGE,$MM4,200,$STRATEGY1,O,2,9,19,D,21/12/2003 6:00:00.0,1,1,0,00,0,-,-,-,$MM4,$MM4,C,FALSE,F,U,0,-,-,$SESSION1,2,$CLASS1PRODUCT1,$MM4EXCHANGE,$MM4EXECFIRM,C,C,$CLASS1PRODUCT2,$MM4EXCHANGE,$MM4EXECFIRM,C,C,TRUE,TRUE,This is the Strategy order: BA:250
STRATEGYORDER,$MM2,$MM2EXCHANGE,$MM2EXECFIRM,XPV,7837,ABC,*,$MM2EXCHANGE,$MM2,60,$STRATEGY1,O,2,9,19,D,21/12/2003 6:00:00.0,14,1,0,00,0,-,-,$AUCTION126,$MM2,$MM2,C,FALSE,C,U,0,-,-,$SESSION1,2,$CLASS1PRODUCT1,$MM2EXCHANGE,$MM2EXECFIRM,C,C,$CLASS1PRODUCT2,$MM2EXCHANGE,$MM2EXECFIRM,C,C,TRUE,TRUE,Comment
STRATEGYORDER,$MM3,$MM3EXCHANGE,$MM3EXECFIRM,TVC,3314,ABC,*,$MM3EXCHANGE,$MM3,300,$STRATEGY1,O,2,9,19,D,21/12/2003 6:00:00.0,14,1,0,00,0,-,-,$AUCTION126,$MM3,$MM3,C,FALSE,C,U,0,-,-,$SESSION1,2,$CLASS1PRODUCT1,$MM3EXCHANGE,$MM3EXECFIRM,C,C,$CLASS1PRODUCT2,$MM3EXCHANGE,$MM3EXECFIRM,C,C,TRUE,TRUE,Comment
PAUSE,5000
ORDERFILLVERIFICATION,$MM2,$MM2EXCHANGE,$MM2EXECFIRM,XPV,7837,ABC,*,0,0,3,60,1,2,9,19,TRUE,TRUE,Comment
ORDERFILLVERIFICATION,$MM3,$MM3EXCHANGE,$MM3EXECFIRM,TVC,3314,ABC,*,60,60,1,240,1,2,9,19,TRUE,TRUE,Comment
ORDERFILLVERIFICATION,$MM1,$MM1EXCHANGE,$MM1EXECFIRM,OSY,5823,ABC,*,0,0,3,300,2,2,-9,19,TRUE,TRUE,Comment
ORDERCANCELVERIFICATION,$MM3,$MM3EXCHANGE,$MM3EXECFIRM,TVC,3314,ABC,*,$SESSION1,$STRATEGY1,3,60,TRUE,TRUE,Comment
ORDERCANCELVERIFICATION,$MM1,$MM1EXCHANGE,$MM1EXECFIRM,OSY,58231,ABC,*,$SESSION1,$STRATEGY1,3,300,TRUE,TRUE,Comment
TOPOFBOOKVERIFICATION,$MM1,$SESSION1,$STRATEGY1,0,1,0,00,200,2,9,19,TRUE,TRUE,Comment
ORDERCANCELBYIDNOWAIT,$MM4,$MM4EXCHANGE,$MM4EXECFIRM,GVX,7611,ABC,*,200,$SESSION1,1,TRUE,TRUE,Comment
ORDERCANCELVERIFICATION,$MM4,$MM4EXCHANGE,$MM4EXECFIRM,GVX,7611,ABC,*,$SESSION1,$STRATEGY1,2,200,TRUE,TRUE,Comment
PAUSE,1000
TOPOFBOOKVERIFICATION,$MM1,$SESSION1,$STRATEGY1,0,1,0,00,0,1,0,00,TRUE,TRUE,Comment
TOPOFBOOKVERIFICATION,$MM1,$SESSION1,$CLASS1PRODUCT1,100,2,10,00,100,2,10,20,TRUE,TRUE,Comment
TOPOFBOOKVERIFICATION,$MM1,$SESSION1,$CLASS1PRODUCT2,100,2,1,00,100,2,1,20,TRUE,TRUE,Comment
QUOTECANCEL,$MM1,$SESSION1,$CLASS1PRODUCT1,2,TRUE,TRUE,Comment
QUOTECANCELVERIFICATION,$MM1,$SESSION1,$CLASS1PRODUCT1,2,TRUE,TRUE,Comment
QUOTECANCEL,$MM1,$SESSION1,$CLASS1PRODUCT2,2,TRUE,TRUE,Comment
QUOTECANCELVERIFICATION,$MM1,$SESSION1,$CLASS1PRODUCT2,2,TRUE,TRUE,Comment

COMMENT, Test Case 10:CONDITION:All responses are at the SAME price point. CONDITION:Internationalization Guaranteed Percentage 40% for MO when there are 2 or more responses. CONDITION:All RFPs are CUSTOMERS. CONDITION:Inbound Complex Order as an auction response FIRM and arrives AFTER the first CUSTOMER RFP but before the last CUSTOMER RFP
CLEARALLCALLBACKS,$MM1
PRODUCTSTATEQUERY,$SA1,$SESSION1,$CLASS1PRODUCT1,4,TRUE,TRUE,Comment
PRODUCTSTATEQUERY,$SA1,$SESSION1,$CLASS1PRODUCT2,4,TRUE,TRUE,Comment
TOPOFBOOKVERIFICATION,$MM1,$SESSION1,$CLASS1PRODUCT1,0,1,0,00,0,1,0,00,TRUE,TRUE,Comment
TOPOFBOOKVERIFICATION,$MM1,$SESSION1,$CLASS1PRODUCT2,0,1,0,00,0,1,0,00,TRUE,TRUE,Comment
QUOTE,$MM1,2,10,00,100,2,10,20,100,$CLASS1PRODUCT1,$SESSION1,User Assigned Id..,TRUE,TRUE,Comment
PAUSE,1000
CURRENTMARKETV4BESTMARKETQUERY,$MM1,CBOE2,$CLASS1PRODUCT1,100,2,10,00,100,2,10,20,TRUE,TRUE,Comment
QUOTE,$MM1,2,1,00,100,2,1,20,100,$CLASS1PRODUCT2,$SESSION1,User Assigned Id..,TRUE,TRUE,Comment
PAUSE,1000
CURRENTMARKETV4BESTMARKETQUERY,$MM1,CBOE2,$CLASS1PRODUCT2,100,2,1,00,100,2,1,20,TRUE,TRUE,Comment
SETPRODUCTSTATEBYPRODUCT,$SA1,$SESSION1,$STRATEGY1,$STRATEGYCLASS1,1,TRUE,TRUE,Comment
PRODUCTSTATEQUERY,$SA1,$SESSION1,$STRATEGY1,1,TRUE,TRUE,Comment
SETPRODUCTSTATEBYPRODUCT,$SA1,$SESSION1,$STRATEGY1,$STRATEGYCLASS1,2,TRUE,TRUE,Comment
PRODUCTSTATEQUERY,$SA1,$SESSION1,$STRATEGY1,2,TRUE,TRUE,Comment
SETPRODUCTSTATEBYPRODUCT,$SA1,$SESSION1,$STRATEGY1,$STRATEGYCLASS1,3,TRUE,TRUE,Comment
PRODUCTSTATEQUERY,$SA1,$SESSION1,$STRATEGY1,3,TRUE,TRUE,Comment
SETPRODUCTSTATEBYPRODUCT,$SA1,$SESSION1,$STRATEGY1,$STRATEGYCLASS1,4,TRUE,TRUE,Comment
PRODUCTSTATEQUERY,$SA1,$SESSION1,$STRATEGY1,4,TRUE,TRUE,Comment
PAUSE,1000
TOPOFBOOKVERIFICATION,$MM1,$SESSION1,$STRATEGY1,0,1,0,00,0,1,0,00,TRUE,TRUE,Comment
INTERNALIZEDSTRATEGYORDER,$MM1,2,$MM1EXCHANGE,$MM1EXECFIRM,EGM,2519,ABC,*,$MM1EXCHANGE,$MM1,300,$STRATEGY1,D,2,-9,20,D,21/12/2003 6:00:00.0,1,1,0,00,0,-,-,-,$MM1,$MM1,C,FALSE,C,U,0,-,-,$SESSION1,$MM1EXCHANGE,$MM1EXECFIRM,EGM,25191,ABC,*,$MM1EXCHANGE,$MM1,300,$STRATEGY1,O,2,9,19,D,21/12/2003 6:00:00.0,1,1,0,00,0,-,-,-,$MM1,$MM1,C,FALSE,F,U,0,-,-,$SESSION1,2,$CLASS1PRODUCT1,$MM1EXCHANGE,$MM1EXECFIRM,C,C,$CLASS1PRODUCT2,$MM1EXCHANGE,$MM1EXECFIRM,C,C,TRUE,TRUE,Comment
PAUSE,1000
RFPQUERY,$MM1,$SESSION1,$STRATEGY1,$AUCTION126,D,300,1,0,00,TRUE,TRUE,Comment
STRATEGYORDER,$MM2,$MM2EXCHANGE,$MM2EXECFIRM,IRP,8656,ABC,*,$MM2EXCHANGE,$MM2,60,$STRATEGY1,O,2,9,19,D,21/12/2003 6:00:00.0,14,1,0,00,0,-,-,$AUCTION126,$MM2,$MM2,C,FALSE,C,U,0,-,-,$SESSION1,2,$CLASS1PRODUCT1,$MM2EXCHANGE,$MM2EXECFIRM,C,C,$CLASS1PRODUCT2,$MM2EXCHANGE,$MM2EXECFIRM,C,C,TRUE,TRUE,Comment
STRATEGYORDER,$MM4,$MM4EXCHANGE,$MM4EXECFIRM,FES,338,ABC,*,$MM4EXCHANGE,$MM4,200,$STRATEGY1,O,2,9,19,D,21/12/2003 6:00:00.0,1,1,0,00,0,-,-,-,$MM4,$MM4,C,FALSE,F,U,0,-,-,$SESSION1,2,$CLASS1PRODUCT1,$MM4EXCHANGE,$MM4EXECFIRM,C,C,$CLASS1PRODUCT2,$MM4EXCHANGE,$MM4EXECFIRM,C,C,TRUE,TRUE,This is the Strategy order: BA:250
STRATEGYORDER,$MM3,$MM3EXCHANGE,$MM3EXECFIRM,VMQ,1269,ABC,*,$MM3EXCHANGE,$MM3,300,$STRATEGY1,O,2,9,19,D,21/12/2003 6:00:00.0,14,1,0,00,0,-,-,$AUCTION126,$MM3,$MM3,C,FALSE,C,U,0,-,-,$SESSION1,2,$CLASS1PRODUCT1,$MM3EXCHANGE,$MM3EXECFIRM,C,C,$CLASS1PRODUCT2,$MM3EXCHANGE,$MM3EXECFIRM,C,C,TRUE,TRUE,Comment
PAUSE,5000
ORDERFILLVERIFICATION,$MM2,$MM2EXCHANGE,$MM2EXECFIRM,IRP,8656,ABC,*,0,0,3,60,1,2,9,19,TRUE,TRUE,Comment
ORDERFILLVERIFICATION,$MM3,$MM3EXCHANGE,$MM3EXECFIRM,VMQ,1269,ABC,*,60,60,1,240,1,2,9,19,TRUE,TRUE,Comment
ORDERFILLVERIFICATION,$MM1,$MM1EXCHANGE,$MM1EXECFIRM,EGM,2519,ABC,*,0,0,3,300,2,2,-9,19,TRUE,TRUE,Comment
ORDERCANCELVERIFICATION,$MM3,$MM3EXCHANGE,$MM3EXECFIRM,VMQ,1269,ABC,*,$SESSION1,$STRATEGY1,3,60,TRUE,TRUE,Comment
ORDERCANCELVERIFICATION,$MM1,$MM1EXCHANGE,$MM1EXECFIRM,EGM,25191,ABC,*,$SESSION1,$STRATEGY1,3,300,TRUE,TRUE,Comment
TOPOFBOOKVERIFICATION,$MM1,$SESSION1,$STRATEGY1,0,1,0,00,200,2,9,19,TRUE,TRUE,Comment
ORDERCANCELBYIDNOWAIT,$MM4,$MM4EXCHANGE,$MM4EXECFIRM,FES,338,ABC,*,200,$SESSION1,1,TRUE,TRUE,Comment
ORDERCANCELVERIFICATION,$MM4,$MM4EXCHANGE,$MM4EXECFIRM,FES,338,ABC,*,$SESSION1,$STRATEGY1,2,200,TRUE,TRUE,Comment
PAUSE,1000
TOPOFBOOKVERIFICATION,$MM1,$SESSION1,$STRATEGY1,0,1,0,00,0,1,0,00,TRUE,TRUE,Comment
TOPOFBOOKVERIFICATION,$MM1,$SESSION1,$CLASS1PRODUCT1,100,2,10,00,100,2,10,20,TRUE,TRUE,Comment
TOPOFBOOKVERIFICATION,$MM1,$SESSION1,$CLASS1PRODUCT2,100,2,1,00,100,2,1,20,TRUE,TRUE,Comment
QUOTECANCEL,$MM1,$SESSION1,$CLASS1PRODUCT1,2,TRUE,TRUE,Comment
QUOTECANCELVERIFICATION,$MM1,$SESSION1,$CLASS1PRODUCT1,2,TRUE,TRUE,Comment
QUOTECANCEL,$MM1,$SESSION1,$CLASS1PRODUCT2,2,TRUE,TRUE,Comment
QUOTECANCELVERIFICATION,$MM1,$SESSION1,$CLASS1PRODUCT2,2,TRUE,TRUE,Comment

COMMENT, Test Case:Cleaning Up Task
TRADERLOGOUT,$MM3,TRUE,TRUE,Comment
TRADERLOGOUT,$MM2,TRUE,TRUE,Comment
TRADERLOGOUT,$MM1,TRUE,TRUE,Comment
TRADERLOGOUT,$MM4,TRUE,TRUE,Comment

SALOGOUT,$SA1,TRUE,TRUE,Comment
ENDPOINT,
PRINTOUTPUTSUMMARY,