TESTSUITENAME,BOB_Class:TB_BUTTON_for_COB_PART_1C WR 6357 Test Plan
PRINTOUTPUTHEADING,
STARTPOINT,
SALOGIN,$SA1,$SA1,TRUE,TRUE,Comment


COMMENT, Test Cases:8

COMMENT, Test Environment Setup
SELECTCLASSESANDPRODUCTS,$SA1,$SESSION1,7,1,CLASS,2,PRODUCT,$HYBRIDCLASSLIST1,TRUE,TRUE,Comment
VERIFYSESSIONSTATE,$SA1,$SESSION1,2,TRUE,TRUE,Comment

COMMENT, User Setup
CREATEUSER,$SA1,$MM1,$MM1EXCHANGE,$MM1EXECFIRM,M,1,Automated API $MM1 User,FALSE,TRUE,TRUE,New User for Clearing Firm "671" and Exchange "CBOE" !
VERIFYUSEREXISTENCE,$SA1,$MM1EXCHANGE,$MM1,M,TRUE,TRUE,TRUE,Comment
CREATEUSER,$SA1,$MM2,$MM2EXCHANGE,$MM2EXECFIRM,N,1,Automated API $MM2 User,FALSE,TRUE,TRUE,New User for Clearing Firm "671" and Exchange "CBOE" !
VERIFYUSEREXISTENCE,$SA1,$MM2EXCHANGE,$MM2,N,TRUE,TRUE,TRUE,Comment
TRADERLOGIN,$MM1,$MM1,$CASANDPORT,TRUE,TRUE,Comment
TRADERLOGIN,$MM2,$MM2,$CASANDPORT,TRUE,TRUE,Comment

STRATEGYCREATE,$MM1,$SESSION1,$CLASS1,$STRATEGY1,2,$CLASS1PRODUCT1,1,B,$CLASS1PRODUCT2,1,S,TRUE,TRUE,Comment

COMMENT, Trading Property Setup
SETAUCTIONENABLED,$SA1,$SESSION1,$STRATEGYCLASS1,2:true,TRUE,TRUE,Comment
PAUSE,2000
VERIFYAUCTIONENABLED,$SA1,$SESSION1,$STRATEGYCLASS1,2:true,TRUE,TRUE,Comment
SETAUCTIONTIMETOLIVE,$SA1,$SESSION1,$STRATEGYCLASS1,2:1000-1000,TRUE,TRUE,Comment
PAUSE,2000
VERIFYAUCTIONTIMETOLIVE,$SA1,$SESSION1,$STRATEGYCLASS1,2:1000-1000,TRUE,TRUE,Comment
SETALLOWMARKETORDER,$SA1,$SESSION1,$STRATEGYCLASS1,TRUE,TRUE,TRUE,Comment
PAUSE,2000
VERIFYALLOWMARKETORDER,$SA1,$SESSION1,$STRATEGYCLASS1,TRUE,TRUE,TRUE,Comment
SETAUCTIONMINQUOTERS,$SA1,$SESSION1,$STRATEGYCLASS1,2:0,TRUE,TRUE,Comment
PAUSE,2000
VERIFYAUCTIONMINQUOTERS,$SA1,$SESSION1,$STRATEGYCLASS1,2:0,TRUE,TRUE,Comment
SETAUCTIONMINMAXORDERSIZE,$SA1,$SESSION1,$STRATEGYCLASS1,2:1-99999,TRUE,TRUE,Comment
PAUSE,2000
VERIFYAUCTIONMINMAXORDERSIZE,$SA1,$SESSION1,$STRATEGYCLASS1,2:1-99999,TRUE,TRUE,Comment
SETAUCTIONRECEIVERTYPES,$SA1,$SESSION1,$STRATEGYCLASS1,2:1,TRUE,TRUE,Comment
PAUSE,2000
VERIFYAUCTIONRECEIVERTYPES,$SA1,$SESSION1,$STRATEGYCLASS1,2:1,TRUE,TRUE,Comment
SETINDEXHYBRIDINDICATOR,$SA1,$SESSION1,$CLASS1,TRUE,TRUE,TRUE,Comment
PAUSE,2000
VERIFYINDEXHYBRIDINDICATOR,$SA1,$SESSION1,$CLASS1,TRUE,TRUE,TRUE,Comment
SETINDEXHYBRIDINDICATOR,$SA1,$SESSION1,$STRATEGYCLASS1,TRUE,TRUE,TRUE,Comment
PAUSE,2000
VERIFYINDEXHYBRIDINDICATOR,$SA1,$SESSION1,$STRATEGYCLASS1,TRUE,TRUE,TRUE,Comment
SETEXCHANGEPRESCRIBEDWIDTH,$SA1,$SESSION1,$STRATEGYCLASS1,0.0-999.0:999.0,TRUE,TRUE,Comment
PAUSE,2000
VERIFYEXCHANGEPRESCRIBEDWIDTH,$SA1,$SESSION1,$STRATEGYCLASS1,0.0-999.0:999.0,TRUE,TRUE,Comment
SETAUCTIONENABLED,$SA1,$SESSION1,$CLASS1,-8:false;5:false,TRUE,TRUE,Comment
PAUSE,2000
VERIFYAUCTIONENABLED,$SA1,$SESSION1,$CLASS1,-8:false;5:false,TRUE,TRUE,Comment
SETMANUALQUOTECANCELTIMERFORPAR,$SA1,$SESSION1,$CLASS1,1800000,TRUE,TRUE,Comment
PAUSE,2000
VERIFYMANUALQUOTECANCELTIMERFORPAR,$SA1,$SESSION1,$CLASS1,1800000,TRUE,TRUE,Comment
SETAUTOEXSIZEAGAINSTNONCUSTOMER,$SA1,$SESSION1,$CLASS1,999,TRUE,TRUE,Comment
PAUSE,2000
VERIFYAUTOEXSIZEAGAINSTNONCUSTOMER,$SA1,$SESSION1,$CLASS1,999,TRUE,TRUE,Comment
SETRECOAINTERVAL,$SA1,$SESSION1,$STRATEGYCLASS1,0,TRUE,TRUE,Comment
PAUSE,2000
VERIFYRECOAINTERVAL,$SA1,$SESSION1,$STRATEGYCLASS1,0,TRUE,TRUE,Comment
SETTICKSAWAYFORRECOA,$SA1,$SESSION1,$STRATEGYCLASS1,0,TRUE,TRUE,Comment
PAUSE,2000
VERIFYTICKSAWAYFORRECOA,$SA1,$SESSION1,$STRATEGYCLASS1,0,TRUE,TRUE,Comment
SETEXTREMELYWIDEQUOTEWIDTH,$SA1,$SESSION1,$CLASS1,0.0-100.0=10.0,TRUE,TRUE,Comment
PAUSE,2000
VERIFYEXTREMELYWIDEQUOTEWIDTH,$SA1,$SESSION1,$CLASS1,0.0-100.0=10.0,TRUE,TRUE,Comment

COMMENT, Routing Property Setup
SETFIRMVOLUMELIMIT,$SA1,$SESSION1,$MM2EXCHANGE,$MM2EXECFIRM,$CLASS1,49999,TRUE,TRUE,Comment
PAUSE,2000
VERIFYFIRMVOLUMELIMIT,$SA1,$SESSION1,$MM2EXCHANGE,$MM2EXECFIRM,$CLASS1,49999,TRUE,TRUE,Comment
SETFIRMVOLUMELIMIT,$SA1,$SESSION1,$MM2EXCHANGE,$MM2EXECFIRM,$CLASS1,49999,TRUE,TRUE,Comment
PAUSE,2000
VERIFYFIRMVOLUMELIMIT,$SA1,$SESSION1,$MM2EXCHANGE,$MM2EXECFIRM,$CLASS1,49999,TRUE,TRUE,Comment
SETFIRMVOLUMELIMIT,$SA1,$SESSION1,$MM2EXCHANGE,$MM2EXECFIRM,$STRATEGYCLASS1,49999,TRUE,TRUE,Comment
PAUSE,2000
VERIFYFIRMVOLUMELIMIT,$SA1,$SESSION1,$MM2EXCHANGE,$MM2EXECFIRM,$STRATEGYCLASS1,49999,TRUE,TRUE,Comment
SETHELPDESKDEFAULTDESTINATION,$SA1,$SESSION1,$MM2EXCHANGE,$MM2EXECFIRM,$CLASS1,$HOMT1,TRUE,TRUE,Comment
PAUSE,2000
VERIFYHELPDESKDEFAULTDESTINATION,$SA1,$SESSION1,$MM2EXCHANGE,$MM2EXECFIRM,$CLASS1,$HOMT1:7,TRUE,TRUE,Comment
SETHELPDESKDEFAULTDESTINATION,$SA1,$SESSION1,$MM2EXCHANGE,$MM2EXECFIRM,$CLASS1,$HOMT1,TRUE,TRUE,Comment
PAUSE,2000
VERIFYHELPDESKDEFAULTDESTINATION,$SA1,$SESSION1,$MM2EXCHANGE,$MM2EXECFIRM,$CLASS1,$HOMT1:7,TRUE,TRUE,Comment
SETHELPDESKDEFAULTDESTINATION,$SA1,$SESSION1,$MM2EXCHANGE,$MM2EXECFIRM,$STRATEGYCLASS1,$HOMT1,TRUE,TRUE,Comment
PAUSE,2000
VERIFYHELPDESKDEFAULTDESTINATION,$SA1,$SESSION1,$MM2EXCHANGE,$MM2EXECFIRM,$STRATEGYCLASS1,$HOMT1:7,TRUE,TRUE,Comment
SETVOLUMEDEVIATION,$SA1,$SESSION1,$MM2EXCHANGE,$MM2EXECFIRM,$CLASS1,*,1,49999,All,$TE,SIMPLE,TRUE,TRUE,Comment
PAUSE,2000
VERIFYVOLUMEDEVIATION,$SA1,$SESSION1,$MM2EXCHANGE,$MM2EXECFIRM,$CLASS1,*,1,49999,All,$TE,SIMPLE,TRUE,TRUE,Comment
SETVOLUMEDEVIATION,$SA1,$SESSION1,$MM2EXCHANGE,$MM2EXECFIRM,$CLASS1,*,1,49999,All,$TE,SIMPLE,TRUE,TRUE,Comment
PAUSE,2000
VERIFYVOLUMEDEVIATION,$SA1,$SESSION1,$MM2EXCHANGE,$MM2EXECFIRM,$CLASS1,*,1,49999,All,$TE,SIMPLE,TRUE,TRUE,Comment
SETVOLUMEDEVIATION,$SA1,$SESSION1,$MM2EXCHANGE,$MM2EXECFIRM,$STRATEGYCLASS1,*,1,49999,All,$TE,COMPLEX,TRUE,TRUE,Comment
PAUSE,2000
VERIFYVOLUMEDEVIATION,$SA1,$SESSION1,$MM2EXCHANGE,$MM2EXECFIRM,$STRATEGYCLASS1,*,1,49999,All,$TE,COMPLEX,TRUE,TRUE,Comment
SETCOAELIGIBLE,$SA1,$SESSION1,$MM2EXCHANGE,$MM2EXECFIRM,$STRATEGYCLASS1,*,1,TRUE,TRUE,Comment
PAUSE,2000
VERIFYCOAELIGIBLE,$SA1,$SESSION1,$MM2EXCHANGE,$MM2EXECFIRM,$STRATEGYCLASS1,*,1,TRUE,TRUE,Comment


COMMENT, Pre-Test Settings
SUBSCRIBECURRENTMARKET,$MM1,$SESSION1,$CLASS1,$CLASS1PRODUCT1,TRUE,TRUE,Comment
SUBSCRIBECURRENTMARKET,$MM1,$SESSION1,$CLASS1,$CLASS1PRODUCT2,TRUE,TRUE,Comment
SUBSCRIBERECAP,$MM1,$SESSION1,$STRATEGY1,TRUE,TRUE,Comment
SUBSCRIBEAUCTION,$MM1,$SESSION1,$STRATEGYCLASS1,2,TRUE,TRUE,Comment

COMMENT, Test Case 1:CONDITION:Resting Customer and NON-Customer Simple Orders on all legs. CONDITION:Resting Customer and NON-Customer Complex Order at price BETTER than DSM.:Manual Quotes are resting at the SAME price as resting Simple Orders on all legs. CONDITION:Manual Quotes are resting at BETTER price than the Auto Quotes. EXPECTED BEHAVIOR:Inbound Complex Order from PAR trades with resting Customer Complex orders and the remainder is routed back to PAR
CLEARALLCALLBACKS,$MM1
SETPRODUCTSTATEBYPRODUCT,$SA1,$SESSION1,$CLASS1PRODUCT1,$CLASS1,1,TRUE,TRUE,Comment
PRODUCTSTATEQUERY,$SA1,$SESSION1,$CLASS1PRODUCT1,1,TRUE,TRUE,Comment
SETPRODUCTSTATEBYPRODUCT,$SA1,$SESSION1,$CLASS1PRODUCT2,$CLASS1,1,TRUE,TRUE,Comment
PRODUCTSTATEQUERY,$SA1,$SESSION1,$CLASS1PRODUCT2,1,TRUE,TRUE,Comment
SETPRODUCTSTATEBYPRODUCT,$SA1,$SESSION1,$CLASS1PRODUCT1,$CLASS1,2,TRUE,TRUE,Comment
PRODUCTSTATEQUERY,$SA1,$SESSION1,$CLASS1PRODUCT1,2,TRUE,TRUE,Comment
SETPRODUCTSTATEBYPRODUCT,$SA1,$SESSION1,$CLASS1PRODUCT2,$CLASS1,2,TRUE,TRUE,Comment
PRODUCTSTATEQUERY,$SA1,$SESSION1,$CLASS1PRODUCT2,2,TRUE,TRUE,Comment
SETPRODUCTSTATEBYPRODUCT,$SA1,$SESSION1,$CLASS1PRODUCT1,$CLASS1,3,TRUE,TRUE,Comment
PRODUCTSTATEQUERY,$SA1,$SESSION1,$CLASS1PRODUCT1,3,TRUE,TRUE,Comment
SETPRODUCTSTATEBYPRODUCT,$SA1,$SESSION1,$CLASS1PRODUCT2,$CLASS1,3,TRUE,TRUE,Comment
PRODUCTSTATEQUERY,$SA1,$SESSION1,$CLASS1PRODUCT2,3,TRUE,TRUE,Comment
SETPRODUCTSTATEBYPRODUCT,$SA1,$SESSION1,$CLASS1PRODUCT1,$CLASS1,4,TRUE,TRUE,Comment
PRODUCTSTATEQUERY,$SA1,$SESSION1,$CLASS1PRODUCT1,4,TRUE,TRUE,Comment
SETPRODUCTSTATEBYPRODUCT,$SA1,$SESSION1,$CLASS1PRODUCT2,$CLASS1,4,TRUE,TRUE,Comment
PRODUCTSTATEQUERY,$SA1,$SESSION1,$CLASS1PRODUCT2,4,TRUE,TRUE,Comment
TOPOFBOOKVERIFICATION,$MM1,$SESSION1,$CLASS1PRODUCT1,0,1,0,00,0,1,0,00,TRUE,TRUE,Comment
TOPOFBOOKVERIFICATION,$MM1,$SESSION1,$CLASS1PRODUCT2,0,1,0,00,0,1,0,00,TRUE,TRUE,Comment
PARLOGIN,$PAR1,$PAR_PWD1,$WORKSTATION1,$PARCONN1,TRUE,TRUE,Comment

QUOTE,$MM1,2,9,90,100,2,10,30,100,$CLASS1PRODUCT1,$SESSION1,User Assigned Id..,TRUE,TRUE,Comment
PAUSE,1000
CURRENTMARKETV4BESTMARKETQUERY,$MM1,CBOE,$CLASS1PRODUCT1,100,2,9,90,100,2,10,30,TRUE,TRUE,Comment
QUOTE,$MM1,2,0,90,100,2,1,30,100,$CLASS1PRODUCT2,$SESSION1,User Assigned Id..,TRUE,TRUE,Comment
PAUSE,1000
CURRENTMARKETV4BESTMARKETQUERY,$MM1,CBOE,$CLASS1PRODUCT2,100,2,0,90,100,2,1,30,TRUE,TRUE,Comment
SETPRODUCTSTATEBYPRODUCT,$SA1,$SESSION1,$STRATEGY1,$STRATEGYCLASS1,1,TRUE,TRUE,Comment
PRODUCTSTATEQUERY,$SA1,$SESSION1,$STRATEGY1,1,TRUE,TRUE,Comment
SETPRODUCTSTATEBYPRODUCT,$SA1,$SESSION1,$STRATEGY1,$STRATEGYCLASS1,2,TRUE,TRUE,Comment
PRODUCTSTATEQUERY,$SA1,$SESSION1,$STRATEGY1,2,TRUE,TRUE,Comment
SETPRODUCTSTATEBYPRODUCT,$SA1,$SESSION1,$STRATEGY1,$STRATEGYCLASS1,3,TRUE,TRUE,Comment
PRODUCTSTATEQUERY,$SA1,$SESSION1,$STRATEGY1,3,TRUE,TRUE,Comment
SETPRODUCTSTATEBYPRODUCT,$SA1,$SESSION1,$STRATEGY1,$STRATEGYCLASS1,4,TRUE,TRUE,Comment
PRODUCTSTATEQUERY,$SA1,$SESSION1,$STRATEGY1,4,TRUE,TRUE,Comment
TOPOFBOOKVERIFICATION,$MM1,$SESSION1,$STRATEGY1,0,1,0,00,0,1,0,00,TRUE,TRUE,Comment
MANUALQUOTE,$WORKSTATION1,$PAR1,$MM2,$CLASS1PRODUCT1,Y,B,100,10.00,$SA1,TRUE,TRUE,Comment
MANUALQUOTE,$WORKSTATION1,$PAR1,$MM2,$CLASS1PRODUCT1,Y,S,100,10.20,$SA1,TRUE,TRUE,Comment
MANUALQUOTE,$WORKSTATION1,$PAR1,$MM2,$CLASS1PRODUCT2,Y,B,100,1.00,$SA1,TRUE,TRUE,Comment
MANUALQUOTE,$WORKSTATION1,$PAR1,$MM2,$CLASS1PRODUCT2,Y,S,100,1.20,$SA1,TRUE,TRUE,Comment
ORDER,$MM1,$MM1EXCHANGE,$MM1EXECFIRM,BOT,4872,ABC,*,$MM1EXCHANGE,$MM1,50,$CLASS1PRODUCT1,S,2,10,20,D,21/12/2003 6:00:00.0,1,1,0,00,0,-,-,-,$MM1,$MM1,C,FALSE,C,U,0,-,-,$SESSION1,TRUE,TRUE,Comment
ORDER,$MM1,$MM1EXCHANGE,$MM1EXECFIRM,MJY,3556,ABC,*,$MM1EXCHANGE,$MM1,50,$CLASS1PRODUCT2,B,2,1,00,D,21/12/2003 6:00:00.0,1,1,0,00,0,-,-,-,$MM1,$MM1,C,FALSE,C,U,0,-,-,$SESSION1,TRUE,TRUE,Comment
ORDER,$MM1,$MM1EXCHANGE,$MM1EXECFIRM,LIY,4743,ABC,*,$MM1EXCHANGE,$MM1,100,$CLASS1PRODUCT1,S,2,10,20,D,21/12/2003 6:00:00.0,1,1,0,00,0,-,-,-,$MM1,$MM1,C,FALSE,E,U,0,-,-,$SESSION1,TRUE,TRUE,Comment
ORDER,$MM1,$MM1EXCHANGE,$MM1EXECFIRM,GJN,225,ABC,*,$MM1EXCHANGE,$MM1,100,$CLASS1PRODUCT2,B,2,1,00,D,21/12/2003 6:00:00.0,1,1,0,00,0,-,-,-,$MM1,$MM1,C,FALSE,E,U,0,-,-,$SESSION1,TRUE,TRUE,Comment
PAUSE,2000
TOPOFBOOKVERIFICATION,$MM1,$SESSION1,$CLASS1PRODUCT1,100,2,10,00,250,2,10,20,TRUE,TRUE,Comment
TOPOFBOOKVERIFICATION,$MM1,$SESSION1,$CLASS1PRODUCT2,250,2,1,00,100,2,1,20,TRUE,TRUE,Comment
STRATEGYORDER,$MM1,$MM1EXCHANGE,$MM1EXECFIRM,CKC,292,ABC,*,$MM1EXCHANGE,$MM1,100,$STRATEGY1,O,2,9,10,D,21/12/2003 6:00:00.0,1,1,0,00,0,-,-,-,$MM1,$MM1,C,FALSE,C,U,0,-,-,$SESSION1,2,$CLASS1PRODUCT1,$MM1EXCHANGE,$MM1EXECFIRM,C,C,$CLASS1PRODUCT2,$MM1EXCHANGE,$MM1EXECFIRM,C,C,TRUE,TRUE,This is the Strategy order: BA:250
PAUSE,1000
TOPOFBOOKVERIFICATION,$MM1,$SESSION1,$STRATEGY1,0,1,0,00,100,2,9,10,TRUE,TRUE,Comment
STRATEGYORDER,$MM1,$MM1EXCHANGE,$MM1EXECFIRM,GKH,6283,ABC,*,$MM1EXCHANGE,$MM1,100,$STRATEGY1,O,2,9,10,D,21/12/2003 6:00:00.0,1,1,0,00,0,-,-,-,$MM1,$MM1,C,FALSE,E,U,0,-,-,$SESSION1,2,$CLASS1PRODUCT1,$MM1EXCHANGE,$MM1EXECFIRM,C,C,$CLASS1PRODUCT2,$MM1EXCHANGE,$MM1EXECFIRM,C,C,TRUE,TRUE,This is the Strategy order: BA:251
PAUSE,1000
TOPOFBOOKVERIFICATION,$MM1,$SESSION1,$STRATEGY1,0,1,0,00,200,2,9,10,TRUE,TRUE,Comment
STRATEGYORDER,$MM1,$MM1EXCHANGE,$MM1EXECFIRM,MLD,7900,ABC,*,$MM1EXCHANGE,$MM1,400,$STRATEGY1,D,2,-9,20,D,21/12/2003 6:00:00.0,1,1,0,00,0,-,-,BARTID=$WORKSTATION1,$MM1,$MM1,C,FALSE,C,U,0,-,-,$SESSION1,2,$CLASS1PRODUCT1,$MM1EXCHANGE,$MM1EXECFIRM,C,C,$CLASS1PRODUCT2,$MM1EXCHANGE,$MM1EXECFIRM,C,C,TRUE,TRUE,This is the Strategy order: BA:253
PAUSE,10000
VERIFYCOMPLEXPARORDER,$PAR1,$MM1,$MM1EXECFIRM,ABC,MLD,7900,*,9.20,D,1,2,Y,Y,N,Y,-,10.00,10.20,400,B,100,250,1,400,1.00,1.20,400,S,250,100,1,400,TRUE,TRUE,Comment
PARCOMPLEXORDERTRADEWITHBOOKREQ,$PAR1,$MM1,$MM1EXECFIRM,ABC,MLD,7900,*,*,D,9.20,2,400,400,Y,TRUE,TRUE,Comment
PAUSE,10000
TOPOFBOOKVERIFICATION,$MM1,$SESSION1,$STRATEGY1,0,1,0,00,100,2,9,10,TRUE,TRUE,Comment
TOPOFBOOKVERIFICATION,$MM1,$SESSION1,$CLASS1PRODUCT1,100,2,10,00,250,2,10,20,TRUE,TRUE,Comment
TOPOFBOOKVERIFICATION,$MM1,$SESSION1,$CLASS1PRODUCT2,250,2,1,00,100,2,1,20,TRUE,TRUE,Comment
VERIFYCOMPLEXPARORDER,$PAR1,$MM1,$MM1EXECFIRM,ABC,MLD,7900,*,9.20,D,1,2,Y,Y,N,Y,-,10.00,10.20,300,B,100,250,1,400,1.00,1.20,300,S,250,100,1,400,TRUE,TRUE,Comment
CLEARALLPARCALLBACKS,$PAR1
CANCELALLPARORDERS,$PAR1,$MM1,TRUE,TRUE,Comment
VERIFYCOMPLEXPARORDER,$PAR1,$MM1,$MM1EXECFIRM,ABC,MLD,7900,*,9.20,D,1,2,Y,Y,N,Y,-,10.00,10.20,300,B,100,250,1,400,1.00,1.20,300,S,250,100,1,400,FALSE,TRUE,Comment
QUOTECANCEL,$MM1,$SESSION1,$CLASS1PRODUCT1,2,TRUE,TRUE,Comment
QUOTECANCELVERIFICATION,$MM1,$SESSION1,$CLASS1PRODUCT1,2,TRUE,TRUE,Comment
QUOTECANCEL,$MM1,$SESSION1,$CLASS1PRODUCT2,2,TRUE,TRUE,Comment
QUOTECANCELVERIFICATION,$MM1,$SESSION1,$CLASS1PRODUCT2,2,TRUE,TRUE,Comment
ORDERCANCELBYIDNOWAIT,$MM1,$MM1EXCHANGE,$MM1EXECFIRM,BOT,4872,ABC,*,50,$SESSION1,1,TRUE,TRUE,Comment
ORDERCANCELVERIFICATION,$MM1,$MM1EXCHANGE,$MM1EXECFIRM,BOT,4872,ABC,*,$SESSION1,$CLASS1PRODUCT1,2,50,TRUE,TRUE,Comment
ORDERCANCELBYIDNOWAIT,$MM1,$MM1EXCHANGE,$MM1EXECFIRM,MJY,3556,ABC,*,50,$SESSION1,1,TRUE,TRUE,Comment
ORDERCANCELVERIFICATION,$MM1,$MM1EXCHANGE,$MM1EXECFIRM,MJY,3556,ABC,*,$SESSION1,$CLASS1PRODUCT2,2,50,TRUE,TRUE,Comment
ORDERCANCELBYIDNOWAIT,$MM1,$MM1EXCHANGE,$MM1EXECFIRM,LIY,4743,ABC,*,100,$SESSION1,1,TRUE,TRUE,Comment
ORDERCANCELVERIFICATION,$MM1,$MM1EXCHANGE,$MM1EXECFIRM,LIY,4743,ABC,*,$SESSION1,$CLASS1PRODUCT1,2,100,TRUE,TRUE,Comment
ORDERCANCELBYIDNOWAIT,$MM1,$MM1EXCHANGE,$MM1EXECFIRM,GJN,225,ABC,*,100,$SESSION1,1,TRUE,TRUE,Comment
ORDERCANCELVERIFICATION,$MM1,$MM1EXCHANGE,$MM1EXECFIRM,GJN,225,ABC,*,$SESSION1,$CLASS1PRODUCT2,2,100,TRUE,TRUE,Comment
MANUALQUOTECANCEL,$WORKSTATION1,$PAR1,$MM2,$CLASS1PRODUCT1,Y,B,100,10.00,$SA1,TRUE,TRUE,Comment
MANUALQUOTECANCEL,$WORKSTATION1,$PAR1,$MM2,$CLASS1PRODUCT1,Y,S,100,10.20,$SA1,TRUE,TRUE,Comment
MANUALQUOTECANCEL,$WORKSTATION1,$PAR1,$MM2,$CLASS1PRODUCT2,Y,B,100,1.00,$SA1,TRUE,TRUE,Comment
MANUALQUOTECANCEL,$WORKSTATION1,$PAR1,$MM2,$CLASS1PRODUCT2,Y,S,100,1.20,$SA1,TRUE,TRUE,Comment
ORDERCANCELBYIDNOWAIT,$MM1,$MM1EXCHANGE,$MM1EXECFIRM,GKH,6283,ABC,*,100,$SESSION1,1,TRUE,TRUE,Comment
ORDERCANCELVERIFICATION,$MM1,$MM1EXCHANGE,$MM1EXECFIRM,GKH,6283,ABC,*,$SESSION1,$STRATEGY1,2,100,TRUE,TRUE,Comment
PAUSE,1000
TOPOFBOOKVERIFICATION,$MM1,$SESSION1,$STRATEGY1,0,1,0,00,0,1,0,00,TRUE,TRUE,Comment

COMMENT, Test Case 2:CONDITION:NO Resting Customer Simple Orders on any of the legs. CONDITION:Resting Customer and NON-Customer Complex Order at price BETTER than DSM.:Manual Quotes are resting at the SAME price as resting Simple Orders on all legs. CONDITION:Manual Quotes are resting at BETTER price than the Auto Quotes. EXPECTED BEHAVIOR:Inbound Complex Order from PAR trades with resting Customer Complex orders and the remainder is routed back to PAR
CLEARALLCALLBACKS,$MM1
PRODUCTSTATEQUERY,$SA1,$SESSION1,$CLASS1PRODUCT1,4,TRUE,TRUE,Comment
PRODUCTSTATEQUERY,$SA1,$SESSION1,$CLASS1PRODUCT2,4,TRUE,TRUE,Comment
TOPOFBOOKVERIFICATION,$MM1,$SESSION1,$CLASS1PRODUCT1,0,1,0,00,0,1,0,00,TRUE,TRUE,Comment
TOPOFBOOKVERIFICATION,$MM1,$SESSION1,$CLASS1PRODUCT2,0,1,0,00,0,1,0,00,TRUE,TRUE,Comment
QUOTE,$MM1,2,9,90,100,2,10,30,100,$CLASS1PRODUCT1,$SESSION1,User Assigned Id..,TRUE,TRUE,Comment
PAUSE,1000
CURRENTMARKETV4BESTMARKETQUERY,$MM1,CBOE,$CLASS1PRODUCT1,100,2,9,90,100,2,10,30,TRUE,TRUE,Comment
QUOTE,$MM1,2,0,90,100,2,1,30,100,$CLASS1PRODUCT2,$SESSION1,User Assigned Id..,TRUE,TRUE,Comment
PAUSE,1000
CURRENTMARKETV4BESTMARKETQUERY,$MM1,CBOE,$CLASS1PRODUCT2,100,2,0,90,100,2,1,30,TRUE,TRUE,Comment
SETPRODUCTSTATEBYPRODUCT,$SA1,$SESSION1,$STRATEGY1,$STRATEGYCLASS1,1,TRUE,TRUE,Comment
PRODUCTSTATEQUERY,$SA1,$SESSION1,$STRATEGY1,1,TRUE,TRUE,Comment
SETPRODUCTSTATEBYPRODUCT,$SA1,$SESSION1,$STRATEGY1,$STRATEGYCLASS1,2,TRUE,TRUE,Comment
PRODUCTSTATEQUERY,$SA1,$SESSION1,$STRATEGY1,2,TRUE,TRUE,Comment
SETPRODUCTSTATEBYPRODUCT,$SA1,$SESSION1,$STRATEGY1,$STRATEGYCLASS1,3,TRUE,TRUE,Comment
PRODUCTSTATEQUERY,$SA1,$SESSION1,$STRATEGY1,3,TRUE,TRUE,Comment
SETPRODUCTSTATEBYPRODUCT,$SA1,$SESSION1,$STRATEGY1,$STRATEGYCLASS1,4,TRUE,TRUE,Comment
PRODUCTSTATEQUERY,$SA1,$SESSION1,$STRATEGY1,4,TRUE,TRUE,Comment
TOPOFBOOKVERIFICATION,$MM1,$SESSION1,$STRATEGY1,0,1,0,00,0,1,0,00,TRUE,TRUE,Comment
MANUALQUOTE,$WORKSTATION1,$PAR1,$MM2,$CLASS1PRODUCT1,Y,B,100,10.00,$SA1,TRUE,TRUE,Comment
MANUALQUOTE,$WORKSTATION1,$PAR1,$MM2,$CLASS1PRODUCT1,Y,S,100,10.20,$SA1,TRUE,TRUE,Comment
MANUALQUOTE,$WORKSTATION1,$PAR1,$MM2,$CLASS1PRODUCT2,Y,B,100,1.00,$SA1,TRUE,TRUE,Comment
MANUALQUOTE,$WORKSTATION1,$PAR1,$MM2,$CLASS1PRODUCT2,Y,S,100,1.20,$SA1,TRUE,TRUE,Comment
ORDER,$MM1,$MM1EXCHANGE,$MM1EXECFIRM,LJK,2919,ABC,*,$MM1EXCHANGE,$MM1,100,$CLASS1PRODUCT1,S,2,10,20,D,21/12/2003 6:00:00.0,1,1,0,00,0,-,-,-,$MM1,$MM1,C,FALSE,E,U,0,-,-,$SESSION1,TRUE,TRUE,Comment
ORDER,$MM1,$MM1EXCHANGE,$MM1EXECFIRM,GQT,7401,ABC,*,$MM1EXCHANGE,$MM1,100,$CLASS1PRODUCT2,B,2,1,00,D,21/12/2003 6:00:00.0,1,1,0,00,0,-,-,-,$MM1,$MM1,C,FALSE,E,U,0,-,-,$SESSION1,TRUE,TRUE,Comment
PAUSE,2000
TOPOFBOOKVERIFICATION,$MM1,$SESSION1,$CLASS1PRODUCT1,100,2,10,00,200,2,10,20,TRUE,TRUE,Comment
TOPOFBOOKVERIFICATION,$MM1,$SESSION1,$CLASS1PRODUCT2,200,2,1,00,100,2,1,20,TRUE,TRUE,Comment
STRATEGYORDER,$MM1,$MM1EXCHANGE,$MM1EXECFIRM,KKT,6470,ABC,*,$MM1EXCHANGE,$MM1,100,$STRATEGY1,O,2,9,10,D,21/12/2003 6:00:00.0,1,1,0,00,0,-,-,-,$MM1,$MM1,C,FALSE,C,U,0,-,-,$SESSION1,2,$CLASS1PRODUCT1,$MM1EXCHANGE,$MM1EXECFIRM,C,C,$CLASS1PRODUCT2,$MM1EXCHANGE,$MM1EXECFIRM,C,C,TRUE,TRUE,This is the Strategy order: BA:250
PAUSE,1000
TOPOFBOOKVERIFICATION,$MM1,$SESSION1,$STRATEGY1,0,1,0,00,100,2,9,10,TRUE,TRUE,Comment
STRATEGYORDER,$MM1,$MM1EXCHANGE,$MM1EXECFIRM,CEY,9310,ABC,*,$MM1EXCHANGE,$MM1,100,$STRATEGY1,O,2,9,10,D,21/12/2003 6:00:00.0,1,1,0,00,0,-,-,-,$MM1,$MM1,C,FALSE,E,U,0,-,-,$SESSION1,2,$CLASS1PRODUCT1,$MM1EXCHANGE,$MM1EXECFIRM,C,C,$CLASS1PRODUCT2,$MM1EXCHANGE,$MM1EXECFIRM,C,C,TRUE,TRUE,This is the Strategy order: BA:251
PAUSE,1000
TOPOFBOOKVERIFICATION,$MM1,$SESSION1,$STRATEGY1,0,1,0,00,200,2,9,10,TRUE,TRUE,Comment
STRATEGYORDER,$MM1,$MM1EXCHANGE,$MM1EXECFIRM,SSD,7168,ABC,*,$MM1EXCHANGE,$MM1,400,$STRATEGY1,D,2,-9,20,D,21/12/2003 6:00:00.0,1,1,0,00,0,-,-,BARTID=$WORKSTATION1,$MM1,$MM1,C,FALSE,C,U,0,-,-,$SESSION1,2,$CLASS1PRODUCT1,$MM1EXCHANGE,$MM1EXECFIRM,C,C,$CLASS1PRODUCT2,$MM1EXCHANGE,$MM1EXECFIRM,C,C,TRUE,TRUE,This is the Strategy order: BA:253
PAUSE,10000
VERIFYCOMPLEXPARORDER,$PAR1,$MM1,$MM1EXECFIRM,ABC,SSD,7168,*,9.20,D,1,2,Y,Y,N,Y,-,10.00,10.20,400,B,100,200,1,400,1.00,1.20,400,S,200,100,1,400,TRUE,TRUE,Comment
PARCOMPLEXORDERTRADEWITHBOOKREQ,$PAR1,$MM1,$MM1EXECFIRM,ABC,SSD,7168,*,*,D,9.20,2,400,400,Y,TRUE,TRUE,Comment
PAUSE,10000
TOPOFBOOKVERIFICATION,$MM1,$SESSION1,$STRATEGY1,0,1,0,00,100,2,9,10,TRUE,TRUE,Comment
TOPOFBOOKVERIFICATION,$MM1,$SESSION1,$CLASS1PRODUCT1,100,2,10,00,200,2,10,20,TRUE,TRUE,Comment
TOPOFBOOKVERIFICATION,$MM1,$SESSION1,$CLASS1PRODUCT2,200,2,1,00,100,2,1,20,TRUE,TRUE,Comment
VERIFYCOMPLEXPARORDER,$PAR1,$MM1,$MM1EXECFIRM,ABC,SSD,7168,*,9.20,D,1,2,Y,Y,N,Y,-,10.00,10.20,300,B,100,200,1,400,1.00,1.20,300,S,200,100,1,400,TRUE,TRUE,Comment
CLEARALLPARCALLBACKS,$PAR1
CANCELALLPARORDERS,$PAR1,$MM1,TRUE,TRUE,Comment
VERIFYCOMPLEXPARORDER,$PAR1,$MM1,$MM1EXECFIRM,ABC,SSD,7168,*,9.20,D,1,2,Y,Y,N,Y,-,10.00,10.20,300,B,100,200,1,400,1.00,1.20,300,S,200,100,1,400,FALSE,TRUE,Comment
QUOTECANCEL,$MM1,$SESSION1,$CLASS1PRODUCT1,2,TRUE,TRUE,Comment
QUOTECANCELVERIFICATION,$MM1,$SESSION1,$CLASS1PRODUCT1,2,TRUE,TRUE,Comment
QUOTECANCEL,$MM1,$SESSION1,$CLASS1PRODUCT2,2,TRUE,TRUE,Comment
QUOTECANCELVERIFICATION,$MM1,$SESSION1,$CLASS1PRODUCT2,2,TRUE,TRUE,Comment
ORDERCANCELBYIDNOWAIT,$MM1,$MM1EXCHANGE,$MM1EXECFIRM,LJK,2919,ABC,*,100,$SESSION1,1,TRUE,TRUE,Comment
ORDERCANCELVERIFICATION,$MM1,$MM1EXCHANGE,$MM1EXECFIRM,LJK,2919,ABC,*,$SESSION1,$CLASS1PRODUCT1,2,100,TRUE,TRUE,Comment
ORDERCANCELBYIDNOWAIT,$MM1,$MM1EXCHANGE,$MM1EXECFIRM,GQT,7401,ABC,*,100,$SESSION1,1,TRUE,TRUE,Comment
ORDERCANCELVERIFICATION,$MM1,$MM1EXCHANGE,$MM1EXECFIRM,GQT,7401,ABC,*,$SESSION1,$CLASS1PRODUCT2,2,100,TRUE,TRUE,Comment
MANUALQUOTECANCEL,$WORKSTATION1,$PAR1,$MM2,$CLASS1PRODUCT1,Y,B,100,10.00,$SA1,TRUE,TRUE,Comment
MANUALQUOTECANCEL,$WORKSTATION1,$PAR1,$MM2,$CLASS1PRODUCT1,Y,S,100,10.20,$SA1,TRUE,TRUE,Comment
MANUALQUOTECANCEL,$WORKSTATION1,$PAR1,$MM2,$CLASS1PRODUCT2,Y,B,100,1.00,$SA1,TRUE,TRUE,Comment
MANUALQUOTECANCEL,$WORKSTATION1,$PAR1,$MM2,$CLASS1PRODUCT2,Y,S,100,1.20,$SA1,TRUE,TRUE,Comment
ORDERCANCELBYIDNOWAIT,$MM1,$MM1EXCHANGE,$MM1EXECFIRM,CEY,9310,ABC,*,100,$SESSION1,1,TRUE,TRUE,Comment
ORDERCANCELVERIFICATION,$MM1,$MM1EXCHANGE,$MM1EXECFIRM,CEY,9310,ABC,*,$SESSION1,$STRATEGY1,2,100,TRUE,TRUE,Comment
PAUSE,1000
TOPOFBOOKVERIFICATION,$MM1,$SESSION1,$STRATEGY1,0,1,0,00,0,1,0,00,TRUE,TRUE,Comment

COMMENT, Test Case 3:CONDITION:Resting NON-Customer Simple Orders on all legs. CONDITION:Resting Customer and NON-Customer Complex Order at price EQUAL to DSM. CONDITION:Manual Quotes are resting at the SAME price as resting Simple Orders on all legs. CONDITION:Manual Quotes are resting at BETTER price than the Auto Quotes. EXPECTED BEHAVIOR:Inbound Complex Order from PAR trades with resting Customer Complex Order and the remainder is routed back to PAR
CLEARALLCALLBACKS,$MM1
PRODUCTSTATEQUERY,$SA1,$SESSION1,$CLASS1PRODUCT1,4,TRUE,TRUE,Comment
PRODUCTSTATEQUERY,$SA1,$SESSION1,$CLASS1PRODUCT2,4,TRUE,TRUE,Comment
TOPOFBOOKVERIFICATION,$MM1,$SESSION1,$CLASS1PRODUCT1,0,1,0,00,0,1,0,00,TRUE,TRUE,Comment
TOPOFBOOKVERIFICATION,$MM1,$SESSION1,$CLASS1PRODUCT2,0,1,0,00,0,1,0,00,TRUE,TRUE,Comment
SETPRODUCTSTATEBYPRODUCT,$SA1,$SESSION1,$STRATEGY1,$STRATEGYCLASS1,1,TRUE,TRUE,Comment
PRODUCTSTATEQUERY,$SA1,$SESSION1,$STRATEGY1,1,TRUE,TRUE,Comment
SETPRODUCTSTATEBYPRODUCT,$SA1,$SESSION1,$STRATEGY1,$STRATEGYCLASS1,2,TRUE,TRUE,Comment
PRODUCTSTATEQUERY,$SA1,$SESSION1,$STRATEGY1,2,TRUE,TRUE,Comment
SETPRODUCTSTATEBYPRODUCT,$SA1,$SESSION1,$STRATEGY1,$STRATEGYCLASS1,3,TRUE,TRUE,Comment
PRODUCTSTATEQUERY,$SA1,$SESSION1,$STRATEGY1,3,TRUE,TRUE,Comment
SETPRODUCTSTATEBYPRODUCT,$SA1,$SESSION1,$STRATEGY1,$STRATEGYCLASS1,4,TRUE,TRUE,Comment
PRODUCTSTATEQUERY,$SA1,$SESSION1,$STRATEGY1,4,TRUE,TRUE,Comment
TOPOFBOOKVERIFICATION,$MM1,$SESSION1,$STRATEGY1,0,1,0,00,0,1,0,00,TRUE,TRUE,Comment
QUOTE,$MM1,2,9,90,100,2,10,30,100,$CLASS1PRODUCT1,$SESSION1,User Assigned Id..,TRUE,TRUE,Comment
PAUSE,1000
CURRENTMARKETV4BESTMARKETQUERY,$MM1,CBOE,$CLASS1PRODUCT1,100,2,9,90,100,2,10,30,TRUE,TRUE,Comment
QUOTE,$MM1,2,0,90,100,2,1,30,100,$CLASS1PRODUCT2,$SESSION1,User Assigned Id..,TRUE,TRUE,Comment
PAUSE,1000
CURRENTMARKETV4BESTMARKETQUERY,$MM1,CBOE,$CLASS1PRODUCT2,100,2,0,90,100,2,1,30,TRUE,TRUE,Comment
MANUALQUOTE,$WORKSTATION1,$PAR1,$MM2,$CLASS1PRODUCT1,Y,B,100,10.00,$SA1,TRUE,TRUE,Comment
MANUALQUOTE,$WORKSTATION1,$PAR1,$MM2,$CLASS1PRODUCT1,Y,S,100,10.20,$SA1,TRUE,TRUE,Comment
MANUALQUOTE,$WORKSTATION1,$PAR1,$MM2,$CLASS1PRODUCT2,Y,B,100,1.00,$SA1,TRUE,TRUE,Comment
MANUALQUOTE,$WORKSTATION1,$PAR1,$MM2,$CLASS1PRODUCT2,Y,S,100,1.20,$SA1,TRUE,TRUE,Comment
ORDER,$MM1,$MM1EXCHANGE,$MM1EXECFIRM,GOC,9808,ABC,*,$MM1EXCHANGE,$MM1,100,$CLASS1PRODUCT1,S,2,10,20,D,21/12/2003 6:00:00.0,1,1,0,00,0,-,-,-,$MM1,$MM1,C,FALSE,E,U,0,-,-,$SESSION1,TRUE,TRUE,Comment
ORDER,$MM1,$MM1EXCHANGE,$MM1EXECFIRM,BLI,4160,ABC,*,$MM1EXCHANGE,$MM1,100,$CLASS1PRODUCT2,B,2,1,00,D,21/12/2003 6:00:00.0,1,1,0,00,0,-,-,-,$MM1,$MM1,C,FALSE,E,U,0,-,-,$SESSION1,TRUE,TRUE,Comment
PAUSE,3000
TOPOFBOOKVERIFICATION,$MM1,$SESSION1,$CLASS1PRODUCT1,100,2,10,00,200,2,10,20,TRUE,TRUE,Comment
TOPOFBOOKVERIFICATION,$MM1,$SESSION1,$CLASS1PRODUCT2,200,2,1,00,100,2,1,20,TRUE,TRUE,Comment
STRATEGYORDER,$MM1,$MM1EXCHANGE,$MM1EXECFIRM,TLY,8670,ABC,*,$MM1EXCHANGE,$MM1,100,$STRATEGY1,O,2,9,20,D,21/12/2003 6:00:00.0,1,1,0,00,0,-,-,-,$MM1,$MM1,C,FALSE,C,U,0,-,-,$SESSION1,2,$CLASS1PRODUCT1,$MM1EXCHANGE,$MM1EXECFIRM,C,C,$CLASS1PRODUCT2,$MM1EXCHANGE,$MM1EXECFIRM,C,C,TRUE,TRUE,This is the Strategy order: BA:250
PAUSE,1000
TOPOFBOOKVERIFICATION,$MM1,$SESSION1,$STRATEGY1,0,1,0,00,100,2,9,20,TRUE,TRUE,Comment
STRATEGYORDER,$MM1,$MM1EXCHANGE,$MM1EXECFIRM,NPF,8273,ABC,*,$MM1EXCHANGE,$MM1,100,$STRATEGY1,O,2,9,20,D,21/12/2003 6:00:00.0,1,1,0,00,0,-,-,-,$MM1,$MM1,C,FALSE,E,U,0,-,-,$SESSION1,2,$CLASS1PRODUCT1,$MM1EXCHANGE,$MM1EXECFIRM,C,C,$CLASS1PRODUCT2,$MM1EXCHANGE,$MM1EXECFIRM,C,C,TRUE,TRUE,This is the Strategy order: BA:251
PAUSE,1000
TOPOFBOOKVERIFICATION,$MM1,$SESSION1,$STRATEGY1,0,1,0,00,200,2,9,20,TRUE,TRUE,Comment
STRATEGYORDER,$MM1,$MM1EXCHANGE,$MM1EXECFIRM,TRQ,7842,ABC,*,$MM1EXCHANGE,$MM1,400,$STRATEGY1,D,2,-9,20,D,21/12/2003 6:00:00.0,1,1,0,00,0,-,-,BARTID=$WORKSTATION1,$MM1,$MM1,C,FALSE,C,U,0,-,-,$SESSION1,2,$CLASS1PRODUCT1,$MM1EXCHANGE,$MM1EXECFIRM,C,C,$CLASS1PRODUCT2,$MM1EXCHANGE,$MM1EXECFIRM,C,C,TRUE,TRUE,This is the Strategy order: BA:253
PAUSE,10000
VERIFYCOMPLEXPARORDER,$PAR1,$MM1,$MM1EXECFIRM,ABC,TRQ,7842,*,9.20,D,1,2,Y,Y,N,Y,-,10.00,10.20,400,B,100,200,1,400,1.00,1.20,400,S,200,100,1,400,TRUE,TRUE,Comment
PARCOMPLEXORDERTRADEWITHBOOKREQ,$PAR1,$MM1,$MM1EXECFIRM,ABC,TRQ,7842,*,*,D,9.20,2,400,400,Y,TRUE,TRUE,Comment
PAUSE,10000
TOPOFBOOKVERIFICATION,$MM1,$SESSION1,$STRATEGY1,0,1,0,00,100,2,9,20,TRUE,TRUE,Comment
TOPOFBOOKVERIFICATION,$MM1,$SESSION1,$CLASS1PRODUCT1,100,2,10,00,200,2,10,20,TRUE,TRUE,Comment
TOPOFBOOKVERIFICATION,$MM1,$SESSION1,$CLASS1PRODUCT2,200,2,1,00,100,2,1,20,TRUE,TRUE,Comment
VERIFYCOMPLEXPARORDER,$PAR1,$MM1,$MM1EXECFIRM,ABC,TRQ,7842,*,9.20,D,1,2,Y,Y,N,Y,-,10.00,10.20,300,B,100,200,1,400,1.00,1.20,300,S,200,100,1,400,TRUE,TRUE,Comment
CLEARALLPARCALLBACKS,$PAR1
CANCELALLPARORDERS,$PAR1,$MM1,TRUE,TRUE,Comment
VERIFYCOMPLEXPARORDER,$PAR1,$MM1,$MM1EXECFIRM,ABC,TRQ,7842,*,9.20,D,1,2,Y,Y,N,Y,-,10.00,10.20,300,B,100,200,1,400,1.00,1.20,300,S,200,100,1,400,FALSE,TRUE,Comment
QUOTECANCEL,$MM1,$SESSION1,$CLASS1PRODUCT1,2,TRUE,TRUE,Comment
QUOTECANCELVERIFICATION,$MM1,$SESSION1,$CLASS1PRODUCT1,2,TRUE,TRUE,Comment
QUOTECANCEL,$MM1,$SESSION1,$CLASS1PRODUCT2,2,TRUE,TRUE,Comment
QUOTECANCELVERIFICATION,$MM1,$SESSION1,$CLASS1PRODUCT2,2,TRUE,TRUE,Comment
ORDERCANCELBYIDNOWAIT,$MM1,$MM1EXCHANGE,$MM1EXECFIRM,GOC,9808,ABC,*,100,$SESSION1,1,TRUE,TRUE,Comment
ORDERCANCELVERIFICATION,$MM1,$MM1EXCHANGE,$MM1EXECFIRM,GOC,9808,ABC,*,$SESSION1,$CLASS1PRODUCT1,2,100,TRUE,TRUE,Comment
ORDERCANCELBYIDNOWAIT,$MM1,$MM1EXCHANGE,$MM1EXECFIRM,BLI,4160,ABC,*,100,$SESSION1,1,TRUE,TRUE,Comment
ORDERCANCELVERIFICATION,$MM1,$MM1EXCHANGE,$MM1EXECFIRM,BLI,4160,ABC,*,$SESSION1,$CLASS1PRODUCT2,2,100,TRUE,TRUE,Comment
ORDERCANCELBYIDNOWAIT,$MM1,$MM1EXCHANGE,$MM1EXECFIRM,NPF,8273,ABC,*,100,$SESSION1,1,TRUE,TRUE,Comment
ORDERCANCELVERIFICATION,$MM1,$MM1EXCHANGE,$MM1EXECFIRM,NPF,8273,ABC,*,$SESSION1,$STRATEGY1,2,100,TRUE,TRUE,Comment
MANUALQUOTECANCEL,$WORKSTATION1,$PAR1,$MM2,$CLASS1PRODUCT1,Y,B,100,10.00,$SA1,TRUE,TRUE,Comment
MANUALQUOTECANCEL,$WORKSTATION1,$PAR1,$MM2,$CLASS1PRODUCT1,Y,S,100,10.20,$SA1,TRUE,TRUE,Comment
MANUALQUOTECANCEL,$WORKSTATION1,$PAR1,$MM2,$CLASS1PRODUCT2,Y,B,100,1.00,$SA1,TRUE,TRUE,Comment
MANUALQUOTECANCEL,$WORKSTATION1,$PAR1,$MM2,$CLASS1PRODUCT2,Y,S,100,1.20,$SA1,TRUE,TRUE,Comment

COMMENT, Test Case 4:CONDITION:Resting Customer and NON-Customer Simple Orders on all legs. CONDITION:Resting Customer and NON-Customer Complex Order at price EQUAL to DSM. CONDITION:Manual quotes are resting at BETTER price than Auto Quotes and resting Simple Orders on all legs. EXPECTED BEHAVIOR:Inbound Complex Order from PAR trades with resting Customer Complex Order and the remaining Quantity is routed back to PAR
CLEARALLCALLBACKS,$MM1
PAUSE,1000
PRODUCTSTATEQUERY,$SA1,$SESSION1,$CLASS1PRODUCT1,4,TRUE,TRUE,Comment
PRODUCTSTATEQUERY,$SA1,$SESSION1,$CLASS1PRODUCT2,4,TRUE,TRUE,Comment
TOPOFBOOKVERIFICATION,$MM1,$SESSION1,$CLASS1PRODUCT1,0,1,0,00,0,1,0,00,TRUE,TRUE,Comment
TOPOFBOOKVERIFICATION,$MM1,$SESSION1,$CLASS1PRODUCT2,0,1,0,00,0,1,0,00,TRUE,TRUE,Comment
QUOTE,$MM1,2,9,90,100,2,10,30,100,$CLASS1PRODUCT1,$SESSION1,User Assigned Id..,TRUE,TRUE,Comment
PAUSE,1000
CURRENTMARKETV4BESTMARKETQUERY,$MM1,CBOE,$CLASS1PRODUCT1,100,2,9,90,100,2,10,30,TRUE,TRUE,Comment
QUOTE,$MM1,2,0,90,100,2,1,30,100,$CLASS1PRODUCT2,$SESSION1,User Assigned Id..,TRUE,TRUE,Comment
PAUSE,1000
CURRENTMARKETV4BESTMARKETQUERY,$MM1,CBOE,$CLASS1PRODUCT2,100,2,0,90,100,2,1,30,TRUE,TRUE,Comment
SETPRODUCTSTATEBYPRODUCT,$SA1,$SESSION1,$STRATEGY1,$STRATEGYCLASS1,1,TRUE,TRUE,Comment
PRODUCTSTATEQUERY,$SA1,$SESSION1,$STRATEGY1,1,TRUE,TRUE,Comment
SETPRODUCTSTATEBYPRODUCT,$SA1,$SESSION1,$STRATEGY1,$STRATEGYCLASS1,2,TRUE,TRUE,Comment
PRODUCTSTATEQUERY,$SA1,$SESSION1,$STRATEGY1,2,TRUE,TRUE,Comment
SETPRODUCTSTATEBYPRODUCT,$SA1,$SESSION1,$STRATEGY1,$STRATEGYCLASS1,3,TRUE,TRUE,Comment
PRODUCTSTATEQUERY,$SA1,$SESSION1,$STRATEGY1,3,TRUE,TRUE,Comment
SETPRODUCTSTATEBYPRODUCT,$SA1,$SESSION1,$STRATEGY1,$STRATEGYCLASS1,4,TRUE,TRUE,Comment
PRODUCTSTATEQUERY,$SA1,$SESSION1,$STRATEGY1,4,TRUE,TRUE,Comment
TOPOFBOOKVERIFICATION,$MM1,$SESSION1,$STRATEGY1,0,1,0,00,0,1,0,00,TRUE,TRUE,Comment
MANUALQUOTE,$WORKSTATION1,$PAR1,$MM2,$CLASS1PRODUCT1,Y,B,100,10.00,$SA1,TRUE,TRUE,Comment
MANUALQUOTE,$WORKSTATION1,$PAR1,$MM2,$CLASS1PRODUCT1,Y,S,100,10.20,$SA1,TRUE,TRUE,Comment
MANUALQUOTE,$WORKSTATION1,$PAR1,$MM2,$CLASS1PRODUCT2,Y,B,100,1.00,$SA1,TRUE,TRUE,Comment
MANUALQUOTE,$WORKSTATION1,$PAR1,$MM2,$CLASS1PRODUCT2,Y,S,100,1.20,$SA1,TRUE,TRUE,Comment
ORDER,$MM1,$MM1EXCHANGE,$MM1EXECFIRM,TDI,6447,ABC,*,$MM1EXCHANGE,$MM1,50,$CLASS1PRODUCT1,S,2,10,30,D,21/12/2003 6:00:00.0,1,1,0,00,0,-,-,-,$MM1,$MM1,C,FALSE,C,U,0,-,-,$SESSION1,TRUE,TRUE,Comment
ORDER,$MM1,$MM1EXCHANGE,$MM1EXECFIRM,ZAF,853,ABC,*,$MM1EXCHANGE,$MM1,50,$CLASS1PRODUCT2,B,2,0,90,D,21/12/2003 6:00:00.0,1,1,0,00,0,-,-,-,$MM1,$MM1,C,FALSE,C,U,0,-,-,$SESSION1,TRUE,TRUE,Comment
ORDER,$MM1,$MM1EXCHANGE,$MM1EXECFIRM,XJI,4293,ABC,*,$MM1EXCHANGE,$MM1,100,$CLASS1PRODUCT1,S,2,10,30,D,21/12/2003 6:00:00.0,1,1,0,00,0,-,-,-,$MM1,$MM1,C,FALSE,E,U,0,-,-,$SESSION1,TRUE,TRUE,Comment
ORDER,$MM1,$MM1EXCHANGE,$MM1EXECFIRM,AJO,5752,ABC,*,$MM1EXCHANGE,$MM1,100,$CLASS1PRODUCT2,B,2,0,90,D,21/12/2003 6:00:00.0,1,1,0,00,0,-,-,-,$MM1,$MM1,C,FALSE,E,U,0,-,-,$SESSION1,TRUE,TRUE,Comment
PAUSE,2000
TOPOFBOOKVERIFICATION,$MM1,$SESSION1,$CLASS1PRODUCT1,100,2,10,00,100,2,10,20,TRUE,TRUE,Comment
TOPOFBOOKVERIFICATION,$MM1,$SESSION1,$CLASS1PRODUCT2,100,2,1,00,100,2,1,20,TRUE,TRUE,Comment
STRATEGYORDER,$MM1,$MM1EXCHANGE,$MM1EXECFIRM,OYU,5729,ABC,*,$MM1EXCHANGE,$MM1,100,$STRATEGY1,O,2,9,20,D,21/12/2003 6:00:00.0,1,1,0,00,0,-,-,-,$MM1,$MM1,C,FALSE,C,U,0,-,-,$SESSION1,2,$CLASS1PRODUCT1,$MM1EXCHANGE,$MM1EXECFIRM,C,C,$CLASS1PRODUCT2,$MM1EXCHANGE,$MM1EXECFIRM,C,C,TRUE,TRUE,This is the Strategy order: BA:250
PAUSE,1000
TOPOFBOOKVERIFICATION,$MM1,$SESSION1,$STRATEGY1,0,1,0,00,100,2,9,20,TRUE,TRUE,Comment
STRATEGYORDER,$MM1,$MM1EXCHANGE,$MM1EXECFIRM,EFF,6795,ABC,*,$MM1EXCHANGE,$MM1,100,$STRATEGY1,O,2,9,20,D,21/12/2003 6:00:00.0,1,1,0,00,0,-,-,-,$MM1,$MM1,C,FALSE,E,U,0,-,-,$SESSION1,2,$CLASS1PRODUCT1,$MM1EXCHANGE,$MM1EXECFIRM,C,C,$CLASS1PRODUCT2,$MM1EXCHANGE,$MM1EXECFIRM,C,C,TRUE,TRUE,This is the Strategy order: BA:251
PAUSE,1000
TOPOFBOOKVERIFICATION,$MM1,$SESSION1,$STRATEGY1,0,1,0,00,200,2,9,20,TRUE,TRUE,Comment
STRATEGYORDER,$MM1,$MM1EXCHANGE,$MM1EXECFIRM,QAG,1114,ABC,*,$MM1EXCHANGE,$MM1,400,$STRATEGY1,D,2,-9,20,D,21/12/2003 6:00:00.0,1,1,0,00,0,-,-,BARTID=$WORKSTATION1,$MM1,$MM1,C,FALSE,C,U,0,-,-,$SESSION1,2,$CLASS1PRODUCT1,$MM1EXCHANGE,$MM1EXECFIRM,C,C,$CLASS1PRODUCT2,$MM1EXCHANGE,$MM1EXECFIRM,C,C,TRUE,TRUE,This is the Strategy order: BA:253
PAUSE,10000
VERIFYCOMPLEXPARORDER,$PAR1,$MM1,$MM1EXECFIRM,ABC,QAG,1114,*,9.20,D,1,2,Y,Y,N,Y,-,10.00,10.20,400,B,100,100,1,400,1.00,1.20,400,S,100,100,1,400,TRUE,TRUE,Comment
PARCOMPLEXORDERTRADEWITHBOOKREQ,$PAR1,$MM1,$MM1EXECFIRM,ABC,QAG,1114,*,*,D,9.20,2,400,400,Y,TRUE,TRUE,Comment
PAUSE,10000
TOPOFBOOKVERIFICATION,$MM1,$SESSION1,$STRATEGY1,0,1,0,00,100,2,9,20,TRUE,TRUE,Comment
TOPOFBOOKVERIFICATION,$MM1,$SESSION1,$CLASS1PRODUCT1,100,2,10,00,100,2,10,20,TRUE,TRUE,Comment
TOPOFBOOKVERIFICATION,$MM1,$SESSION1,$CLASS1PRODUCT2,100,2,1,00,100,2,1,20,TRUE,TRUE,Comment
VERIFYCOMPLEXPARORDER,$PAR1,$MM1,$MM1EXECFIRM,ABC,QAG,1114,*,9.20,D,1,2,Y,Y,N,Y,-,10.00,10.20,300,B,100,100,1,400,1.00,1.20,300,S,100,100,1,400,TRUE,TRUE,Comment
CLEARALLPARCALLBACKS,$PAR1
CANCELALLPARORDERS,$PAR1,$MM1,TRUE,TRUE,Comment
VERIFYCOMPLEXPARORDER,$PAR1,$MM1,$MM1EXECFIRM,ABC,QAG,1114,*,9.20,D,1,2,Y,Y,N,Y,-,10.00,10.20,300,B,100,100,1,400,1.00,1.20,300,S,100,100,1,400,FALSE,TRUE,Comment
QUOTECANCEL,$MM1,$SESSION1,$CLASS1PRODUCT1,2,TRUE,TRUE,Comment
QUOTECANCELVERIFICATION,$MM1,$SESSION1,$CLASS1PRODUCT1,2,TRUE,TRUE,Comment
QUOTECANCEL,$MM1,$SESSION1,$CLASS1PRODUCT2,2,TRUE,TRUE,Comment
QUOTECANCELVERIFICATION,$MM1,$SESSION1,$CLASS1PRODUCT2,2,TRUE,TRUE,Comment
ORDERCANCELBYIDNOWAIT,$MM1,$MM1EXCHANGE,$MM1EXECFIRM,TDI,6447,ABC,*,50,$SESSION1,1,TRUE,TRUE,Comment
PAUSE,1000
ORDERCANCELVERIFICATION,$MM1,$MM1EXCHANGE,$MM1EXECFIRM,TDI,6447,ABC,*,$SESSION1,$CLASS1PRODUCT1,2,50,TRUE,TRUE,Comment
ORDERCANCELBYIDNOWAIT,$MM1,$MM1EXCHANGE,$MM1EXECFIRM,ZAF,853,ABC,*,50,$SESSION1,1,TRUE,TRUE,Comment
PAUSE,1000
ORDERCANCELVERIFICATION,$MM1,$MM1EXCHANGE,$MM1EXECFIRM,ZAF,853,ABC,*,$SESSION1,$CLASS1PRODUCT2,2,50,TRUE,TRUE,Comment
ORDERCANCELBYIDNOWAIT,$MM1,$MM1EXCHANGE,$MM1EXECFIRM,XJI,4293,ABC,*,100,$SESSION1,1,TRUE,TRUE,Comment
ORDERCANCELVERIFICATION,$MM1,$MM1EXCHANGE,$MM1EXECFIRM,XJI,4293,ABC,*,$SESSION1,$CLASS1PRODUCT1,2,100,TRUE,TRUE,Comment
ORDERCANCELBYIDNOWAIT,$MM1,$MM1EXCHANGE,$MM1EXECFIRM,AJO,5752,ABC,*,100,$SESSION1,1,TRUE,TRUE,Comment
ORDERCANCELVERIFICATION,$MM1,$MM1EXCHANGE,$MM1EXECFIRM,AJO,5752,ABC,*,$SESSION1,$CLASS1PRODUCT2,2,100,TRUE,TRUE,Comment
ORDERCANCELBYIDNOWAIT,$MM1,$MM1EXCHANGE,$MM1EXECFIRM,EFF,6795,ABC,*,100,$SESSION1,1,TRUE,TRUE,Comment
ORDERCANCELVERIFICATION,$MM1,$MM1EXCHANGE,$MM1EXECFIRM,EFF,6795,ABC,*,$SESSION1,$STRATEGY1,2,100,TRUE,TRUE,Comment
TOPOFBOOKVERIFICATION,$MM1,$SESSION1,$STRATEGY1,0,1,0,00,0,1,0,00,TRUE,TRUE,Comment
MANUALQUOTECANCEL,$WORKSTATION1,$PAR1,$MM2,$CLASS1PRODUCT1,Y,B,100,10.00,$SA1,TRUE,TRUE,Comment
MANUALQUOTECANCEL,$WORKSTATION1,$PAR1,$MM2,$CLASS1PRODUCT1,Y,S,100,10.20,$SA1,TRUE,TRUE,Comment
MANUALQUOTECANCEL,$WORKSTATION1,$PAR1,$MM2,$CLASS1PRODUCT2,Y,B,100,1.00,$SA1,TRUE,TRUE,Comment
MANUALQUOTECANCEL,$WORKSTATION1,$PAR1,$MM2,$CLASS1PRODUCT2,Y,S,100,1.20,$SA1,TRUE,TRUE,Comment

COMMENT, Test Case 5:CONDITION:Resting Customer and NON-Customer Simple Orders on all legs. CONDITION:Resting Customer and NON-Customer Complex Order at price BETTER than DSM. CONDITION:Manual quotes are resting at BETTER price than Auto Quotes and resting Simple Orders on all legs. EXPECTED BEHAVIOR:Inbound Complex Order from PAR trades with resting Complex Customer order only and the remainder is routed back to PAR
CLEARALLCALLBACKS,$MM1
PAUSE,1000
PRODUCTSTATEQUERY,$SA1,$SESSION1,$CLASS1PRODUCT1,4,TRUE,TRUE,Comment
PRODUCTSTATEQUERY,$SA1,$SESSION1,$CLASS1PRODUCT2,4,TRUE,TRUE,Comment
TOPOFBOOKVERIFICATION,$MM1,$SESSION1,$CLASS1PRODUCT1,0,1,0,00,0,1,0,00,TRUE,TRUE,Comment
TOPOFBOOKVERIFICATION,$MM1,$SESSION1,$CLASS1PRODUCT2,0,1,0,00,0,1,0,00,TRUE,TRUE,Comment
QUOTE,$MM1,2,9,90,100,2,10,30,100,$CLASS1PRODUCT1,$SESSION1,User Assigned Id..,TRUE,TRUE,Comment
PAUSE,1000
CURRENTMARKETV4BESTMARKETQUERY,$MM1,CBOE,$CLASS1PRODUCT1,100,2,9,90,100,2,10,30,TRUE,TRUE,Comment
QUOTE,$MM1,2,0,90,100,2,1,30,100,$CLASS1PRODUCT2,$SESSION1,User Assigned Id..,TRUE,TRUE,Comment
PAUSE,1000
CURRENTMARKETV4BESTMARKETQUERY,$MM1,CBOE,$CLASS1PRODUCT2,100,2,0,90,100,2,1,30,TRUE,TRUE,Comment
SETPRODUCTSTATEBYPRODUCT,$SA1,$SESSION1,$STRATEGY1,$STRATEGYCLASS1,1,TRUE,TRUE,Comment
PRODUCTSTATEQUERY,$SA1,$SESSION1,$STRATEGY1,1,TRUE,TRUE,Comment
SETPRODUCTSTATEBYPRODUCT,$SA1,$SESSION1,$STRATEGY1,$STRATEGYCLASS1,2,TRUE,TRUE,Comment
PRODUCTSTATEQUERY,$SA1,$SESSION1,$STRATEGY1,2,TRUE,TRUE,Comment
SETPRODUCTSTATEBYPRODUCT,$SA1,$SESSION1,$STRATEGY1,$STRATEGYCLASS1,3,TRUE,TRUE,Comment
PRODUCTSTATEQUERY,$SA1,$SESSION1,$STRATEGY1,3,TRUE,TRUE,Comment
SETPRODUCTSTATEBYPRODUCT,$SA1,$SESSION1,$STRATEGY1,$STRATEGYCLASS1,4,TRUE,TRUE,Comment
PRODUCTSTATEQUERY,$SA1,$SESSION1,$STRATEGY1,4,TRUE,TRUE,Comment
TOPOFBOOKVERIFICATION,$MM1,$SESSION1,$STRATEGY1,0,1,0,00,0,1,0,00,TRUE,TRUE,Comment
MANUALQUOTE,$WORKSTATION1,$PAR1,$MM2,$CLASS1PRODUCT1,Y,B,100,10.00,$SA1,TRUE,TRUE,Comment
MANUALQUOTE,$WORKSTATION1,$PAR1,$MM2,$CLASS1PRODUCT1,Y,S,100,10.20,$SA1,TRUE,TRUE,Comment
MANUALQUOTE,$WORKSTATION1,$PAR1,$MM2,$CLASS1PRODUCT2,Y,B,100,1.00,$SA1,TRUE,TRUE,Comment
MANUALQUOTE,$WORKSTATION1,$PAR1,$MM2,$CLASS1PRODUCT2,Y,S,100,1.20,$SA1,TRUE,TRUE,Comment
ORDER,$MM1,$MM1EXCHANGE,$MM1EXECFIRM,NMJ,2530,ABC,*,$MM1EXCHANGE,$MM1,50,$CLASS1PRODUCT1,S,2,10,30,D,21/12/2003 6:00:00.0,1,1,0,00,0,-,-,-,$MM1,$MM1,C,FALSE,C,U,0,-,-,$SESSION1,TRUE,TRUE,Comment
ORDER,$MM1,$MM1EXCHANGE,$MM1EXECFIRM,KTQ,7855,ABC,*,$MM1EXCHANGE,$MM1,50,$CLASS1PRODUCT2,B,2,0,90,D,21/12/2003 6:00:00.0,1,1,0,00,0,-,-,-,$MM1,$MM1,C,FALSE,C,U,0,-,-,$SESSION1,TRUE,TRUE,Comment
ORDER,$MM1,$MM1EXCHANGE,$MM1EXECFIRM,DPX,520,ABC,*,$MM1EXCHANGE,$MM1,100,$CLASS1PRODUCT1,S,2,10,30,D,21/12/2003 6:00:00.0,1,1,0,00,0,-,-,-,$MM1,$MM1,C,FALSE,E,U,0,-,-,$SESSION1,TRUE,TRUE,Comment
ORDER,$MM1,$MM1EXCHANGE,$MM1EXECFIRM,LHK,9910,ABC,*,$MM1EXCHANGE,$MM1,100,$CLASS1PRODUCT2,B,2,0,90,D,21/12/2003 6:00:00.0,1,1,0,00,0,-,-,-,$MM1,$MM1,C,FALSE,E,U,0,-,-,$SESSION1,TRUE,TRUE,Comment
PAUSE,2000
TOPOFBOOKVERIFICATION,$MM1,$SESSION1,$CLASS1PRODUCT1,100,2,10,00,100,2,10,20,TRUE,TRUE,Comment
TOPOFBOOKVERIFICATION,$MM1,$SESSION1,$CLASS1PRODUCT2,100,2,1,00,100,2,1,20,TRUE,TRUE,Comment
STRATEGYORDER,$MM1,$MM1EXCHANGE,$MM1EXECFIRM,JVI,1373,ABC,*,$MM1EXCHANGE,$MM1,100,$STRATEGY1,O,2,9,10,D,21/12/2003 6:00:00.0,1,1,0,00,0,-,-,-,$MM1,$MM1,C,FALSE,C,U,0,-,-,$SESSION1,2,$CLASS1PRODUCT1,$MM1EXCHANGE,$MM1EXECFIRM,C,C,$CLASS1PRODUCT2,$MM1EXCHANGE,$MM1EXECFIRM,C,C,TRUE,TRUE,This is the Strategy order: BA:250
PAUSE,1000
TOPOFBOOKVERIFICATION,$MM1,$SESSION1,$STRATEGY1,0,1,0,00,100,2,9,10,TRUE,TRUE,Comment
STRATEGYORDER,$MM1,$MM1EXCHANGE,$MM1EXECFIRM,ACH,5146,ABC,*,$MM1EXCHANGE,$MM1,100,$STRATEGY1,O,2,9,10,D,21/12/2003 6:00:00.0,1,1,0,00,0,-,-,-,$MM1,$MM1,C,FALSE,E,U,0,-,-,$SESSION1,2,$CLASS1PRODUCT1,$MM1EXCHANGE,$MM1EXECFIRM,C,C,$CLASS1PRODUCT2,$MM1EXCHANGE,$MM1EXECFIRM,C,C,TRUE,TRUE,This is the Strategy order: BA:251
PAUSE,1000
TOPOFBOOKVERIFICATION,$MM1,$SESSION1,$STRATEGY1,0,1,0,00,200,2,9,10,TRUE,TRUE,Comment
STRATEGYORDER,$MM1,$MM1EXCHANGE,$MM1EXECFIRM,CEW,7281,ABC,*,$MM1EXCHANGE,$MM1,400,$STRATEGY1,D,2,-9,30,D,21/12/2003 6:00:00.0,1,1,0,00,0,-,-,BARTID=$WORKSTATION1,$MM1,$MM1,C,FALSE,C,U,0,-,-,$SESSION1,2,$CLASS1PRODUCT1,$MM1EXCHANGE,$MM1EXECFIRM,C,C,$CLASS1PRODUCT2,$MM1EXCHANGE,$MM1EXECFIRM,C,C,TRUE,TRUE,This is the Strategy order: BA:253
PAUSE,10000
VERIFYCOMPLEXPARORDER,$PAR1,$MM1,$MM1EXECFIRM,ABC,CEW,7281,*,9.30,D,1,2,Y,Y,N,Y,-,10.00,10.20,400,B,100,100,1,400,1.00,1.20,400,S,100,100,1,400,TRUE,TRUE,Comment
PARCOMPLEXORDERTRADEWITHBOOKREQ,$PAR1,$MM1,$MM1EXECFIRM,ABC,CEW,7281,*,*,D,9.30,2,400,400,Y,TRUE,TRUE,Comment
PAUSE,10000
TOPOFBOOKVERIFICATION,$MM1,$SESSION1,$STRATEGY1,0,1,0,00,100,2,9,10,TRUE,TRUE,Comment
TOPOFBOOKVERIFICATION,$MM1,$SESSION1,$CLASS1PRODUCT1,100,2,10,00,100,2,10,20,TRUE,TRUE,Comment
TOPOFBOOKVERIFICATION,$MM1,$SESSION1,$CLASS1PRODUCT2,100,2,1,00,100,2,1,20,TRUE,TRUE,Comment
VERIFYCOMPLEXPARORDER,$PAR1,$MM1,$MM1EXECFIRM,ABC,CEW,7281,*,9.30,D,1,2,Y,Y,N,Y,-,10.00,10.20,300,B,100,100,1,400,1.00,1.20,300,S,100,100,1,400,TRUE,TRUE,Comment
CLEARALLPARCALLBACKS,$PAR1
CANCELALLPARORDERS,$PAR1,$MM1,TRUE,TRUE,Comment
VERIFYCOMPLEXPARORDER,$PAR1,$MM1,$MM1EXECFIRM,ABC,CEW,7281,*,9.30,D,1,2,Y,Y,N,Y,-,10.00,10.20,300,B,100,100,1,400,1.00,1.20,300,S,100,100,1,400,FALSE,TRUE,Comment
QUOTECANCEL,$MM1,$SESSION1,$CLASS1PRODUCT1,2,TRUE,TRUE,Comment
QUOTECANCELVERIFICATION,$MM1,$SESSION1,$CLASS1PRODUCT1,2,TRUE,TRUE,Comment
QUOTECANCEL,$MM1,$SESSION1,$CLASS1PRODUCT2,2,TRUE,TRUE,Comment
QUOTECANCELVERIFICATION,$MM1,$SESSION1,$CLASS1PRODUCT2,2,TRUE,TRUE,Comment
ORDERCANCELBYIDNOWAIT,$MM1,$MM1EXCHANGE,$MM1EXECFIRM,NMJ,2530,ABC,*,50,$SESSION1,1,TRUE,TRUE,Comment
PAUSE,1000
ORDERCANCELVERIFICATION,$MM1,$MM1EXCHANGE,$MM1EXECFIRM,NMJ,2530,ABC,*,$SESSION1,$CLASS1PRODUCT1,2,50,TRUE,TRUE,Comment
ORDERCANCELBYIDNOWAIT,$MM1,$MM1EXCHANGE,$MM1EXECFIRM,KTQ,7855,ABC,*,50,$SESSION1,1,TRUE,TRUE,Comment
PAUSE,1000
ORDERCANCELVERIFICATION,$MM1,$MM1EXCHANGE,$MM1EXECFIRM,KTQ,7855,ABC,*,$SESSION1,$CLASS1PRODUCT2,2,50,TRUE,TRUE,Comment
ORDERCANCELBYIDNOWAIT,$MM1,$MM1EXCHANGE,$MM1EXECFIRM,DPX,520,ABC,*,100,$SESSION1,1,TRUE,TRUE,Comment
ORDERCANCELVERIFICATION,$MM1,$MM1EXCHANGE,$MM1EXECFIRM,DPX,520,ABC,*,$SESSION1,$CLASS1PRODUCT1,2,100,TRUE,TRUE,Comment
ORDERCANCELBYIDNOWAIT,$MM1,$MM1EXCHANGE,$MM1EXECFIRM,LHK,9910,ABC,*,100,$SESSION1,1,TRUE,TRUE,Comment
ORDERCANCELVERIFICATION,$MM1,$MM1EXCHANGE,$MM1EXECFIRM,LHK,9910,ABC,*,$SESSION1,$CLASS1PRODUCT2,2,100,TRUE,TRUE,Comment
ORDERCANCELBYIDNOWAIT,$MM1,$MM1EXCHANGE,$MM1EXECFIRM,ACH,5146,ABC,*,100,$SESSION1,1,TRUE,TRUE,Comment
ORDERCANCELVERIFICATION,$MM1,$MM1EXCHANGE,$MM1EXECFIRM,ACH,5146,ABC,*,$SESSION1,$STRATEGY1,2,100,TRUE,TRUE,Comment
PAUSE,1000
TOPOFBOOKVERIFICATION,$MM1,$SESSION1,$STRATEGY1,0,1,0,00,0,1,0,00,TRUE,TRUE,Comment
MANUALQUOTECANCEL,$WORKSTATION1,$PAR1,$MM2,$CLASS1PRODUCT1,Y,B,100,10.00,$SA1,TRUE,TRUE,Comment
MANUALQUOTECANCEL,$WORKSTATION1,$PAR1,$MM2,$CLASS1PRODUCT1,Y,S,100,10.20,$SA1,TRUE,TRUE,Comment
MANUALQUOTECANCEL,$WORKSTATION1,$PAR1,$MM2,$CLASS1PRODUCT2,Y,B,100,1.00,$SA1,TRUE,TRUE,Comment
MANUALQUOTECANCEL,$WORKSTATION1,$PAR1,$MM2,$CLASS1PRODUCT2,Y,S,100,1.20,$SA1,TRUE,TRUE,Comment

COMMENT, Test Case 6:CONDITION:Resting Customer Simple Orders on all legs. CONDITION:Resting Customer and NON-Customer Complex Order at price BETTER than DSM. CONDITION:Manual quotes are resting at BETTER price than Auto Quotes and resting Simple Orders on all legs. EXPECTED BEHAVIOR:Inbound Complex Order from PAR trades with resting Customer Complex order only and the remainder is routed back to PAR
CLEARALLCALLBACKS,$MM1
PAUSE,1000
PRODUCTSTATEQUERY,$SA1,$SESSION1,$CLASS1PRODUCT1,4,TRUE,TRUE,Comment
PRODUCTSTATEQUERY,$SA1,$SESSION1,$CLASS1PRODUCT2,4,TRUE,TRUE,Comment
TOPOFBOOKVERIFICATION,$MM1,$SESSION1,$CLASS1PRODUCT1,0,1,0,00,0,1,0,00,TRUE,TRUE,Comment
TOPOFBOOKVERIFICATION,$MM1,$SESSION1,$CLASS1PRODUCT2,0,1,0,00,0,1,0,00,TRUE,TRUE,Comment
QUOTE,$MM1,2,9,90,100,2,10,30,100,$CLASS1PRODUCT1,$SESSION1,User Assigned Id..,TRUE,TRUE,Comment
PAUSE,1000
CURRENTMARKETV4BESTMARKETQUERY,$MM1,CBOE,$CLASS1PRODUCT1,100,2,9,90,100,2,10,30,TRUE,TRUE,Comment
QUOTE,$MM1,2,0,90,100,2,1,30,100,$CLASS1PRODUCT2,$SESSION1,User Assigned Id..,TRUE,TRUE,Comment
PAUSE,1000
CURRENTMARKETV4BESTMARKETQUERY,$MM1,CBOE,$CLASS1PRODUCT2,100,2,0,90,100,2,1,30,TRUE,TRUE,Comment
SETPRODUCTSTATEBYPRODUCT,$SA1,$SESSION1,$STRATEGY1,$STRATEGYCLASS1,1,TRUE,TRUE,Comment
PRODUCTSTATEQUERY,$SA1,$SESSION1,$STRATEGY1,1,TRUE,TRUE,Comment
SETPRODUCTSTATEBYPRODUCT,$SA1,$SESSION1,$STRATEGY1,$STRATEGYCLASS1,2,TRUE,TRUE,Comment
PRODUCTSTATEQUERY,$SA1,$SESSION1,$STRATEGY1,2,TRUE,TRUE,Comment
SETPRODUCTSTATEBYPRODUCT,$SA1,$SESSION1,$STRATEGY1,$STRATEGYCLASS1,3,TRUE,TRUE,Comment
PRODUCTSTATEQUERY,$SA1,$SESSION1,$STRATEGY1,3,TRUE,TRUE,Comment
SETPRODUCTSTATEBYPRODUCT,$SA1,$SESSION1,$STRATEGY1,$STRATEGYCLASS1,4,TRUE,TRUE,Comment
PRODUCTSTATEQUERY,$SA1,$SESSION1,$STRATEGY1,4,TRUE,TRUE,Comment
TOPOFBOOKVERIFICATION,$MM1,$SESSION1,$STRATEGY1,0,1,0,00,0,1,0,00,TRUE,TRUE,Comment
MANUALQUOTE,$WORKSTATION1,$PAR1,$MM2,$CLASS1PRODUCT1,Y,B,100,10.00,$SA1,TRUE,TRUE,Comment
MANUALQUOTE,$WORKSTATION1,$PAR1,$MM2,$CLASS1PRODUCT1,Y,S,100,10.20,$SA1,TRUE,TRUE,Comment
MANUALQUOTE,$WORKSTATION1,$PAR1,$MM2,$CLASS1PRODUCT2,Y,B,100,1.00,$SA1,TRUE,TRUE,Comment
MANUALQUOTE,$WORKSTATION1,$PAR1,$MM2,$CLASS1PRODUCT2,Y,S,100,1.20,$SA1,TRUE,TRUE,Comment
ORDER,$MM1,$MM1EXCHANGE,$MM1EXECFIRM,GNU,1985,ABC,*,$MM1EXCHANGE,$MM1,50,$CLASS1PRODUCT1,S,2,10,30,D,21/12/2003 6:00:00.0,1,1,0,00,0,-,-,-,$MM1,$MM1,C,FALSE,C,U,0,-,-,$SESSION1,TRUE,TRUE,Comment
ORDER,$MM1,$MM1EXCHANGE,$MM1EXECFIRM,DJT,2772,ABC,*,$MM1EXCHANGE,$MM1,50,$CLASS1PRODUCT2,B,2,0,90,D,21/12/2003 6:00:00.0,1,1,0,00,0,-,-,-,$MM1,$MM1,C,FALSE,C,U,0,-,-,$SESSION1,TRUE,TRUE,Comment
PAUSE,2000
TOPOFBOOKVERIFICATION,$MM1,$SESSION1,$CLASS1PRODUCT1,100,2,10,00,100,2,10,20,TRUE,TRUE,Comment
TOPOFBOOKVERIFICATION,$MM1,$SESSION1,$CLASS1PRODUCT2,100,2,1,00,100,2,1,20,TRUE,TRUE,Comment
STRATEGYORDER,$MM1,$MM1EXCHANGE,$MM1EXECFIRM,BBM,9300,ABC,*,$MM1EXCHANGE,$MM1,100,$STRATEGY1,O,2,9,10,D,21/12/2003 6:00:00.0,1,1,0,00,0,-,-,-,$MM1,$MM1,C,FALSE,C,U,0,-,-,$SESSION1,2,$CLASS1PRODUCT1,$MM1EXCHANGE,$MM1EXECFIRM,C,C,$CLASS1PRODUCT2,$MM1EXCHANGE,$MM1EXECFIRM,C,C,TRUE,TRUE,This is the Strategy order: BA:250
PAUSE,1000
TOPOFBOOKVERIFICATION,$MM1,$SESSION1,$STRATEGY1,0,1,0,00,100,2,9,10,TRUE,TRUE,Comment
STRATEGYORDER,$MM1,$MM1EXCHANGE,$MM1EXECFIRM,FQA,7849,ABC,*,$MM1EXCHANGE,$MM1,100,$STRATEGY1,O,2,9,10,D,21/12/2003 6:00:00.0,1,1,0,00,0,-,-,-,$MM1,$MM1,C,FALSE,E,U,0,-,-,$SESSION1,2,$CLASS1PRODUCT1,$MM1EXCHANGE,$MM1EXECFIRM,C,C,$CLASS1PRODUCT2,$MM1EXCHANGE,$MM1EXECFIRM,C,C,TRUE,TRUE,This is the Strategy order: BA:251
PAUSE,1000
TOPOFBOOKVERIFICATION,$MM1,$SESSION1,$STRATEGY1,0,1,0,00,200,2,9,10,TRUE,TRUE,Comment
STRATEGYORDER,$MM1,$MM1EXCHANGE,$MM1EXECFIRM,SGO,5990,ABC,*,$MM1EXCHANGE,$MM1,400,$STRATEGY1,D,2,-9,30,D,21/12/2003 6:00:00.0,1,1,0,00,0,-,-,BARTID=$WORKSTATION1,$MM1,$MM1,C,FALSE,C,U,0,-,-,$SESSION1,2,$CLASS1PRODUCT1,$MM1EXCHANGE,$MM1EXECFIRM,C,C,$CLASS1PRODUCT2,$MM1EXCHANGE,$MM1EXECFIRM,C,C,TRUE,TRUE,This is the Strategy order: BA:253
PAUSE,10000
VERIFYCOMPLEXPARORDER,$PAR1,$MM1,$MM1EXECFIRM,ABC,SGO,5990,*,9.30,D,1,2,Y,Y,N,Y,-,10.00,10.20,400,B,100,100,1,400,1.00,1.20,400,S,100,100,1,400,TRUE,TRUE,Comment
PARCOMPLEXORDERTRADEWITHBOOKREQ,$PAR1,$MM1,$MM1EXECFIRM,ABC,SGO,5990,*,*,D,9.30,2,400,400,Y,TRUE,TRUE,Comment
PAUSE,10000
TOPOFBOOKVERIFICATION,$MM1,$SESSION1,$STRATEGY1,0,1,0,00,100,2,9,10,TRUE,TRUE,Comment
TOPOFBOOKVERIFICATION,$MM1,$SESSION1,$CLASS1PRODUCT1,100,2,10,00,100,2,10,20,TRUE,TRUE,Comment
TOPOFBOOKVERIFICATION,$MM1,$SESSION1,$CLASS1PRODUCT2,100,2,1,00,100,2,1,20,TRUE,TRUE,Comment
VERIFYCOMPLEXPARORDER,$PAR1,$MM1,$MM1EXECFIRM,ABC,SGO,5990,*,9.30,D,1,2,Y,Y,N,Y,-,10.00,10.20,300,B,100,100,1,400,1.00,1.20,300,S,100,100,1,400,TRUE,TRUE,Comment
CLEARALLPARCALLBACKS,$PAR1
CANCELALLPARORDERS,$PAR1,$MM1,TRUE,TRUE,Comment
VERIFYCOMPLEXPARORDER,$PAR1,$MM1,$MM1EXECFIRM,ABC,SGO,5990,*,9.30,D,1,2,Y,Y,N,Y,-,10.00,10.20,300,B,100,100,1,400,1.00,1.20,300,S,100,100,1,400,FALSE,TRUE,Comment
QUOTECANCEL,$MM1,$SESSION1,$CLASS1PRODUCT1,2,TRUE,TRUE,Comment
QUOTECANCELVERIFICATION,$MM1,$SESSION1,$CLASS1PRODUCT1,2,TRUE,TRUE,Comment
QUOTECANCEL,$MM1,$SESSION1,$CLASS1PRODUCT2,2,TRUE,TRUE,Comment
QUOTECANCELVERIFICATION,$MM1,$SESSION1,$CLASS1PRODUCT2,2,TRUE,TRUE,Comment
ORDERCANCELBYIDNOWAIT,$MM1,$MM1EXCHANGE,$MM1EXECFIRM,GNU,1985,ABC,*,50,$SESSION1,1,TRUE,TRUE,Comment
PAUSE,1000
ORDERCANCELVERIFICATION,$MM1,$MM1EXCHANGE,$MM1EXECFIRM,GNU,1985,ABC,*,$SESSION1,$CLASS1PRODUCT1,2,50,TRUE,TRUE,Comment
ORDERCANCELBYIDNOWAIT,$MM1,$MM1EXCHANGE,$MM1EXECFIRM,DJT,2772,ABC,*,50,$SESSION1,1,TRUE,TRUE,Comment
PAUSE,1000
ORDERCANCELVERIFICATION,$MM1,$MM1EXCHANGE,$MM1EXECFIRM,DJT,2772,ABC,*,$SESSION1,$CLASS1PRODUCT2,2,50,TRUE,TRUE,Comment
ORDERCANCELBYIDNOWAIT,$MM1,$MM1EXCHANGE,$MM1EXECFIRM,FQA,7849,ABC,*,100,$SESSION1,1,TRUE,TRUE,Comment
ORDERCANCELVERIFICATION,$MM1,$MM1EXCHANGE,$MM1EXECFIRM,FQA,7849,ABC,*,$SESSION1,$STRATEGY1,2,100,TRUE,TRUE,Comment
PAUSE,1000
TOPOFBOOKVERIFICATION,$MM1,$SESSION1,$STRATEGY1,0,1,0,00,0,1,0,00,TRUE,TRUE,Comment
MANUALQUOTECANCEL,$WORKSTATION1,$PAR1,$MM2,$CLASS1PRODUCT1,Y,B,100,10.00,$SA1,TRUE,TRUE,Comment
MANUALQUOTECANCEL,$WORKSTATION1,$PAR1,$MM2,$CLASS1PRODUCT1,Y,S,100,10.20,$SA1,TRUE,TRUE,Comment
MANUALQUOTECANCEL,$WORKSTATION1,$PAR1,$MM2,$CLASS1PRODUCT2,Y,B,100,1.00,$SA1,TRUE,TRUE,Comment
MANUALQUOTECANCEL,$WORKSTATION1,$PAR1,$MM2,$CLASS1PRODUCT2,Y,S,100,1.20,$SA1,TRUE,TRUE,Comment

COMMENT, Test Case 7:CONDITION:Resting NON-Customer Simple Orders on all legs. CONDITION:Resting Customer and NON-Customer Complex Order at price BETTER than DSM. CONDITION:Manual quotes are resting at BETTER price than Auto Quotes and resting Simple Orders on all legs. EXPECTED BEHAVIOR:Inbound Complex Order from PAR trades with resting Customer Complex orders only and the remaining Quantity is routed back to PAR
CLEARALLCALLBACKS,$MM1
PAUSE,1000
PRODUCTSTATEQUERY,$SA1,$SESSION1,$CLASS1PRODUCT1,4,TRUE,TRUE,Comment
PRODUCTSTATEQUERY,$SA1,$SESSION1,$CLASS1PRODUCT2,4,TRUE,TRUE,Comment
TOPOFBOOKVERIFICATION,$MM1,$SESSION1,$CLASS1PRODUCT1,0,1,0,00,0,1,0,00,TRUE,TRUE,Comment
TOPOFBOOKVERIFICATION,$MM1,$SESSION1,$CLASS1PRODUCT2,0,1,0,00,0,1,0,00,TRUE,TRUE,Comment
QUOTE,$MM1,2,9,90,100,2,10,30,100,$CLASS1PRODUCT1,$SESSION1,User Assigned Id..,TRUE,TRUE,Comment
PAUSE,1000
CURRENTMARKETV4BESTMARKETQUERY,$MM1,CBOE,$CLASS1PRODUCT1,100,2,9,90,100,2,10,30,TRUE,TRUE,Comment
QUOTE,$MM1,2,0,90,100,2,1,30,100,$CLASS1PRODUCT2,$SESSION1,User Assigned Id..,TRUE,TRUE,Comment
PAUSE,1000
CURRENTMARKETV4BESTMARKETQUERY,$MM1,CBOE,$CLASS1PRODUCT2,100,2,0,90,100,2,1,30,TRUE,TRUE,Comment
SETPRODUCTSTATEBYPRODUCT,$SA1,$SESSION1,$STRATEGY1,$STRATEGYCLASS1,1,TRUE,TRUE,Comment
PRODUCTSTATEQUERY,$SA1,$SESSION1,$STRATEGY1,1,TRUE,TRUE,Comment
SETPRODUCTSTATEBYPRODUCT,$SA1,$SESSION1,$STRATEGY1,$STRATEGYCLASS1,2,TRUE,TRUE,Comment
PRODUCTSTATEQUERY,$SA1,$SESSION1,$STRATEGY1,2,TRUE,TRUE,Comment
SETPRODUCTSTATEBYPRODUCT,$SA1,$SESSION1,$STRATEGY1,$STRATEGYCLASS1,3,TRUE,TRUE,Comment
PRODUCTSTATEQUERY,$SA1,$SESSION1,$STRATEGY1,3,TRUE,TRUE,Comment
SETPRODUCTSTATEBYPRODUCT,$SA1,$SESSION1,$STRATEGY1,$STRATEGYCLASS1,4,TRUE,TRUE,Comment
PRODUCTSTATEQUERY,$SA1,$SESSION1,$STRATEGY1,4,TRUE,TRUE,Comment
TOPOFBOOKVERIFICATION,$MM1,$SESSION1,$STRATEGY1,0,1,0,00,0,1,0,00,TRUE,TRUE,Comment
MANUALQUOTE,$WORKSTATION1,$PAR1,$MM2,$CLASS1PRODUCT1,Y,B,100,10.00,$SA1,TRUE,TRUE,Comment
MANUALQUOTE,$WORKSTATION1,$PAR1,$MM2,$CLASS1PRODUCT1,Y,S,100,10.20,$SA1,TRUE,TRUE,Comment
MANUALQUOTE,$WORKSTATION1,$PAR1,$MM2,$CLASS1PRODUCT2,Y,B,100,1.00,$SA1,TRUE,TRUE,Comment
MANUALQUOTE,$WORKSTATION1,$PAR1,$MM2,$CLASS1PRODUCT2,Y,S,100,1.20,$SA1,TRUE,TRUE,Comment
ORDER,$MM1,$MM1EXCHANGE,$MM1EXECFIRM,BXO,6241,ABC,*,$MM1EXCHANGE,$MM1,100,$CLASS1PRODUCT1,S,2,10,30,D,21/12/2003 6:00:00.0,1,1,0,00,0,-,-,-,$MM1,$MM1,C,FALSE,E,U,0,-,-,$SESSION1,TRUE,TRUE,Comment
ORDER,$MM1,$MM1EXCHANGE,$MM1EXECFIRM,UBH,9187,ABC,*,$MM1EXCHANGE,$MM1,100,$CLASS1PRODUCT2,B,2,0,90,D,21/12/2003 6:00:00.0,1,1,0,00,0,-,-,-,$MM1,$MM1,C,FALSE,E,U,0,-,-,$SESSION1,TRUE,TRUE,Comment
PAUSE,2000
TOPOFBOOKVERIFICATION,$MM1,$SESSION1,$CLASS1PRODUCT1,100,2,10,00,100,2,10,20,TRUE,TRUE,Comment
TOPOFBOOKVERIFICATION,$MM1,$SESSION1,$CLASS1PRODUCT2,100,2,1,00,100,2,1,20,TRUE,TRUE,Comment
STRATEGYORDER,$MM1,$MM1EXCHANGE,$MM1EXECFIRM,SGQ,3929,ABC,*,$MM1EXCHANGE,$MM1,100,$STRATEGY1,O,2,9,10,D,21/12/2003 6:00:00.0,1,1,0,00,0,-,-,-,$MM1,$MM1,C,FALSE,C,U,0,-,-,$SESSION1,2,$CLASS1PRODUCT1,$MM1EXCHANGE,$MM1EXECFIRM,C,C,$CLASS1PRODUCT2,$MM1EXCHANGE,$MM1EXECFIRM,C,C,TRUE,TRUE,This is the Strategy order: BA:250
PAUSE,1000
TOPOFBOOKVERIFICATION,$MM1,$SESSION1,$STRATEGY1,0,1,0,00,100,2,9,10,TRUE,TRUE,Comment
STRATEGYORDER,$MM1,$MM1EXCHANGE,$MM1EXECFIRM,BDT,2538,ABC,*,$MM1EXCHANGE,$MM1,100,$STRATEGY1,O,2,9,10,D,21/12/2003 6:00:00.0,1,1,0,00,0,-,-,-,$MM1,$MM1,C,FALSE,E,U,0,-,-,$SESSION1,2,$CLASS1PRODUCT1,$MM1EXCHANGE,$MM1EXECFIRM,C,C,$CLASS1PRODUCT2,$MM1EXCHANGE,$MM1EXECFIRM,C,C,TRUE,TRUE,This is the Strategy order: BA:251
PAUSE,1000
TOPOFBOOKVERIFICATION,$MM1,$SESSION1,$STRATEGY1,0,1,0,00,200,2,9,10,TRUE,TRUE,Comment
STRATEGYORDER,$MM1,$MM1EXCHANGE,$MM1EXECFIRM,JIH,5673,ABC,*,$MM1EXCHANGE,$MM1,400,$STRATEGY1,D,2,-9,30,D,21/12/2003 6:00:00.0,1,1,0,00,0,-,-,BARTID=$WORKSTATION1,$MM1,$MM1,C,FALSE,C,U,0,-,-,$SESSION1,2,$CLASS1PRODUCT1,$MM1EXCHANGE,$MM1EXECFIRM,C,C,$CLASS1PRODUCT2,$MM1EXCHANGE,$MM1EXECFIRM,C,C,TRUE,TRUE,This is the Strategy order: BA:253
PAUSE,10000
VERIFYCOMPLEXPARORDER,$PAR1,$MM1,$MM1EXECFIRM,ABC,JIH,5673,*,9.30,D,1,2,Y,Y,N,Y,-,10.00,10.20,400,B,100,100,1,400,1.00,1.20,400,S,100,100,1,400,TRUE,TRUE,Comment
PARCOMPLEXORDERTRADEWITHBOOKREQ,$PAR1,$MM1,$MM1EXECFIRM,ABC,JIH,5673,*,*,D,9.30,2,400,400,Y,TRUE,TRUE,Comment
PAUSE,10000
TOPOFBOOKVERIFICATION,$MM1,$SESSION1,$STRATEGY1,0,1,0,00,100,2,9,10,TRUE,TRUE,Comment
TOPOFBOOKVERIFICATION,$MM1,$SESSION1,$CLASS1PRODUCT1,100,2,10,00,100,2,10,20,TRUE,TRUE,Comment
TOPOFBOOKVERIFICATION,$MM1,$SESSION1,$CLASS1PRODUCT2,100,2,1,00,100,2,1,20,TRUE,TRUE,Comment
VERIFYCOMPLEXPARORDER,$PAR1,$MM1,$MM1EXECFIRM,ABC,JIH,5673,*,9.30,D,1,2,Y,Y,N,Y,-,10.00,10.20,300,B,100,100,1,400,1.00,1.20,300,S,100,100,1,400,TRUE,TRUE,Comment
CLEARALLPARCALLBACKS,$PAR1
CANCELALLPARORDERS,$PAR1,$MM1,TRUE,TRUE,Comment
VERIFYCOMPLEXPARORDER,$PAR1,$MM1,$MM1EXECFIRM,ABC,JIH,5673,*,9.30,D,1,2,Y,Y,N,Y,-,10.00,10.20,300,B,100,100,1,400,1.00,1.20,300,S,100,100,1,400,FALSE,TRUE,Comment
QUOTECANCEL,$MM1,$SESSION1,$CLASS1PRODUCT1,2,TRUE,TRUE,Comment
QUOTECANCELVERIFICATION,$MM1,$SESSION1,$CLASS1PRODUCT1,2,TRUE,TRUE,Comment
QUOTECANCEL,$MM1,$SESSION1,$CLASS1PRODUCT2,2,TRUE,TRUE,Comment
QUOTECANCELVERIFICATION,$MM1,$SESSION1,$CLASS1PRODUCT2,2,TRUE,TRUE,Comment
ORDERCANCELBYIDNOWAIT,$MM1,$MM1EXCHANGE,$MM1EXECFIRM,BXO,6241,ABC,*,100,$SESSION1,1,TRUE,TRUE,Comment
ORDERCANCELVERIFICATION,$MM1,$MM1EXCHANGE,$MM1EXECFIRM,BXO,6241,ABC,*,$SESSION1,$CLASS1PRODUCT1,2,100,TRUE,TRUE,Comment
ORDERCANCELBYIDNOWAIT,$MM1,$MM1EXCHANGE,$MM1EXECFIRM,UBH,9187,ABC,*,100,$SESSION1,1,TRUE,TRUE,Comment
ORDERCANCELVERIFICATION,$MM1,$MM1EXCHANGE,$MM1EXECFIRM,UBH,9187,ABC,*,$SESSION1,$CLASS1PRODUCT2,2,100,TRUE,TRUE,Comment
ORDERCANCELBYIDNOWAIT,$MM1,$MM1EXCHANGE,$MM1EXECFIRM,BDT,2538,ABC,*,100,$SESSION1,1,TRUE,TRUE,Comment
ORDERCANCELVERIFICATION,$MM1,$MM1EXCHANGE,$MM1EXECFIRM,BDT,2538,ABC,*,$SESSION1,$STRATEGY1,2,100,TRUE,TRUE,Comment
PAUSE,1000
TOPOFBOOKVERIFICATION,$MM1,$SESSION1,$STRATEGY1,0,1,0,00,0,1,0,00,TRUE,TRUE,Comment
MANUALQUOTECANCEL,$WORKSTATION1,$PAR1,$MM2,$CLASS1PRODUCT1,Y,B,100,10.00,$SA1,TRUE,TRUE,Comment
MANUALQUOTECANCEL,$WORKSTATION1,$PAR1,$MM2,$CLASS1PRODUCT1,Y,S,100,10.20,$SA1,TRUE,TRUE,Comment
MANUALQUOTECANCEL,$WORKSTATION1,$PAR1,$MM2,$CLASS1PRODUCT2,Y,B,100,1.00,$SA1,TRUE,TRUE,Comment
MANUALQUOTECANCEL,$WORKSTATION1,$PAR1,$MM2,$CLASS1PRODUCT2,Y,S,100,1.20,$SA1,TRUE,TRUE,Comment

COMMENT, Test Case 8:CONDITION:NO resting Simple Orders on all legs. CONDITION:Resting Customer and NON-Customer Complex Order at price BETTER than DSM. CONDITION:Manual quotes are resting at BETTER price than Auto Quotes and resting Simple Orders on all legs. EXPECTED BEHAVIOR:Inbound Complex Order from PAR trades with resting Customer Complex order and the remaining Quantity is routed back to PAR
CLEARALLCALLBACKS,$MM1
PAUSE,1000
PRODUCTSTATEQUERY,$SA1,$SESSION1,$CLASS1PRODUCT1,4,TRUE,TRUE,Comment
PRODUCTSTATEQUERY,$SA1,$SESSION1,$CLASS1PRODUCT2,4,TRUE,TRUE,Comment
TOPOFBOOKVERIFICATION,$MM1,$SESSION1,$CLASS1PRODUCT1,0,1,0,00,0,1,0,00,TRUE,TRUE,Comment
TOPOFBOOKVERIFICATION,$MM1,$SESSION1,$CLASS1PRODUCT2,0,1,0,00,0,1,0,00,TRUE,TRUE,Comment
QUOTE,$MM1,2,9,90,100,2,10,30,100,$CLASS1PRODUCT1,$SESSION1,User Assigned Id..,TRUE,TRUE,Comment
PAUSE,1000
CURRENTMARKETV4BESTMARKETQUERY,$MM1,CBOE,$CLASS1PRODUCT1,100,2,9,90,100,2,10,30,TRUE,TRUE,Comment
QUOTE,$MM1,2,0,90,100,2,1,30,100,$CLASS1PRODUCT2,$SESSION1,User Assigned Id..,TRUE,TRUE,Comment
PAUSE,1000
CURRENTMARKETV4BESTMARKETQUERY,$MM1,CBOE,$CLASS1PRODUCT2,100,2,0,90,100,2,1,30,TRUE,TRUE,Comment
SETPRODUCTSTATEBYPRODUCT,$SA1,$SESSION1,$STRATEGY1,$STRATEGYCLASS1,1,TRUE,TRUE,Comment
PRODUCTSTATEQUERY,$SA1,$SESSION1,$STRATEGY1,1,TRUE,TRUE,Comment
SETPRODUCTSTATEBYPRODUCT,$SA1,$SESSION1,$STRATEGY1,$STRATEGYCLASS1,2,TRUE,TRUE,Comment
PRODUCTSTATEQUERY,$SA1,$SESSION1,$STRATEGY1,2,TRUE,TRUE,Comment
SETPRODUCTSTATEBYPRODUCT,$SA1,$SESSION1,$STRATEGY1,$STRATEGYCLASS1,3,TRUE,TRUE,Comment
PRODUCTSTATEQUERY,$SA1,$SESSION1,$STRATEGY1,3,TRUE,TRUE,Comment
SETPRODUCTSTATEBYPRODUCT,$SA1,$SESSION1,$STRATEGY1,$STRATEGYCLASS1,4,TRUE,TRUE,Comment
PRODUCTSTATEQUERY,$SA1,$SESSION1,$STRATEGY1,4,TRUE,TRUE,Comment
TOPOFBOOKVERIFICATION,$MM1,$SESSION1,$STRATEGY1,0,1,0,00,0,1,0,00,TRUE,TRUE,Comment
MANUALQUOTE,$WORKSTATION1,$PAR1,$MM2,$CLASS1PRODUCT1,Y,B,100,10.00,$SA1,TRUE,TRUE,Comment
MANUALQUOTE,$WORKSTATION1,$PAR1,$MM2,$CLASS1PRODUCT1,Y,S,100,10.20,$SA1,TRUE,TRUE,Comment
MANUALQUOTE,$WORKSTATION1,$PAR1,$MM2,$CLASS1PRODUCT2,Y,B,100,1.00,$SA1,TRUE,TRUE,Comment
MANUALQUOTE,$WORKSTATION1,$PAR1,$MM2,$CLASS1PRODUCT2,Y,S,100,1.20,$SA1,TRUE,TRUE,Comment
PAUSE,2000
TOPOFBOOKVERIFICATION,$MM1,$SESSION1,$CLASS1PRODUCT1,100,2,10,00,100,2,10,20,TRUE,TRUE,Comment
TOPOFBOOKVERIFICATION,$MM1,$SESSION1,$CLASS1PRODUCT2,100,2,1,00,100,2,1,20,TRUE,TRUE,Comment
STRATEGYORDER,$MM1,$MM1EXCHANGE,$MM1EXECFIRM,HFB,8515,ABC,*,$MM1EXCHANGE,$MM1,100,$STRATEGY1,O,2,9,10,D,21/12/2003 6:00:00.0,1,1,0,00,0,-,-,-,$MM1,$MM1,C,FALSE,C,U,0,-,-,$SESSION1,2,$CLASS1PRODUCT1,$MM1EXCHANGE,$MM1EXECFIRM,C,C,$CLASS1PRODUCT2,$MM1EXCHANGE,$MM1EXECFIRM,C,C,TRUE,TRUE,This is the Strategy order: BA:250
PAUSE,1000
TOPOFBOOKVERIFICATION,$MM1,$SESSION1,$STRATEGY1,0,1,0,00,100,2,9,10,TRUE,TRUE,Comment
STRATEGYORDER,$MM1,$MM1EXCHANGE,$MM1EXECFIRM,MXR,9710,ABC,*,$MM1EXCHANGE,$MM1,100,$STRATEGY1,O,2,9,10,D,21/12/2003 6:00:00.0,1,1,0,00,0,-,-,-,$MM1,$MM1,C,FALSE,E,U,0,-,-,$SESSION1,2,$CLASS1PRODUCT1,$MM1EXCHANGE,$MM1EXECFIRM,C,C,$CLASS1PRODUCT2,$MM1EXCHANGE,$MM1EXECFIRM,C,C,TRUE,TRUE,This is the Strategy order: BA:251
PAUSE,1000
TOPOFBOOKVERIFICATION,$MM1,$SESSION1,$STRATEGY1,0,1,0,00,200,2,9,10,TRUE,TRUE,Comment
STRATEGYORDER,$MM1,$MM1EXCHANGE,$MM1EXECFIRM,MYV,1184,ABC,*,$MM1EXCHANGE,$MM1,400,$STRATEGY1,D,2,-9,30,D,21/12/2003 6:00:00.0,1,1,0,00,0,-,-,BARTID=$WORKSTATION1,$MM1,$MM1,C,FALSE,C,U,0,-,-,$SESSION1,2,$CLASS1PRODUCT1,$MM1EXCHANGE,$MM1EXECFIRM,C,C,$CLASS1PRODUCT2,$MM1EXCHANGE,$MM1EXECFIRM,C,C,TRUE,TRUE,This is the Strategy order: BA:253
PAUSE,10000
VERIFYCOMPLEXPARORDER,$PAR1,$MM1,$MM1EXECFIRM,ABC,MYV,1184,*,9.30,D,1,2,Y,Y,N,Y,-,10.00,10.20,400,B,100,100,1,400,1.00,1.20,400,S,100,100,1,400,TRUE,TRUE,Comment
PARCOMPLEXORDERTRADEWITHBOOKREQ,$PAR1,$MM1,$MM1EXECFIRM,ABC,MYV,1184,*,*,D,9.30,2,400,400,Y,TRUE,TRUE,Comment
PAUSE,10000
TOPOFBOOKVERIFICATION,$MM1,$SESSION1,$STRATEGY1,0,1,0,00,100,2,9,10,TRUE,TRUE,Comment
TOPOFBOOKVERIFICATION,$MM1,$SESSION1,$CLASS1PRODUCT1,100,2,10,00,100,2,10,20,TRUE,TRUE,Comment
TOPOFBOOKVERIFICATION,$MM1,$SESSION1,$CLASS1PRODUCT2,100,2,1,00,100,2,1,20,TRUE,TRUE,Comment
VERIFYCOMPLEXPARORDER,$PAR1,$MM1,$MM1EXECFIRM,ABC,MYV,1184,*,9.30,D,1,2,Y,Y,N,Y,-,10.00,10.20,300,B,100,100,1,400,1.00,1.20,300,S,100,100,1,400,TRUE,TRUE,Comment
CLEARALLPARCALLBACKS,$PAR1
CANCELALLPARORDERS,$PAR1,$MM1,TRUE,TRUE,Comment
VERIFYCOMPLEXPARORDER,$PAR1,$MM1,$MM1EXECFIRM,ABC,MYV,1184,*,9.30,D,1,2,Y,Y,N,Y,-,10.00,10.20,300,B,100,100,1,400,1.00,1.20,300,S,100,100,1,400,FALSE,TRUE,Comment
QUOTECANCEL,$MM1,$SESSION1,$CLASS1PRODUCT1,2,TRUE,TRUE,Comment
QUOTECANCELVERIFICATION,$MM1,$SESSION1,$CLASS1PRODUCT1,2,TRUE,TRUE,Comment
QUOTECANCEL,$MM1,$SESSION1,$CLASS1PRODUCT2,2,TRUE,TRUE,Comment
QUOTECANCELVERIFICATION,$MM1,$SESSION1,$CLASS1PRODUCT2,2,TRUE,TRUE,Comment
ORDERCANCELBYIDNOWAIT,$MM1,$MM1EXCHANGE,$MM1EXECFIRM,MXR,9710,ABC,*,100,$SESSION1,1,TRUE,TRUE,Comment
ORDERCANCELVERIFICATION,$MM1,$MM1EXCHANGE,$MM1EXECFIRM,MXR,9710,ABC,*,$SESSION1,$STRATEGY1,2,100,TRUE,TRUE,Comment
PAUSE,1000
TOPOFBOOKVERIFICATION,$MM1,$SESSION1,$STRATEGY1,0,1,0,00,0,1,0,00,TRUE,TRUE,Comment
MANUALQUOTECANCEL,$WORKSTATION1,$PAR1,$MM2,$CLASS1PRODUCT1,Y,B,100,10.00,$SA1,TRUE,TRUE,Comment
MANUALQUOTECANCEL,$WORKSTATION1,$PAR1,$MM2,$CLASS1PRODUCT1,Y,S,100,10.20,$SA1,TRUE,TRUE,Comment
MANUALQUOTECANCEL,$WORKSTATION1,$PAR1,$MM2,$CLASS1PRODUCT2,Y,B,100,1.00,$SA1,TRUE,TRUE,Comment
MANUALQUOTECANCEL,$WORKSTATION1,$PAR1,$MM2,$CLASS1PRODUCT2,Y,S,100,1.20,$SA1,TRUE,TRUE,Comment
MANUALQUOTECANCEL,$WORKSTATION1,$PAR1,$MM2,$CLASS1PRODUCT1,Y,B,100,10.00,$SA1,TRUE,TRUE,Comment
MANUALQUOTECANCEL,$WORKSTATION1,$PAR1,$MM2,$CLASS1PRODUCT2,Y,B,100,1.00,$SA1,TRUE,TRUE,Comment
MANUALQUOTECANCEL,$WORKSTATION1,$PAR1,$MM2,$CLASS1PRODUCT1,Y,S,100,10.20,$SA1,TRUE,TRUE,Comment
MANUALQUOTECANCEL,$WORKSTATION1,$PAR1,$MM2,$CLASS1PRODUCT2,Y,S,100,1.20,$SA1,TRUE,TRUE,Comment
QUOTECANCEL,$MM1,$SESSION1,$CLASS1PRODUCT1,2,TRUE,TRUE,Comment
QUOTECANCELVERIFICATION,$MM1,$SESSION1,$CLASS1PRODUCT1,2,TRUE,TRUE,Comment
QUOTECANCEL,$MM1,$SESSION1,$CLASS1PRODUCT2,2,TRUE,TRUE,Comment
QUOTECANCELVERIFICATION,$MM1,$SESSION1,$CLASS1PRODUCT2,2,TRUE,TRUE,Comment
PAUSE,1000
TOPOFBOOKVERIFICATION,$MM1,$SESSION1,$CLASS1PRODUCT1,0,1,0,00,0,1,0,00,TRUE,TRUE,Comment
TOPOFBOOKVERIFICATION,$MM1,$SESSION1,$CLASS1PRODUCT2,0,1,0,00,0,1,0,00,TRUE,TRUE,Comment
PARLOGOUT,$PAR1,TRUE,TRUE,Comment


COMMENT, Test Case:Cleaning Up Task
TRADERLOGOUT,$MM2,TRUE,TRUE,Comment
TRADERLOGOUT,$MM1,TRUE,TRUE,Comment

SALOGOUT,$SA1,TRUE,TRUE,Comment
ENDPOINT,
PRINTOUTPUTSUMMARY,