TESTSUITENAME,NON_BOB_Class:TB_BUTTON_for_CPS_PART_1A WR 6357 Test Plan
PRINTOUTPUTHEADING,
STARTPOINT,
SALOGIN,$SA1,$SA1,TRUE,TRUE,Comment


COMMENT, Test Cases:18

COMMENT, Test Environment Setup
SELECTCLASSESANDPRODUCTS,$SA1,$SESSION1,7,1,CLASS,1,PRODUCT,$HYBRIDCLASSLIST1,TRUE,TRUE,Comment
SELECTCLASSESANDPRODUCTS,$SA1,$SESSION4,3,1,CLASS1,1,PRODUCT,$W_STOCKCLASSLIST,TRUE,TRUE,Comment
VERIFYSESSIONSTATE,$SA1,$SESSION1,2,TRUE,TRUE,Comment
VERIFYSESSIONSTATE,$SA1,$SESSION4,2,TRUE,TRUE,Comment

COMMENT, User Setup
CREATEUSER,$SA1,$MM1,$MM1EXCHANGE,$MM1EXECFIRM,M,1,Automated API $MM1 User,FALSE,TRUE,TRUE,New User for Clearing Firm "671" and Exchange "CBOE" !
VERIFYUSEREXISTENCE,$SA1,$MM1EXCHANGE,$MM1,M,TRUE,TRUE,TRUE,Comment
TRADERLOGIN,$MM1,$MM1,$CASANDPORT,TRUE,TRUE,Comment

STRATEGYCREATE,$MM1,$SESSION1,$CLASS1,$STRATEGY1,2,$CLASS11PRODUCT1,100,B,$CLASS1PRODUCT1,1,S,TRUE,TRUE,Comment

COMMENT, Trading Property Setup
SETAUCTIONENABLED,$SA1,$SESSION1,$STRATEGYCLASS1,2:true,TRUE,TRUE,Comment
PAUSE,2000
VERIFYAUCTIONENABLED,$SA1,$SESSION1,$STRATEGYCLASS1,2:true,TRUE,TRUE,Comment
SETAUCTIONTIMETOLIVE,$SA1,$SESSION1,$STRATEGYCLASS1,2:3000-3000,TRUE,TRUE,Comment
PAUSE,2000
VERIFYAUCTIONTIMETOLIVE,$SA1,$SESSION1,$STRATEGYCLASS1,2:3000-3000,TRUE,TRUE,Comment
SETALLOWMARKETORDER,$SA1,$SESSION1,$STRATEGYCLASS1,TRUE,TRUE,TRUE,Comment
PAUSE,2000
VERIFYALLOWMARKETORDER,$SA1,$SESSION1,$STRATEGYCLASS1,TRUE,TRUE,TRUE,Comment
SETAUCTIONMINQUOTERS,$SA1,$SESSION1,$STRATEGYCLASS1,2:0,TRUE,TRUE,Comment
PAUSE,2000
VERIFYAUCTIONMINQUOTERS,$SA1,$SESSION1,$STRATEGYCLASS1,2:0,TRUE,TRUE,Comment
SETAUCTIONMINMAXORDERSIZE,$SA1,$SESSION1,$STRATEGYCLASS1,2:1-99999,TRUE,TRUE,Comment
PAUSE,2000
VERIFYAUCTIONMINMAXORDERSIZE,$SA1,$SESSION1,$STRATEGYCLASS1,2:1-99999,TRUE,TRUE,Comment
SETAUCTIONRECEIVERTYPES,$SA1,$SESSION1,$STRATEGYCLASS1,2:1,TRUE,TRUE,Comment
PAUSE,2000
VERIFYAUCTIONRECEIVERTYPES,$SA1,$SESSION1,$STRATEGYCLASS1,2:1,TRUE,TRUE,Comment
SETINDEXHYBRIDINDICATOR,$SA1,$SESSION1,$STRATEGYCLASS1,FALSE,TRUE,TRUE,Comment
PAUSE,2000
VERIFYINDEXHYBRIDINDICATOR,$SA1,$SESSION1,$STRATEGYCLASS1,FALSE,TRUE,TRUE,Comment
SETEXCHANGEPRESCRIBEDWIDTH,$SA1,$SESSION1,$STRATEGYCLASS1,0.0-999.0:999.0,TRUE,TRUE,Comment
PAUSE,2000
VERIFYEXCHANGEPRESCRIBEDWIDTH,$SA1,$SESSION1,$STRATEGYCLASS1,0.0-999.0:999.0,TRUE,TRUE,Comment
SETAUCTIONENABLED,$SA1,$SESSION1,$CLASS1,-8:false;5:false,TRUE,TRUE,Comment
PAUSE,2000
VERIFYAUCTIONENABLED,$SA1,$SESSION1,$CLASS1,-8:false;5:false,TRUE,TRUE,Comment
SETINDEXHYBRIDINDICATOR,$SA1,$SESSION1,$CLASS1,FALSE,TRUE,TRUE,Comment
PAUSE,2000
VERIFYINDEXHYBRIDINDICATOR,$SA1,$SESSION1,$CLASS1,FALSE,TRUE,TRUE,Comment
SETTICKSAWAYFORRECOA,$SA1,$SESSION1,$STRATEGYCLASS1,0,TRUE,TRUE,Comment
PAUSE,2000
VERIFYTICKSAWAYFORRECOA,$SA1,$SESSION1,$STRATEGYCLASS1,0,TRUE,TRUE,Comment
SETNUMBEROFATTEMPTSFORRECOA,$SA1,$SESSION1,$STRATEGYCLASS1,0,TRUE,TRUE,Comment
PAUSE,2000
VERIFYNUMBEROFATTEMPTSFORRECOA,$SA1,$SESSION1,$STRATEGYCLASS1,0,TRUE,TRUE,Comment
SETENABLECPSBOOKING,$SA1,$SESSION1,$STRATEGYCLASS1,TRUE,TRUE,TRUE,Comment
PAUSE,2000
VERIFYENABLECPSBOOKING,$SA1,$SESSION1,$STRATEGYCLASS1,TRUE,TRUE,TRUE,Comment

COMMENT, Routing Property Setup
SETFIRMVOLUMELIMIT,$SA1,$SESSION1,$MM1EXCHANGE,$MM1EXECFIRM,$CLASS1,500000,TRUE,TRUE,Comment
PAUSE,2000
VERIFYFIRMVOLUMELIMIT,$SA1,$SESSION1,$MM1EXCHANGE,$MM1EXECFIRM,$CLASS1,500000,TRUE,TRUE,Comment
SETFIRMVOLUMELIMIT,$SA1,$SESSION1,$MM1EXCHANGE,$MM1EXECFIRM,$STRATEGYCLASS1,500000,TRUE,TRUE,Comment
PAUSE,2000
VERIFYFIRMVOLUMELIMIT,$SA1,$SESSION1,$MM1EXCHANGE,$MM1EXECFIRM,$STRATEGYCLASS1,500000,TRUE,TRUE,Comment
SETHELPDESKDEFAULTDESTINATION,$SA1,$SESSION1,$MM1EXCHANGE,$MM1EXECFIRM,$CLASS1,$HOMT1,TRUE,TRUE,Comment
PAUSE,2000
VERIFYHELPDESKDEFAULTDESTINATION,$SA1,$SESSION1,$MM1EXCHANGE,$MM1EXECFIRM,$CLASS1,$HOMT1:7,TRUE,TRUE,Comment
SETHELPDESKDEFAULTDESTINATION,$SA1,$SESSION1,$MM1EXCHANGE,$MM1EXECFIRM,$STRATEGYCLASS1,$HOMT1,TRUE,TRUE,Comment
PAUSE,2000
VERIFYHELPDESKDEFAULTDESTINATION,$SA1,$SESSION1,$MM1EXCHANGE,$MM1EXECFIRM,$STRATEGYCLASS1,$HOMT1:7,TRUE,TRUE,Comment
SETVOLUMEDEVIATION,$SA1,$SESSION1,$MM1EXCHANGE,$MM1EXECFIRM,$CLASS1,*,1,500000,All,$TE,SIMPLE,TRUE,TRUE,Comment
PAUSE,2000
VERIFYVOLUMEDEVIATION,$SA1,$SESSION1,$MM1EXCHANGE,$MM1EXECFIRM,$CLASS1,*,1,500000,All,$TE,SIMPLE,TRUE,TRUE,Comment
SETVOLUMEDEVIATION,$SA1,$SESSION1,$MM1EXCHANGE,$MM1EXECFIRM,$STRATEGYCLASS1,*,1,500000,All,$TE,COMPLEX,TRUE,TRUE,Comment
PAUSE,2000
VERIFYVOLUMEDEVIATION,$SA1,$SESSION1,$MM1EXCHANGE,$MM1EXECFIRM,$STRATEGYCLASS1,*,1,500000,All,$TE,COMPLEX,TRUE,TRUE,Comment
SETCOAELIGIBLE,$SA1,$SESSION1,$MM1EXCHANGE,$MM1EXECFIRM,$STRATEGYCLASS1,*,0,TRUE,TRUE,Comment
PAUSE,2000
VERIFYCOAELIGIBLE,$SA1,$SESSION1,$MM1EXCHANGE,$MM1EXECFIRM,$STRATEGYCLASS1,*,0,TRUE,TRUE,Comment

SETALLELECTRONICTRADINGCLASS,$SA1,$SESSION1,$CLASS1,FALSE,TRUE,TRUE,Comment
PAUSE,2000
VERIFYALLELECTRONICTRADINGCLASS,$SA1,$SESSION1,$CLASS1,FALSE,TRUE,TRUE,Comment
SETALLELECTRONICTRADINGCLASS,$SA1,$SESSION1,$STRATEGYCLASS1,FALSE,TRUE,TRUE,Comment
PAUSE,2000
VERIFYALLELECTRONICTRADINGCLASS,$SA1,$SESSION1,$STRATEGYCLASS1,FALSE,TRUE,TRUE,Comment
SETVOLUMEDEVIATION,$SA1,$SESSION1,$MM1EXCHANGE,$MM1EXECFIRM,$STRATEGYCLASS1,*,1,500000,All,$TE,DN,TRUE,TRUE,Comment
PAUSE,2000
VERIFYVOLUMEDEVIATION,$SA1,$SESSION1,$MM1EXCHANGE,$MM1EXECFIRM,$STRATEGYCLASS1,*,1,500000,All,$TE,DN,TRUE,TRUE,Comment
SETENABLECPSORDERBOOKING,$SA1,$SESSION1,$STRATEGYCLASS1,TRUE,TRUE,TRUE,Comment
PAUSE,2000
VERIFYENABLECPSORDERBOOKING,$SA1,$SESSION1,$STRATEGYCLASS1,TRUE,TRUE,TRUE,Comment

COMMENT, Pre-Test Settings
SUBSCRIBECURRENTMARKET,$MM1,$SESSION1,$CLASS1,$CLASS1PRODUCT1,TRUE,TRUE,Comment
SUBSCRIBEAUCTION,$MM1,$SESSION1,$STRATEGYCLASS1,2,TRUE,TRUE,Comment
SUBSCRIBERECAP,$MM1,$SESSION1,$STRATEGY1,TRUE,TRUE,Comment
SUBSCRIBECURRENTMARKETV3,$MM1,$SESSION4,$CLASS11,$CLASS11PRODUCT1,0,TRUE,TRUE,Comment

COMMENT, Test Case 1:Inbound CPS Order from PAR trades Full Q-ty with the resting CUSTOMER CPS Order on Top of the Book in COB. CONDITION:CUSTOMER Complex Order is at BETTER price than DSM
CLEARALLCALLBACKS,$MM1
SETPRODUCTSTATEBYPRODUCT,$SA1,$SESSION4,$CLASS11PRODUCT1,$CLASS11,1,TRUE,TRUE,Comment
PRODUCTSTATEQUERY,$SA1,$SESSION4,$CLASS11PRODUCT1,1,TRUE,TRUE,Comment
SETPRODUCTSTATEBYPRODUCT,$SA1,$SESSION1,$CLASS1PRODUCT1,$CLASS1,1,TRUE,TRUE,Comment
PRODUCTSTATEQUERY,$SA1,$SESSION1,$CLASS1PRODUCT1,1,TRUE,TRUE,Comment
SETPRODUCTSTATEBYPRODUCT,$SA1,$SESSION4,$CLASS11PRODUCT1,$CLASS11,2,TRUE,TRUE,Comment
PRODUCTSTATEQUERY,$SA1,$SESSION4,$CLASS11PRODUCT1,2,TRUE,TRUE,Comment
SETPRODUCTSTATEBYPRODUCT,$SA1,$SESSION1,$CLASS1PRODUCT1,$CLASS1,2,TRUE,TRUE,Comment
PRODUCTSTATEQUERY,$SA1,$SESSION1,$CLASS1PRODUCT1,2,TRUE,TRUE,Comment
SETPRODUCTSTATEBYPRODUCT,$SA1,$SESSION4,$CLASS11PRODUCT1,$CLASS11,3,TRUE,TRUE,Comment
PRODUCTSTATEQUERY,$SA1,$SESSION4,$CLASS11PRODUCT1,3,TRUE,TRUE,Comment
SETPRODUCTSTATEBYPRODUCT,$SA1,$SESSION1,$CLASS1PRODUCT1,$CLASS1,3,TRUE,TRUE,Comment
PRODUCTSTATEQUERY,$SA1,$SESSION1,$CLASS1PRODUCT1,3,TRUE,TRUE,Comment
SETPRODUCTSTATEBYPRODUCT,$SA1,$SESSION4,$CLASS11PRODUCT1,$CLASS11,4,TRUE,TRUE,Comment
PRODUCTSTATEQUERY,$SA1,$SESSION4,$CLASS11PRODUCT1,4,TRUE,TRUE,Comment
SETPRODUCTSTATEBYPRODUCT,$SA1,$SESSION1,$CLASS1PRODUCT1,$CLASS1,4,TRUE,TRUE,Comment
PRODUCTSTATEQUERY,$SA1,$SESSION1,$CLASS1PRODUCT1,4,TRUE,TRUE,Comment
PARLOGIN,$PAR1,$PAR_PWD1,$WORKSTATION1,$PARCONN1,TRUE,TRUE,Comment

UPDATENBBO,$SA1,$SESSION4,$CLASS11,$CLASS11PRODUCT1,9.90,NYSE:100,10.30,NYSE:100,TRUE,TRUE,Comment
UPDATEALLEXCHANGESBBOWITHNEWFORMAT,$SA1,$SESSION1,$CLASS1,$CLASS1PRODUCT1,NYSE:B:0.90:100:BOTR:N:A:1.30:100:BOTR:N,TRUE,TRUE,Comment
TOPOFBOOKVERIFICATION,$MM1,$SESSION4,$CLASS11PRODUCT1,0,1,0,00,0,1,0,00,TRUE,TRUE,Comment
TOPOFBOOKVERIFICATION,$MM1,$SESSION1,$CLASS1PRODUCT1,0,1,0,00,0,1,0,00,TRUE,TRUE,Comment
QUOTE,$MM1,2,10,00,10000,2,10,20,10000,$CLASS11PRODUCT1,$SESSION4,User Assigned Id..,TRUE,TRUE,Comment
PAUSE,1000
CURRENTMARKETV3BESTMARKETQUERY,$MM1,$SESSION4,$CLASS11PRODUCT1,10000,2,10,00,10000,2,10,20,TRUE,TRUE,Comment
QUOTE,$MM1,2,1,00,100,2,1,20,100,$CLASS1PRODUCT1,$SESSION1,User Assigned Id..,TRUE,TRUE,Comment
PAUSE,1000
CURRENTMARKETV4BESTMARKETQUERY,$MM1,CBOE,$CLASS1PRODUCT1,100,2,1,00,100,2,1,20,TRUE,TRUE,Comment
SETPRODUCTSTATEBYPRODUCT,$SA1,$SESSION1,$STRATEGY1,$STRATEGYCLASS1,1,TRUE,TRUE,Comment
PRODUCTSTATEQUERY,$SA1,$SESSION1,$STRATEGY1,1,TRUE,TRUE,Comment
SETPRODUCTSTATEBYPRODUCT,$SA1,$SESSION1,$STRATEGY1,$STRATEGYCLASS1,2,TRUE,TRUE,Comment
PRODUCTSTATEQUERY,$SA1,$SESSION1,$STRATEGY1,2,TRUE,TRUE,Comment
SETPRODUCTSTATEBYPRODUCT,$SA1,$SESSION1,$STRATEGY1,$STRATEGYCLASS1,3,TRUE,TRUE,Comment
PRODUCTSTATEQUERY,$SA1,$SESSION1,$STRATEGY1,3,TRUE,TRUE,Comment
SETPRODUCTSTATEBYPRODUCT,$SA1,$SESSION1,$STRATEGY1,$STRATEGYCLASS1,4,TRUE,TRUE,Comment
PRODUCTSTATEQUERY,$SA1,$SESSION1,$STRATEGY1,4,TRUE,TRUE,Comment
PAUSE,1000
TOPOFBOOKVERIFICATION,$MM1,$SESSION1,$STRATEGY1,0,1,0,00,0,1,0,00,TRUE,TRUE,Comment
STRATEGYORDER,$MM1,$MM1EXCHANGE,$MM1EXECFIRM,HPI,9594,ABC,*,$MM1EXCHANGE,$MM1,100,$STRATEGY1,D,2,-8,90,D,21/12/2003 6:00:00.0,1,1,0,00,0,-,-,-,$MM1,$MM1,C,FALSE,C,U,0,-,-,$SESSION1,2,$CLASS11PRODUCT1,$MM1EXCHANGE,$MM1EXECFIRM,C,C,$CLASS1PRODUCT1,$MM1EXCHANGE,$MM1EXECFIRM,C,C,TRUE,TRUE,This is the Strategy order: BA:250
PAUSE,1000
TOPOFBOOKVERIFICATION,$MM1,$SESSION1,$STRATEGY1,100,2,-8,90,0,1,0,00,TRUE,TRUE,Comment
STRATEGYORDER,$MM1,$MM1EXCHANGE,$MM1EXECFIRM,KNN,238,ABC,*,$MM1EXCHANGE,$MM1,100,$STRATEGY1,O,2,8,70,D,21/12/2003 6:00:00.0,1,1,0,00,0,-,-,BARTID=$WORKSTATION1,$MM1,$MM1,C,FALSE,BD,U,0,-,-,$SESSION1,2,$CLASS11PRODUCT1,$MM1EXCHANGE,$MM1EXECFIRM,C,C,$CLASS1PRODUCT1,$MM1EXCHANGE,$MM1EXECFIRM,C,C,TRUE,TRUE,This is the Strategy order: BA:253
PAUSE,10000
VERIFYCOMPLEXPARORDER,$PAR1,$MM1,$MM1EXECFIRM,ABC,KNN,238,*,8.70,C,1,2,Y,Y,N,Y,-,0.00,0.00,10000,S,0,0,100,10000,1.00,1.20,100,B,100,100,1,100,TRUE,TRUE,Comment
PARCOMPLEXORDERTRADEWITHBOOKREQ,$PAR1,$MM1,$MM1EXECFIRM,ABC,KNN,238,*,*,C,8.70,2,10000,100,Y,TRUE,TRUE,Comment
PAUSE,10000
LASTSALEQUERY,$MM1,$SESSION1,$STRATEGY1,2,-8,90,100,TRUE,TRUE,Comment
ORDERFILLVERIFICATION,$MM1,$MM1EXCHANGE,$MM1EXECFIRM,KNN,238,ABC,*,0,0,3,100,1,2,8,90,TRUE,TRUE,Comment
ORDERFILLVERIFICATION,$MM1,$MM1EXCHANGE,$MM1EXECFIRM,HPI,9594,ABC,*,0,0,3,100,1,2,-8,90,TRUE,TRUE,Comment
TOPOFBOOKVERIFICATION,$MM1,$SESSION1,$STRATEGY1,0,1,0,00,0,1,0,00,TRUE,TRUE,Comment
TOPOFBOOKVERIFICATION,$MM1,$SESSION4,$CLASS11PRODUCT1,10000,2,10,00,10000,2,10,20,TRUE,TRUE,Comment
TOPOFBOOKVERIFICATION,$MM1,$SESSION1,$CLASS1PRODUCT1,100,2,1,00,100,2,1,20,TRUE,TRUE,Comment
CLEARALLPARCALLBACKS,$PAR1
PAUSE,1000
VERIFYCOMPLEXPARORDER,$PAR1,$MM1,$MM1EXECFIRM,ABC,KNN,238,*,8.70,C,1,2,Y,Y,N,Y,-,0.00,0.00,10000,S,0,0,100,10000,1.00,1.20,100,B,100,100,1,100,FALSE,TRUE,Comment
QUOTECANCEL,$MM1,$SESSION4,$CLASS11PRODUCT1,2,TRUE,TRUE,Comment
QUOTECANCELVERIFICATION,$MM1,$SESSION4,$CLASS11PRODUCT1,2,TRUE,TRUE,Comment
QUOTECANCEL,$MM1,$SESSION1,$CLASS1PRODUCT1,2,TRUE,TRUE,Comment
QUOTECANCELVERIFICATION,$MM1,$SESSION1,$CLASS1PRODUCT1,2,TRUE,TRUE,Comment

COMMENT, Test Case 2:Inbound CPS Order from PAR trades Partial Q-ty with the resting CUSTOMER CPS Order on Top of the Book in COB and the remaining Q-ty is routed back to PAR. CONDITION:CUSTOMER Complex Order is at BETTER price than DSM
CLEARALLCALLBACKS,$MM1
PRODUCTSTATEQUERY,$SA1,$SESSION4,$CLASS11PRODUCT1,4,TRUE,TRUE,Comment
PRODUCTSTATEQUERY,$SA1,$SESSION1,$CLASS1PRODUCT1,4,TRUE,TRUE,Comment
TOPOFBOOKVERIFICATION,$MM1,$SESSION4,$CLASS11PRODUCT1,0,1,0,00,0,1,0,00,TRUE,TRUE,Comment
TOPOFBOOKVERIFICATION,$MM1,$SESSION1,$CLASS1PRODUCT1,0,1,0,00,0,1,0,00,TRUE,TRUE,Comment
QUOTE,$MM1,2,10,00,10000,2,10,20,10000,$CLASS11PRODUCT1,$SESSION4,User Assigned Id..,TRUE,TRUE,Comment
PAUSE,1000
CURRENTMARKETV3BESTMARKETQUERY,$MM1,$SESSION4,$CLASS11PRODUCT1,10000,2,10,00,10000,2,10,20,TRUE,TRUE,Comment
QUOTE,$MM1,2,1,00,100,2,1,20,100,$CLASS1PRODUCT1,$SESSION1,User Assigned Id..,TRUE,TRUE,Comment
PAUSE,1000
CURRENTMARKETV4BESTMARKETQUERY,$MM1,CBOE,$CLASS1PRODUCT1,100,2,1,00,100,2,1,20,TRUE,TRUE,Comment
SETPRODUCTSTATEBYPRODUCT,$SA1,$SESSION1,$STRATEGY1,$STRATEGYCLASS1,1,TRUE,TRUE,Comment
PRODUCTSTATEQUERY,$SA1,$SESSION1,$STRATEGY1,1,TRUE,TRUE,Comment
SETPRODUCTSTATEBYPRODUCT,$SA1,$SESSION1,$STRATEGY1,$STRATEGYCLASS1,2,TRUE,TRUE,Comment
PRODUCTSTATEQUERY,$SA1,$SESSION1,$STRATEGY1,2,TRUE,TRUE,Comment
SETPRODUCTSTATEBYPRODUCT,$SA1,$SESSION1,$STRATEGY1,$STRATEGYCLASS1,3,TRUE,TRUE,Comment
PRODUCTSTATEQUERY,$SA1,$SESSION1,$STRATEGY1,3,TRUE,TRUE,Comment
SETPRODUCTSTATEBYPRODUCT,$SA1,$SESSION1,$STRATEGY1,$STRATEGYCLASS1,4,TRUE,TRUE,Comment
PRODUCTSTATEQUERY,$SA1,$SESSION1,$STRATEGY1,4,TRUE,TRUE,Comment
STRATEGYORDER,$MM1,$MM1EXCHANGE,$MM1EXECFIRM,NUF,9851,ABC,*,$MM1EXCHANGE,$MM1,100,$STRATEGY1,D,2,-9,00,D,21/12/2003 6:00:00.0,1,1,0,00,0,-,-,-,$MM1,$MM1,C,FALSE,C,U,0,-,-,$SESSION1,2,$CLASS11PRODUCT1,$MM1EXCHANGE,$MM1EXECFIRM,C,C,$CLASS1PRODUCT1,$MM1EXCHANGE,$MM1EXECFIRM,C,C,TRUE,TRUE,This is the Strategy order: BA:250
PAUSE,1000
TOPOFBOOKVERIFICATION,$MM1,$SESSION1,$STRATEGY1,100,2,-9,00,0,1,0,00,TRUE,TRUE,Comment
STRATEGYORDER,$MM1,$MM1EXCHANGE,$MM1EXECFIRM,DGG,8573,ABC,*,$MM1EXCHANGE,$MM1,200,$STRATEGY1,O,2,8,82,D,21/12/2003 6:00:00.0,1,1,0,00,0,-,-,BARTID=$WORKSTATION1,$MM1,$MM1,C,FALSE,F,U,0,-,-,$SESSION1,2,$CLASS11PRODUCT1,$MM1EXCHANGE,$MM1EXECFIRM,C,C,$CLASS1PRODUCT1,$MM1EXCHANGE,$MM1EXECFIRM,C,C,TRUE,TRUE,This is the Strategy order: BA:253
PAUSE,10000
VERIFYCOMPLEXPARORDER,$PAR1,$MM1,$MM1EXECFIRM,ABC,DGG,8573,*,8.82,C,1,2,Y,Y,N,Y,-,0.00,0.00,20000,S,0,0,100,20000,1.00,1.20,200,B,100,100,1,200,TRUE,TRUE,Comment
PARCOMPLEXORDERTRADEWITHBOOKREQ,$PAR1,$MM1,$MM1EXECFIRM,ABC,DGG,8573,*,*,C,8.82,2,20000,200,Y,TRUE,TRUE,Comment
PAUSE,10000
LASTSALEQUERY,$MM1,$SESSION1,$STRATEGY1,2,-9,00,100,TRUE,TRUE,Comment
ORDERFILLVERIFICATION,$MM1,$MM1EXCHANGE,$MM1EXECFIRM,DGG,8573,ABC,*,0,100,1,100,1,2,9,00,TRUE,TRUE,Comment
ORDERFILLVERIFICATION,$MM1,$MM1EXCHANGE,$MM1EXECFIRM,NUF,9851,ABC,*,0,0,3,100,1,2,-9,00,TRUE,TRUE,Comment
TOPOFBOOKVERIFICATION,$MM1,$SESSION1,$STRATEGY1,0,1,0,00,0,1,0,00,TRUE,TRUE,Comment
TOPOFBOOKVERIFICATION,$MM1,$SESSION4,$CLASS11PRODUCT1,10000,2,10,00,10000,2,10,20,TRUE,TRUE,Comment
TOPOFBOOKVERIFICATION,$MM1,$SESSION1,$CLASS1PRODUCT1,100,2,1,00,100,2,1,20,TRUE,TRUE,Comment
VERIFYCOMPLEXPARORDER,$PAR1,$MM1,$MM1EXECFIRM,ABC,DGG,8573,*,8.82,C,1,2,Y,Y,N,Y,-,0.00,0.00,10000,S,0,0,100,20000,1.00,1.20,100,B,100,100,1,200,TRUE,TRUE,Comment
QUOTECANCEL,$MM1,$SESSION4,$CLASS11PRODUCT1,2,TRUE,TRUE,Comment
QUOTECANCELVERIFICATION,$MM1,$SESSION4,$CLASS11PRODUCT1,2,TRUE,TRUE,Comment
QUOTECANCEL,$MM1,$SESSION1,$CLASS1PRODUCT1,2,TRUE,TRUE,Comment
QUOTECANCELVERIFICATION,$MM1,$SESSION1,$CLASS1PRODUCT1,2,TRUE,TRUE,Comment
CANCELALLPARORDERS,$PAR1,$MM1,TRUE,TRUE,Comment
CLEARALLPARCALLBACKS,$PAR1
VERIFYCOMPLEXPARORDER,$PAR1,$MM1,$MM1EXECFIRM,ABC,DGG,8573,*,8.82,C,1,2,Y,Y,N,Y,-,0.00,0.00,10000,S,0,0,100,20000,0.00,0.00,100,B,100,0,1,200,FALSE,TRUE,Comment

COMMENT, Test Case 3:Inbound CPS Order from PAR trades Full Q-ty with the resting CUSTOMER CPS Order on Top of the Book in COB. CONDITION:CUSTOMER Complex Order is at EQUAL price to DSM
CLEARALLCALLBACKS,$MM1
PRODUCTSTATEQUERY,$SA1,$SESSION4,$CLASS11PRODUCT1,4,TRUE,TRUE,Comment
TOPOFBOOKVERIFICATION,$MM1,$SESSION4,$CLASS11PRODUCT1,0,1,0,00,0,1,0,00,TRUE,TRUE,Comment
TOPOFBOOKVERIFICATION,$MM1,$SESSION1,$CLASS1PRODUCT1,0,1,0,00,0,1,0,00,TRUE,TRUE,Comment
QUOTE,$MM1,2,10,00,10000,2,10,20,10000,$CLASS11PRODUCT1,$SESSION4,User Assigned Id..,TRUE,TRUE,Comment
PAUSE,1000
CURRENTMARKETV3BESTMARKETQUERY,$MM1,$SESSION4,$CLASS11PRODUCT1,10000,2,10,00,10000,2,10,20,TRUE,TRUE,Comment
QUOTE,$MM1,2,1,00,100,2,1,20,100,$CLASS1PRODUCT1,$SESSION1,User Assigned Id..,TRUE,TRUE,Comment
PAUSE,1000
CURRENTMARKETV4BESTMARKETQUERY,$MM1,CBOE,$CLASS1PRODUCT1,100,2,1,00,100,2,1,20,TRUE,TRUE,Comment
SETPRODUCTSTATEBYPRODUCT,$SA1,$SESSION1,$STRATEGY1,$STRATEGYCLASS1,1,TRUE,TRUE,Comment
PRODUCTSTATEQUERY,$SA1,$SESSION1,$STRATEGY1,1,TRUE,TRUE,Comment
SETPRODUCTSTATEBYPRODUCT,$SA1,$SESSION1,$STRATEGY1,$STRATEGYCLASS1,2,TRUE,TRUE,Comment
PRODUCTSTATEQUERY,$SA1,$SESSION1,$STRATEGY1,2,TRUE,TRUE,Comment
SETPRODUCTSTATEBYPRODUCT,$SA1,$SESSION1,$STRATEGY1,$STRATEGYCLASS1,3,TRUE,TRUE,Comment
PRODUCTSTATEQUERY,$SA1,$SESSION1,$STRATEGY1,3,TRUE,TRUE,Comment
SETPRODUCTSTATEBYPRODUCT,$SA1,$SESSION1,$STRATEGY1,$STRATEGYCLASS1,4,TRUE,TRUE,Comment
PRODUCTSTATEQUERY,$SA1,$SESSION1,$STRATEGY1,4,TRUE,TRUE,Comment
STRATEGYORDER,$MM1,$MM1EXCHANGE,$MM1EXECFIRM,VUE,479,ABC,*,$MM1EXCHANGE,$MM1,200,$STRATEGY1,D,2,-8,82,D,21/12/2003 6:00:00.0,1,1,0,00,0,-,-,-,$MM1,$MM1,C,FALSE,C,U,0,-,-,$SESSION1,2,$CLASS11PRODUCT1,$MM1EXCHANGE,$MM1EXECFIRM,C,C,$CLASS1PRODUCT1,$MM1EXCHANGE,$MM1EXECFIRM,C,C,TRUE,TRUE,This is the Strategy order: BA:250
PAUSE,1000
TOPOFBOOKVERIFICATION,$MM1,$SESSION1,$STRATEGY1,200,2,-8,82,0,1,0,00,TRUE,TRUE,Comment
STRATEGYORDER,$MM1,$MM1EXCHANGE,$MM1EXECFIRM,QNG,1505,ABC,*,$MM1EXCHANGE,$MM1,200,$STRATEGY1,O,2,8,82,D,21/12/2003 6:00:00.0,1,1,0,00,0,-,-,BARTID=$WORKSTATION1,$MM1,$MM1,C,FALSE,BD,U,0,-,-,$SESSION1,2,$CLASS11PRODUCT1,$MM1EXCHANGE,$MM1EXECFIRM,C,C,$CLASS1PRODUCT1,$MM1EXCHANGE,$MM1EXECFIRM,C,C,TRUE,TRUE,This is the Strategy order: BA:253
PAUSE,10000
VERIFYCOMPLEXPARORDER,$PAR1,$MM1,$MM1EXECFIRM,ABC,QNG,1505,*,8.82,C,1,2,Y,Y,N,Y,-,0.00,0.00,20000,S,0,0,100,20000,1.00,1.20,200,B,100,100,1,200,TRUE,TRUE,Comment
PARCOMPLEXORDERTRADEWITHBOOKREQ,$PAR1,$MM1,$MM1EXECFIRM,ABC,QNG,1505,*,*,C,8.82,2,20000,200,Y,TRUE,TRUE,Comment
PAUSE,10000
LASTSALEQUERY,$MM1,$SESSION1,$STRATEGY1,2,-8,82,200,TRUE,TRUE,Comment
TOPOFBOOKVERIFICATION,$MM1,$SESSION1,$CLASS1PRODUCT1,100,2,1,00,100,2,1,20,TRUE,TRUE,Comment
TOPOFBOOKVERIFICATION,$MM1,$SESSION4,$CLASS11PRODUCT1,10000,2,10,00,10000,2,10,20,TRUE,TRUE,Comment
TOPOFBOOKVERIFICATION,$MM1,$SESSION1,$STRATEGY1,0,1,0,00,0,1,0,00,TRUE,TRUE,Comment
CLEARALLPARCALLBACKS,$PAR1
PAUSE,1000
VERIFYCOMPLEXPARORDER,$PAR1,$MM1,$MM1EXECFIRM,ABC,QNG,1505,*,8.82,C,1,2,Y,Y,N,Y,-,0.00,0.00,20000,S,0,0,100,20000,1.00,1.20,200,B,100,100,1,200,FALSE,TRUE,Comment
QUOTECANCEL,$MM1,$SESSION4,$CLASS11PRODUCT1,2,TRUE,TRUE,Comment
QUOTECANCELVERIFICATION,$MM1,$SESSION4,$CLASS11PRODUCT1,2,TRUE,TRUE,Comment
QUOTECANCEL,$MM1,$SESSION1,$CLASS1PRODUCT1,2,TRUE,TRUE,Comment
QUOTECANCELVERIFICATION,$MM1,$SESSION1,$CLASS1PRODUCT1,2,TRUE,TRUE,Comment

COMMENT, Test Case 4:Inbound CPS Order from PAR trades Partial Q-ty with the resting CUSTOMER CPS Order on Top of the Book in COB and the remaining Q-ty is routed back to PAR. CONDITION:CUSTOMER Complex Order is at EQUAL price to DSM
CLEARALLCALLBACKS,$MM1
PRODUCTSTATEQUERY,$SA1,$SESSION1,$CLASS1PRODUCT1,4,TRUE,TRUE,Comment
TOPOFBOOKVERIFICATION,$MM1,$SESSION4,$CLASS11PRODUCT1,0,1,0,00,0,1,0,00,TRUE,TRUE,Comment
TOPOFBOOKVERIFICATION,$MM1,$SESSION1,$CLASS1PRODUCT1,0,1,0,00,0,1,0,00,TRUE,TRUE,Comment
QUOTE,$MM1,2,10,00,10000,2,10,20,10000,$CLASS11PRODUCT1,$SESSION4,User Assigned Id..,TRUE,TRUE,Comment
PAUSE,1000
CURRENTMARKETV3BESTMARKETQUERY,$MM1,$SESSION4,$CLASS11PRODUCT1,10000,2,10,00,10000,2,10,20,TRUE,TRUE,Comment
QUOTE,$MM1,2,1,00,100,2,1,20,100,$CLASS1PRODUCT1,$SESSION1,User Assigned Id..,TRUE,TRUE,Comment
PAUSE,1000
CURRENTMARKETV4BESTMARKETQUERY,$MM1,CBOE,$CLASS1PRODUCT1,100,2,1,00,100,2,1,20,TRUE,TRUE,Comment
SETPRODUCTSTATEBYPRODUCT,$SA1,$SESSION1,$STRATEGY1,$STRATEGYCLASS1,1,TRUE,TRUE,Comment
PRODUCTSTATEQUERY,$SA1,$SESSION1,$STRATEGY1,1,TRUE,TRUE,Comment
SETPRODUCTSTATEBYPRODUCT,$SA1,$SESSION1,$STRATEGY1,$STRATEGYCLASS1,2,TRUE,TRUE,Comment
PRODUCTSTATEQUERY,$SA1,$SESSION1,$STRATEGY1,2,TRUE,TRUE,Comment
SETPRODUCTSTATEBYPRODUCT,$SA1,$SESSION1,$STRATEGY1,$STRATEGYCLASS1,3,TRUE,TRUE,Comment
PRODUCTSTATEQUERY,$SA1,$SESSION1,$STRATEGY1,3,TRUE,TRUE,Comment
SETPRODUCTSTATEBYPRODUCT,$SA1,$SESSION1,$STRATEGY1,$STRATEGYCLASS1,4,TRUE,TRUE,Comment
PRODUCTSTATEQUERY,$SA1,$SESSION1,$STRATEGY1,4,TRUE,TRUE,Comment
STRATEGYORDER,$MM1,$MM1EXCHANGE,$MM1EXECFIRM,TXU,191,ABC,*,$MM1EXCHANGE,$MM1,200,$STRATEGY1,D,2,-8,82,D,21/12/2003 6:00:00.0,1,1,0,00,0,-,-,-,$MM1,$MM1,C,FALSE,C,U,0,-,-,$SESSION1,2,$CLASS11PRODUCT1,$MM1EXCHANGE,$MM1EXECFIRM,C,C,$CLASS1PRODUCT1,$MM1EXCHANGE,$MM1EXECFIRM,C,C,TRUE,TRUE,This is the Strategy order: BA:250
PAUSE,1000
TOPOFBOOKVERIFICATION,$MM1,$SESSION1,$STRATEGY1,200,2,-8,82,0,1,0,00,TRUE,TRUE,Comment
STRATEGYORDER,$MM1,$MM1EXCHANGE,$MM1EXECFIRM,OBR,403,ABC,*,$MM1EXCHANGE,$MM1,500,$STRATEGY1,O,2,8,82,D,21/12/2003 6:00:00.0,1,1,0,00,0,-,-,BARTID=$WORKSTATION1,$MM1,$MM1,C,FALSE,BD,U,0,-,-,$SESSION1,2,$CLASS11PRODUCT1,$MM1EXCHANGE,$MM1EXECFIRM,C,C,$CLASS1PRODUCT1,$MM1EXCHANGE,$MM1EXECFIRM,C,C,TRUE,TRUE,This is the Strategy order: BA:253
PAUSE,10000
VERIFYCOMPLEXPARORDER,$PAR1,$MM1,$MM1EXECFIRM,ABC,OBR,403,*,8.82,C,1,2,Y,Y,N,Y,-,0.00,0.00,50000,S,0,0,100,50000,1.00,1.20,500,B,100,100,1,500,TRUE,TRUE,Comment
PARCOMPLEXORDERTRADEWITHBOOKREQ,$PAR1,$MM1,$MM1EXECFIRM,ABC,OBR,403,*,*,C,8.82,2,50000,500,Y,TRUE,TRUE,Comment
PAUSE,10000
LASTSALEQUERY,$MM1,$SESSION1,$STRATEGY1,2,-8,82,200,TRUE,TRUE,Comment
TOPOFBOOKVERIFICATION,$MM1,$SESSION1,$STRATEGY1,0,1,0,00,0,1,0,00,TRUE,TRUE,Comment
VERIFYCOMPLEXPARORDER,$PAR1,$MM1,$MM1EXECFIRM,ABC,OBR,403,*,8.82,C,1,2,Y,Y,N,Y,-,0.00,0.00,30000,S,0,0,100,50000,1.00,1.20,300,B,100,100,1,500,TRUE,TRUE,Comment
TOPOFBOOKVERIFICATION,$MM1,$SESSION4,$CLASS11PRODUCT1,10000,2,10,00,10000,2,10,20,TRUE,TRUE,Comment
TOPOFBOOKVERIFICATION,$MM1,$SESSION1,$CLASS1PRODUCT1,100,2,1,00,100,2,1,20,TRUE,TRUE,Comment
QUOTECANCEL,$MM1,$SESSION4,$CLASS11PRODUCT1,2,TRUE,TRUE,Comment
QUOTECANCELVERIFICATION,$MM1,$SESSION4,$CLASS11PRODUCT1,2,TRUE,TRUE,Comment
QUOTECANCEL,$MM1,$SESSION1,$CLASS1PRODUCT1,2,TRUE,TRUE,Comment
QUOTECANCELVERIFICATION,$MM1,$SESSION1,$CLASS1PRODUCT1,2,TRUE,TRUE,Comment
CLEARALLPARCALLBACKS,$PAR1
CANCELALLPARORDERS,$PAR1,$MM1,TRUE,TRUE,Comment
VERIFYCOMPLEXPARORDER,$PAR1,$MM1,$MM1EXECFIRM,ABC,OBR,403,*,8.82,C,1,2,Y,Y,N,Y,-,0.00,0.00,30000,S,0,0,100,50000,0.00,0.00,300,B,0,0,1,500,FALSE,TRUE,Comment

COMMENT, Test Case 5:Inbound CPS Order from PAR trades Full Q-ty only with the resting CUSTOMER CPS Order on Top of the Book in COB. CONDITION:CUSTOMER Complex Order is at BETTER price than DSM
CLEARALLCALLBACKS,$MM1
PRODUCTSTATEQUERY,$SA1,$SESSION4,$CLASS11PRODUCT1,4,TRUE,TRUE,Comment
PRODUCTSTATEQUERY,$SA1,$SESSION1,$CLASS1PRODUCT1,4,TRUE,TRUE,Comment
TOPOFBOOKVERIFICATION,$MM1,$SESSION4,$CLASS11PRODUCT1,0,1,0,00,0,1,0,00,TRUE,TRUE,Comment
TOPOFBOOKVERIFICATION,$MM1,$SESSION1,$CLASS1PRODUCT1,0,1,0,00,0,1,0,00,TRUE,TRUE,Comment
QUOTE,$MM1,2,10,00,10000,2,10,20,10000,$CLASS11PRODUCT1,$SESSION4,User Assigned Id..,TRUE,TRUE,Comment
PAUSE,1000
CURRENTMARKETV3BESTMARKETQUERY,$MM1,$SESSION4,$CLASS11PRODUCT1,10000,2,10,00,10000,2,10,20,TRUE,TRUE,Comment
QUOTE,$MM1,2,1,00,100,2,1,20,100,$CLASS1PRODUCT1,$SESSION1,User Assigned Id..,TRUE,TRUE,Comment
PAUSE,1000
CURRENTMARKETV4BESTMARKETQUERY,$MM1,CBOE,$CLASS1PRODUCT1,100,2,1,00,100,2,1,20,TRUE,TRUE,Comment
SETPRODUCTSTATEBYPRODUCT,$SA1,$SESSION1,$STRATEGY1,$STRATEGYCLASS1,1,TRUE,TRUE,Comment
PRODUCTSTATEQUERY,$SA1,$SESSION1,$STRATEGY1,1,TRUE,TRUE,Comment
SETPRODUCTSTATEBYPRODUCT,$SA1,$SESSION1,$STRATEGY1,$STRATEGYCLASS1,2,TRUE,TRUE,Comment
PRODUCTSTATEQUERY,$SA1,$SESSION1,$STRATEGY1,2,TRUE,TRUE,Comment
SETPRODUCTSTATEBYPRODUCT,$SA1,$SESSION1,$STRATEGY1,$STRATEGYCLASS1,3,TRUE,TRUE,Comment
PRODUCTSTATEQUERY,$SA1,$SESSION1,$STRATEGY1,3,TRUE,TRUE,Comment
SETPRODUCTSTATEBYPRODUCT,$SA1,$SESSION1,$STRATEGY1,$STRATEGYCLASS1,4,TRUE,TRUE,Comment
PRODUCTSTATEQUERY,$SA1,$SESSION1,$STRATEGY1,4,TRUE,TRUE,Comment
STRATEGYORDER,$MM1,$MM1EXCHANGE,$MM1EXECFIRM,GKN,7387,ABC,*,$MM1EXCHANGE,$MM1,100,$STRATEGY1,D,2,-8,90,D,21/12/2003 6:00:00.0,1,1,0,00,0,-,-,-,$MM1,$MM1,C,FALSE,C,U,0,-,-,$SESSION1,2,$CLASS11PRODUCT1,$MM1EXCHANGE,$MM1EXECFIRM,C,C,$CLASS1PRODUCT1,$MM1EXCHANGE,$MM1EXECFIRM,C,C,TRUE,TRUE,This is the Strategy order: BA:250
PAUSE,1000
TOPOFBOOKVERIFICATION,$MM1,$SESSION1,$STRATEGY1,100,2,-8,90,0,1,0,00,TRUE,TRUE,Comment
STRATEGYORDER,$MM1,$MM1EXCHANGE,$MM1EXECFIRM,VGP,8518,ABC,*,$MM1EXCHANGE,$MM1,100,$STRATEGY1,D,2,-8,90,D,21/12/2003 6:00:00.0,1,1,0,00,0,-,-,-,$MM1,$MM1,C,FALSE,F,U,0,-,-,$SESSION1,2,$CLASS11PRODUCT1,$MM1EXCHANGE,$MM1EXECFIRM,C,C,$CLASS1PRODUCT1,$MM1EXCHANGE,$MM1EXECFIRM,C,C,TRUE,TRUE,This is the Strategy order: BA:251
PAUSE,1000
TOPOFBOOKVERIFICATION,$MM1,$SESSION1,$STRATEGY1,200,2,-8,90,0,1,0,00,TRUE,TRUE,Comment
STRATEGYORDER,$MM1,$MM1EXCHANGE,$MM1EXECFIRM,YJJ,7905,ABC,*,$MM1EXCHANGE,$MM1,100,$STRATEGY1,O,2,8,70,D,21/12/2003 6:00:00.0,1,1,0,00,0,-,-,BARTID=$WORKSTATION1,$MM1,$MM1,C,FALSE,BD,U,0,-,-,$SESSION1,2,$CLASS11PRODUCT1,$MM1EXCHANGE,$MM1EXECFIRM,C,C,$CLASS1PRODUCT1,$MM1EXCHANGE,$MM1EXECFIRM,C,C,TRUE,TRUE,This is the Strategy order: BA:253
PAUSE,10000
VERIFYCOMPLEXPARORDER,$PAR1,$MM1,$MM1EXECFIRM,ABC,YJJ,7905,*,8.70,C,1,2,Y,Y,N,Y,-,0.00,0.00,10000,S,0,0,100,10000,1.00,1.20,100,B,100,100,1,100,TRUE,TRUE,Comment
PARCOMPLEXORDERTRADEWITHBOOKREQ,$PAR1,$MM1,$MM1EXECFIRM,ABC,YJJ,7905,*,*,C,8.70,2,10000,100,Y,TRUE,TRUE,Comment
PAUSE,10000
LASTSALEQUERY,$MM1,$SESSION1,$STRATEGY1,2,-8,90,100,TRUE,TRUE,Comment
TOPOFBOOKVERIFICATION,$MM1,$SESSION1,$STRATEGY1,100,2,-8,90,0,1,0,00,TRUE,TRUE,Comment
TOPOFBOOKVERIFICATION,$MM1,$SESSION4,$CLASS11PRODUCT1,10000,2,10,00,10000,2,10,20,TRUE,TRUE,Comment
TOPOFBOOKVERIFICATION,$MM1,$SESSION1,$CLASS1PRODUCT1,100,2,1,00,100,2,1,20,TRUE,TRUE,Comment
CLEARALLPARCALLBACKS,$PAR1
PAUSE,1000
VERIFYCOMPLEXPARORDER,$PAR1,$MM1,$MM1EXECFIRM,ABC,YJJ,7905,*,8.70,C,1,2,Y,Y,N,Y,-,0.00,0.00,10000,S,0,0,100,10000,1.00,1.20,100,B,100,100,1,100,FALSE,TRUE,Comment
QUOTECANCEL,$MM1,$SESSION4,$CLASS11PRODUCT1,2,TRUE,TRUE,Comment
QUOTECANCELVERIFICATION,$MM1,$SESSION4,$CLASS11PRODUCT1,2,TRUE,TRUE,Comment
QUOTECANCEL,$MM1,$SESSION1,$CLASS1PRODUCT1,2,TRUE,TRUE,Comment
QUOTECANCELVERIFICATION,$MM1,$SESSION1,$CLASS1PRODUCT1,2,TRUE,TRUE,Comment
ORDERCANCELBYIDNOWAIT,$MM1,$MM1EXCHANGE,$MM1EXECFIRM,VGP,8518,ABC,*,100,$SESSION1,1,TRUE,TRUE,Comment
ORDERCANCELVERIFICATION,$MM1,$MM1EXCHANGE,$MM1EXECFIRM,VGP,8518,ABC,*,$SESSION1,$STRATEGY1,2,100,TRUE,TRUE,Comment
TOPOFBOOKVERIFICATION,$MM1,$SESSION1,$STRATEGY1,0,1,0,00,0,1,0,00,TRUE,TRUE,Comment

COMMENT, Test Case 6:Inbound CPS Order from PAR trades Partial Q-ty only with the resting CUSTOMER CPS Order on Top of the Book in COB and the remaining Q-ty is routed back to PAR. CONDITION:CUSTOMER Complex Order is at BETTER price than DSM
CLEARALLCALLBACKS,$MM1
PRODUCTSTATEQUERY,$SA1,$SESSION4,$CLASS11PRODUCT1,4,TRUE,TRUE,Comment
PRODUCTSTATEQUERY,$SA1,$SESSION1,$CLASS1PRODUCT1,4,TRUE,TRUE,Comment
TOPOFBOOKVERIFICATION,$MM1,$SESSION4,$CLASS11PRODUCT1,0,1,0,00,0,1,0,00,TRUE,TRUE,Comment
TOPOFBOOKVERIFICATION,$MM1,$SESSION1,$CLASS1PRODUCT1,0,1,0,00,0,1,0,00,TRUE,TRUE,Comment
QUOTE,$MM1,2,10,00,10000,2,10,20,10000,$CLASS11PRODUCT1,$SESSION4,User Assigned Id..,TRUE,TRUE,Comment
PAUSE,1000
CURRENTMARKETV3BESTMARKETQUERY,$MM1,$SESSION4,$CLASS11PRODUCT1,10000,2,10,00,10000,2,10,20,TRUE,TRUE,Comment
QUOTE,$MM1,2,1,00,100,2,1,20,100,$CLASS1PRODUCT1,$SESSION1,User Assigned Id..,TRUE,TRUE,Comment
PAUSE,1000
CURRENTMARKETV4BESTMARKETQUERY,$MM1,CBOE,$CLASS1PRODUCT1,100,2,1,00,100,2,1,20,TRUE,TRUE,Comment
SETPRODUCTSTATEBYPRODUCT,$SA1,$SESSION1,$STRATEGY1,$STRATEGYCLASS1,1,TRUE,TRUE,Comment
PRODUCTSTATEQUERY,$SA1,$SESSION1,$STRATEGY1,1,TRUE,TRUE,Comment
SETPRODUCTSTATEBYPRODUCT,$SA1,$SESSION1,$STRATEGY1,$STRATEGYCLASS1,2,TRUE,TRUE,Comment
PRODUCTSTATEQUERY,$SA1,$SESSION1,$STRATEGY1,2,TRUE,TRUE,Comment
SETPRODUCTSTATEBYPRODUCT,$SA1,$SESSION1,$STRATEGY1,$STRATEGYCLASS1,3,TRUE,TRUE,Comment
PRODUCTSTATEQUERY,$SA1,$SESSION1,$STRATEGY1,3,TRUE,TRUE,Comment
SETPRODUCTSTATEBYPRODUCT,$SA1,$SESSION1,$STRATEGY1,$STRATEGYCLASS1,4,TRUE,TRUE,Comment
PRODUCTSTATEQUERY,$SA1,$SESSION1,$STRATEGY1,4,TRUE,TRUE,Comment
STRATEGYORDER,$MM1,$MM1EXCHANGE,$MM1EXECFIRM,WQI,9710,ABC,*,$MM1EXCHANGE,$MM1,100,$STRATEGY1,D,2,-9,00,D,21/12/2003 6:00:00.0,1,1,0,00,0,-,-,-,$MM1,$MM1,C,FALSE,F,U,0,-,-,$SESSION1,2,$CLASS11PRODUCT1,$MM1EXCHANGE,$MM1EXECFIRM,C,C,$CLASS1PRODUCT1,$MM1EXCHANGE,$MM1EXECFIRM,C,C,TRUE,TRUE,This is the Strategy order: BA:249
PAUSE,1000
TOPOFBOOKVERIFICATION,$MM1,$SESSION1,$STRATEGY1,100,2,-9,00,0,1,0,00,TRUE,TRUE,Comment
STRATEGYORDER,$MM1,$MM1EXCHANGE,$MM1EXECFIRM,IKB,8398,ABC,*,$MM1EXCHANGE,$MM1,100,$STRATEGY1,D,2,-9,00,D,21/12/2003 6:00:00.0,1,1,0,00,0,-,-,-,$MM1,$MM1,C,FALSE,C,U,0,-,-,$SESSION1,2,$CLASS11PRODUCT1,$MM1EXCHANGE,$MM1EXECFIRM,C,C,$CLASS1PRODUCT1,$MM1EXCHANGE,$MM1EXECFIRM,C,C,TRUE,TRUE,This is the Strategy order: BA:250
PAUSE,1000
TOPOFBOOKVERIFICATION,$MM1,$SESSION1,$STRATEGY1,200,2,-9,00,0,1,0,00,TRUE,TRUE,Comment
STRATEGYORDER,$MM1,$MM1EXCHANGE,$MM1EXECFIRM,HWM,5483,ABC,*,$MM1EXCHANGE,$MM1,200,$STRATEGY1,O,2,8,82,D,21/12/2003 6:00:00.0,1,1,0,00,0,-,-,BARTID=$WORKSTATION1,$MM1,$MM1,C,FALSE,BD,U,0,-,-,$SESSION1,2,$CLASS11PRODUCT1,$MM1EXCHANGE,$MM1EXECFIRM,C,C,$CLASS1PRODUCT1,$MM1EXCHANGE,$MM1EXECFIRM,C,C,TRUE,TRUE,This is the Strategy order: BA:253
PAUSE,10000
VERIFYCOMPLEXPARORDER,$PAR1,$MM1,$MM1EXECFIRM,ABC,HWM,5483,*,8.82,C,1,2,Y,Y,N,Y,-,0.00,0.00,20000,S,0,0,100,20000,1.00,1.20,200,B,100,100,1,200,TRUE,TRUE,Comment
PARCOMPLEXORDERTRADEWITHBOOKREQ,$PAR1,$MM1,$MM1EXECFIRM,ABC,HWM,5483,*,*,C,8.82,2,20000,200,Y,TRUE,TRUE,Comment
PAUSE,10000
LASTSALEQUERY,$MM1,$SESSION1,$STRATEGY1,2,-9,00,100,TRUE,TRUE,Comment
TOPOFBOOKVERIFICATION,$MM1,$SESSION1,$STRATEGY1,100,2,-9,00,0,1,0,00,TRUE,TRUE,Comment
TOPOFBOOKVERIFICATION,$MM1,$SESSION4,$CLASS11PRODUCT1,10000,2,10,00,10000,2,10,20,TRUE,TRUE,Comment
TOPOFBOOKVERIFICATION,$MM1,$SESSION1,$CLASS1PRODUCT1,100,2,1,00,100,2,1,20,TRUE,TRUE,Comment
VERIFYCOMPLEXPARORDER,$PAR1,$MM1,$MM1EXECFIRM,ABC,HWM,5483,*,8.82,C,1,2,Y,Y,N,Y,-,0.00,0.00,10000,S,0,0,100,20000,1.00,1.20,100,B,100,100,1,200,TRUE,TRUE,Comment
QUOTECANCEL,$MM1,$SESSION4,$CLASS11PRODUCT1,2,TRUE,TRUE,Comment
QUOTECANCELVERIFICATION,$MM1,$SESSION4,$CLASS11PRODUCT1,2,TRUE,TRUE,Comment
QUOTECANCEL,$MM1,$SESSION1,$CLASS1PRODUCT1,2,TRUE,TRUE,Comment
QUOTECANCELVERIFICATION,$MM1,$SESSION1,$CLASS1PRODUCT1,2,TRUE,TRUE,Comment
CANCELALLPARORDERS,$PAR1,$MM1,TRUE,TRUE,Comment
CLEARALLPARCALLBACKS,$PAR1
VERIFYCOMPLEXPARORDER,$PAR1,$MM1,$MM1EXECFIRM,ABC,HWM,5483,*,8.82,C,1,2,Y,Y,N,Y,-,0.00,0.00,10000,S,0,0,100,20000,0.00,0.00,100,B,0,0,1,200,FALSE,TRUE,Comment
ORDERCANCELBYIDNOWAIT,$MM1,$MM1EXCHANGE,$MM1EXECFIRM,WQI,9710,ABC,*,100,$SESSION1,1,TRUE,TRUE,Comment
ORDERCANCELVERIFICATION,$MM1,$MM1EXCHANGE,$MM1EXECFIRM,WQI,9710,ABC,*,$SESSION1,$STRATEGY1,2,100,TRUE,TRUE,Comment
TOPOFBOOKVERIFICATION,$MM1,$SESSION1,$STRATEGY1,0,1,0,00,0,1,0,00,TRUE,TRUE,Comment

COMMENT, Test Case 7:Inbound CPS Order from PAR trades Full Q-ty only with the resting CUSTOMER CPS Order on Top of the Book in COB. CONDITION:CUSTOMER Complex Order is at EQUAL price to DSM
CLEARALLCALLBACKS,$MM1
PRODUCTSTATEQUERY,$SA1,$SESSION4,$CLASS11PRODUCT1,4,TRUE,TRUE,Comment
PRODUCTSTATEQUERY,$SA1,$SESSION1,$CLASS1PRODUCT1,4,TRUE,TRUE,Comment
TOPOFBOOKVERIFICATION,$MM1,$SESSION4,$CLASS11PRODUCT1,0,1,0,00,0,1,0,00,TRUE,TRUE,Comment
TOPOFBOOKVERIFICATION,$MM1,$SESSION1,$CLASS1PRODUCT1,0,1,0,00,0,1,0,00,TRUE,TRUE,Comment
QUOTE,$MM1,2,10,00,10000,2,10,20,10000,$CLASS11PRODUCT1,$SESSION4,User Assigned Id..,TRUE,TRUE,Comment
PAUSE,1000
CURRENTMARKETV3BESTMARKETQUERY,$MM1,$SESSION4,$CLASS11PRODUCT1,10000,2,10,00,10000,2,10,20,TRUE,TRUE,Comment
QUOTE,$MM1,2,1,00,100,2,1,20,100,$CLASS1PRODUCT1,$SESSION1,User Assigned Id..,TRUE,TRUE,Comment
PAUSE,1000
CURRENTMARKETV4BESTMARKETQUERY,$MM1,CBOE,$CLASS1PRODUCT1,100,2,1,00,100,2,1,20,TRUE,TRUE,Comment
SETPRODUCTSTATEBYPRODUCT,$SA1,$SESSION1,$STRATEGY1,$STRATEGYCLASS1,1,TRUE,TRUE,Comment
PRODUCTSTATEQUERY,$SA1,$SESSION1,$STRATEGY1,1,TRUE,TRUE,Comment
SETPRODUCTSTATEBYPRODUCT,$SA1,$SESSION1,$STRATEGY1,$STRATEGYCLASS1,2,TRUE,TRUE,Comment
PRODUCTSTATEQUERY,$SA1,$SESSION1,$STRATEGY1,2,TRUE,TRUE,Comment
SETPRODUCTSTATEBYPRODUCT,$SA1,$SESSION1,$STRATEGY1,$STRATEGYCLASS1,3,TRUE,TRUE,Comment
PRODUCTSTATEQUERY,$SA1,$SESSION1,$STRATEGY1,3,TRUE,TRUE,Comment
SETPRODUCTSTATEBYPRODUCT,$SA1,$SESSION1,$STRATEGY1,$STRATEGYCLASS1,4,TRUE,TRUE,Comment
PRODUCTSTATEQUERY,$SA1,$SESSION1,$STRATEGY1,4,TRUE,TRUE,Comment
STRATEGYORDER,$MM1,$MM1EXCHANGE,$MM1EXECFIRM,WFT,1335,ABC,*,$MM1EXCHANGE,$MM1,200,$STRATEGY1,D,2,-8,82,D,21/12/2003 6:00:00.0,1,1,0,00,0,-,-,-,$MM1,$MM1,C,FALSE,F,U,0,-,-,$SESSION1,2,$CLASS11PRODUCT1,$MM1EXCHANGE,$MM1EXECFIRM,C,C,$CLASS1PRODUCT1,$MM1EXCHANGE,$MM1EXECFIRM,C,C,TRUE,TRUE,This is the Strategy order: BA:249
PAUSE,1000
TOPOFBOOKVERIFICATION,$MM1,$SESSION1,$STRATEGY1,200,2,-8,82,0,1,0,00,TRUE,TRUE,Comment
STRATEGYORDER,$MM1,$MM1EXCHANGE,$MM1EXECFIRM,DUO,7554,ABC,*,$MM1EXCHANGE,$MM1,200,$STRATEGY1,D,2,-8,82,D,21/12/2003 6:00:00.0,1,1,0,00,0,-,-,-,$MM1,$MM1,C,FALSE,C,U,0,-,-,$SESSION1,2,$CLASS11PRODUCT1,$MM1EXCHANGE,$MM1EXECFIRM,C,C,$CLASS1PRODUCT1,$MM1EXCHANGE,$MM1EXECFIRM,C,C,TRUE,TRUE,This is the Strategy order: BA:250
PAUSE,1000
TOPOFBOOKVERIFICATION,$MM1,$SESSION1,$STRATEGY1,400,2,-8,82,0,1,0,00,TRUE,TRUE,Comment
STRATEGYORDER,$MM1,$MM1EXCHANGE,$MM1EXECFIRM,JFW,79,ABC,*,$MM1EXCHANGE,$MM1,200,$STRATEGY1,O,2,8,82,D,21/12/2003 6:00:00.0,1,1,0,00,0,-,-,BARTID=$WORKSTATION1,$MM1,$MM1,C,FALSE,BD,U,0,-,-,$SESSION1,2,$CLASS11PRODUCT1,$MM1EXCHANGE,$MM1EXECFIRM,C,C,$CLASS1PRODUCT1,$MM1EXCHANGE,$MM1EXECFIRM,C,C,TRUE,TRUE,This is the Strategy order: BA:253
PAUSE,10000
VERIFYCOMPLEXPARORDER,$PAR1,$MM1,$MM1EXECFIRM,ABC,JFW,79,*,8.82,C,1,2,Y,Y,N,Y,-,0.00,0.00,20000,S,0,0,100,20000,1.00,1.20,200,B,100,100,1,200,TRUE,TRUE,Comment
PARCOMPLEXORDERTRADEWITHBOOKREQ,$PAR1,$MM1,$MM1EXECFIRM,ABC,JFW,79,*,*,C,8.82,2,20000,200,Y,TRUE,TRUE,Comment
PAUSE,10000
LASTSALEQUERY,$MM1,$SESSION1,$STRATEGY1,2,-8,82,200,TRUE,TRUE,Comment
TOPOFBOOKVERIFICATION,$MM1,$SESSION1,$STRATEGY1,200,2,-8,82,0,1,0,00,TRUE,TRUE,Comment
TOPOFBOOKVERIFICATION,$MM1,$SESSION4,$CLASS11PRODUCT1,10000,2,10,00,10000,2,10,20,TRUE,TRUE,Comment
TOPOFBOOKVERIFICATION,$MM1,$SESSION1,$CLASS1PRODUCT1,100,2,1,00,100,2,1,20,TRUE,TRUE,Comment
CLEARALLPARCALLBACKS,$PAR1
PAUSE,1000
VERIFYCOMPLEXPARORDER,$PAR1,$MM1,$MM1EXECFIRM,ABC,JFW,79,*,8.82,C,1,2,Y,Y,N,Y,-,0.00,0.00,20000,S,0,0,100,20000,1.00,1.20,200,B,100,100,1,200,FALSE,TRUE,Comment
QUOTECANCEL,$MM1,$SESSION4,$CLASS11PRODUCT1,2,TRUE,TRUE,Comment
QUOTECANCELVERIFICATION,$MM1,$SESSION4,$CLASS11PRODUCT1,2,TRUE,TRUE,Comment
QUOTECANCEL,$MM1,$SESSION1,$CLASS1PRODUCT1,2,TRUE,TRUE,Comment
QUOTECANCELVERIFICATION,$MM1,$SESSION1,$CLASS1PRODUCT1,2,TRUE,TRUE,Comment
ORDERCANCELBYIDNOWAIT,$MM1,$MM1EXCHANGE,$MM1EXECFIRM,WFT,1335,ABC,*,200,$SESSION1,1,TRUE,TRUE,Comment
ORDERCANCELVERIFICATION,$MM1,$MM1EXCHANGE,$MM1EXECFIRM,WFT,1335,ABC,*,$SESSION1,$STRATEGY1,2,200,TRUE,TRUE,Comment
TOPOFBOOKVERIFICATION,$MM1,$SESSION1,$STRATEGY1,0,1,0,00,0,1,0,00,TRUE,TRUE,Comment

COMMENT, Test Case 8:Inbound CPS Order from PAR trades Partial Q-ty only with the resting CUSTOMER CPS Order on Top of the Book in COB and the remaining Q-ty is routed back to PAR. CONDITION:CUSTOMER Complex Order is at EQUAL price to DSM
CLEARALLCALLBACKS,$MM1
PRODUCTSTATEQUERY,$SA1,$SESSION4,$CLASS11PRODUCT1,4,TRUE,TRUE,Comment
PRODUCTSTATEQUERY,$SA1,$SESSION1,$CLASS1PRODUCT1,4,TRUE,TRUE,Comment
TOPOFBOOKVERIFICATION,$MM1,$SESSION4,$CLASS11PRODUCT1,0,1,0,00,0,1,0,00,TRUE,TRUE,Comment
TOPOFBOOKVERIFICATION,$MM1,$SESSION1,$CLASS1PRODUCT1,0,1,0,00,0,1,0,00,TRUE,TRUE,Comment
QUOTE,$MM1,2,10,00,10000,2,10,20,10000,$CLASS11PRODUCT1,$SESSION4,User Assigned Id..,TRUE,TRUE,Comment
PAUSE,1000
CURRENTMARKETV3BESTMARKETQUERY,$MM1,$SESSION4,$CLASS11PRODUCT1,10000,2,10,00,10000,2,10,20,TRUE,TRUE,Comment
QUOTE,$MM1,2,1,00,100,2,1,20,100,$CLASS1PRODUCT1,$SESSION1,User Assigned Id..,TRUE,TRUE,Comment
PAUSE,1000
CURRENTMARKETV4BESTMARKETQUERY,$MM1,CBOE,$CLASS1PRODUCT1,100,2,1,00,100,2,1,20,TRUE,TRUE,Comment
SETPRODUCTSTATEBYPRODUCT,$SA1,$SESSION1,$STRATEGY1,$STRATEGYCLASS1,1,TRUE,TRUE,Comment
PRODUCTSTATEQUERY,$SA1,$SESSION1,$STRATEGY1,1,TRUE,TRUE,Comment
SETPRODUCTSTATEBYPRODUCT,$SA1,$SESSION1,$STRATEGY1,$STRATEGYCLASS1,2,TRUE,TRUE,Comment
PRODUCTSTATEQUERY,$SA1,$SESSION1,$STRATEGY1,2,TRUE,TRUE,Comment
SETPRODUCTSTATEBYPRODUCT,$SA1,$SESSION1,$STRATEGY1,$STRATEGYCLASS1,3,TRUE,TRUE,Comment
PRODUCTSTATEQUERY,$SA1,$SESSION1,$STRATEGY1,3,TRUE,TRUE,Comment
SETPRODUCTSTATEBYPRODUCT,$SA1,$SESSION1,$STRATEGY1,$STRATEGYCLASS1,4,TRUE,TRUE,Comment
PRODUCTSTATEQUERY,$SA1,$SESSION1,$STRATEGY1,4,TRUE,TRUE,Comment
STRATEGYORDER,$MM1,$MM1EXCHANGE,$MM1EXECFIRM,DVB,5703,ABC,*,$MM1EXCHANGE,$MM1,200,$STRATEGY1,D,2,-8,82,D,21/12/2003 6:00:00.0,1,1,0,00,0,-,-,-,$MM1,$MM1,C,FALSE,F,U,0,-,-,$SESSION1,2,$CLASS11PRODUCT1,$MM1EXCHANGE,$MM1EXECFIRM,C,C,$CLASS1PRODUCT1,$MM1EXCHANGE,$MM1EXECFIRM,C,C,TRUE,TRUE,This is the Strategy order: BA:249
PAUSE,1000
TOPOFBOOKVERIFICATION,$MM1,$SESSION1,$STRATEGY1,200,2,-8,82,0,1,0,00,TRUE,TRUE,Comment
STRATEGYORDER,$MM1,$MM1EXCHANGE,$MM1EXECFIRM,OXE,5046,ABC,*,$MM1EXCHANGE,$MM1,200,$STRATEGY1,D,2,-8,82,D,21/12/2003 6:00:00.0,1,1,0,00,0,-,-,-,$MM1,$MM1,C,FALSE,C,U,0,-,-,$SESSION1,2,$CLASS11PRODUCT1,$MM1EXCHANGE,$MM1EXECFIRM,C,C,$CLASS1PRODUCT1,$MM1EXCHANGE,$MM1EXECFIRM,C,C,TRUE,TRUE,This is the Strategy order: BA:250
PAUSE,1000
TOPOFBOOKVERIFICATION,$MM1,$SESSION1,$STRATEGY1,400,2,-8,82,0,1,0,00,TRUE,TRUE,Comment
STRATEGYORDER,$MM1,$MM1EXCHANGE,$MM1EXECFIRM,GRL,3090,ABC,*,$MM1EXCHANGE,$MM1,500,$STRATEGY1,O,2,8,82,D,21/12/2003 6:00:00.0,1,1,0,00,0,-,-,BARTID=$WORKSTATION1,$MM1,$MM1,C,FALSE,BD,U,0,-,-,$SESSION1,2,$CLASS11PRODUCT1,$MM1EXCHANGE,$MM1EXECFIRM,C,C,$CLASS1PRODUCT1,$MM1EXCHANGE,$MM1EXECFIRM,C,C,TRUE,TRUE,This is the Strategy order: BA:253
PAUSE,10000
VERIFYCOMPLEXPARORDER,$PAR1,$MM1,$MM1EXECFIRM,ABC,GRL,3090,*,8.82,C,1,2,Y,Y,N,Y,-,0.00,0.00,50000,S,0,0,100,50000,1.00,1.20,500,B,100,100,1,500,TRUE,TRUE,Comment
PARCOMPLEXORDERTRADEWITHBOOKREQ,$PAR1,$MM1,$MM1EXECFIRM,ABC,GRL,3090,*,*,C,8.82,2,50000,500,Y,TRUE,TRUE,Comment
PAUSE,10000
LASTSALEQUERY,$MM1,$SESSION1,$STRATEGY1,2,-8,82,200,TRUE,TRUE,Comment
TOPOFBOOKVERIFICATION,$MM1,$SESSION1,$STRATEGY1,200,2,-8,82,0,1,0,00,TRUE,TRUE,Comment
TOPOFBOOKVERIFICATION,$MM1,$SESSION4,$CLASS11PRODUCT1,10000,2,10,00,10000,2,10,20,TRUE,TRUE,Comment
TOPOFBOOKVERIFICATION,$MM1,$SESSION1,$CLASS1PRODUCT1,100,2,1,00,100,2,1,20,TRUE,TRUE,Comment
VERIFYCOMPLEXPARORDER,$PAR1,$MM1,$MM1EXECFIRM,ABC,GRL,3090,*,8.82,C,1,2,Y,Y,N,Y,-,0.00,0.00,30000,S,0,0,100,50000,1.00,1.20,300,B,100,100,1,500,TRUE,TRUE,Comment
QUOTECANCEL,$MM1,$SESSION4,$CLASS11PRODUCT1,2,TRUE,TRUE,Comment
QUOTECANCELVERIFICATION,$MM1,$SESSION4,$CLASS11PRODUCT1,2,TRUE,TRUE,Comment
QUOTECANCEL,$MM1,$SESSION1,$CLASS1PRODUCT1,2,TRUE,TRUE,Comment
QUOTECANCELVERIFICATION,$MM1,$SESSION1,$CLASS1PRODUCT1,2,TRUE,TRUE,Comment
CLEARALLPARCALLBACKS,$PAR1
CANCELALLPARORDERS,$PAR1,$MM1,TRUE,TRUE,Comment
VERIFYCOMPLEXPARORDER,$PAR1,$MM1,$MM1EXECFIRM,ABC,GRL,3090,*,8.82,C,1,2,Y,Y,N,Y,-,0.00,0.00,30000,S,0,0,100,50000,0.00,0.00,300,B,0,0,1,500,FALSE,TRUE,Comment
ORDERCANCELBYIDNOWAIT,$MM1,$MM1EXCHANGE,$MM1EXECFIRM,DVB,5703,ABC,*,200,$SESSION1,1,TRUE,TRUE,Comment
ORDERCANCELVERIFICATION,$MM1,$MM1EXCHANGE,$MM1EXECFIRM,DVB,5703,ABC,*,$SESSION1,$STRATEGY1,2,200,TRUE,TRUE,Comment
TOPOFBOOKVERIFICATION,$MM1,$SESSION1,$STRATEGY1,0,1,0,00,0,1,0,00,TRUE,TRUE,Comment

COMMENT, Test Case 9:Inbound CPS Order from PAR trades Full Q-ty with the resting CUSTOMER CPS Orders on Top of the Book in COB. CONDITION:CUSTOMER Complex Order is at BETTER price than DSM
CLEARALLCALLBACKS,$MM1
PRODUCTSTATEQUERY,$SA1,$SESSION4,$CLASS11PRODUCT1,4,TRUE,TRUE,Comment
PRODUCTSTATEQUERY,$SA1,$SESSION1,$CLASS1PRODUCT1,4,TRUE,TRUE,Comment
TOPOFBOOKVERIFICATION,$MM1,$SESSION4,$CLASS11PRODUCT1,0,1,0,00,0,1,0,00,TRUE,TRUE,Comment
TOPOFBOOKVERIFICATION,$MM1,$SESSION1,$CLASS1PRODUCT1,0,1,0,00,0,1,0,00,TRUE,TRUE,Comment
QUOTE,$MM1,2,10,00,10000,2,10,20,10000,$CLASS11PRODUCT1,$SESSION4,User Assigned Id..,TRUE,TRUE,Comment
PAUSE,1000
CURRENTMARKETV3BESTMARKETQUERY,$MM1,$SESSION4,$CLASS11PRODUCT1,10000,2,10,00,10000,2,10,20,TRUE,TRUE,Comment
QUOTE,$MM1,2,1,00,100,2,1,20,100,$CLASS1PRODUCT1,$SESSION1,User Assigned Id..,TRUE,TRUE,Comment
PAUSE,1000
CURRENTMARKETV4BESTMARKETQUERY,$MM1,CBOE,$CLASS1PRODUCT1,100,2,1,00,100,2,1,20,TRUE,TRUE,Comment
SETPRODUCTSTATEBYPRODUCT,$SA1,$SESSION1,$STRATEGY1,$STRATEGYCLASS1,1,TRUE,TRUE,Comment
PRODUCTSTATEQUERY,$SA1,$SESSION1,$STRATEGY1,1,TRUE,TRUE,Comment
SETPRODUCTSTATEBYPRODUCT,$SA1,$SESSION1,$STRATEGY1,$STRATEGYCLASS1,2,TRUE,TRUE,Comment
PRODUCTSTATEQUERY,$SA1,$SESSION1,$STRATEGY1,2,TRUE,TRUE,Comment
SETPRODUCTSTATEBYPRODUCT,$SA1,$SESSION1,$STRATEGY1,$STRATEGYCLASS1,3,TRUE,TRUE,Comment
PRODUCTSTATEQUERY,$SA1,$SESSION1,$STRATEGY1,3,TRUE,TRUE,Comment
SETPRODUCTSTATEBYPRODUCT,$SA1,$SESSION1,$STRATEGY1,$STRATEGYCLASS1,4,TRUE,TRUE,Comment
PRODUCTSTATEQUERY,$SA1,$SESSION1,$STRATEGY1,4,TRUE,TRUE,Comment
STRATEGYORDER,$MM1,$MM1EXCHANGE,$MM1EXECFIRM,RWY,4390,ABC,*,$MM1EXCHANGE,$MM1,100,$STRATEGY1,D,2,-9,00,D,21/12/2003 6:00:00.0,1,1,0,00,0,-,-,-,$MM1,$MM1,C,FALSE,C,U,0,-,-,$SESSION1,2,$CLASS11PRODUCT1,$MM1EXCHANGE,$MM1EXECFIRM,C,C,$CLASS1PRODUCT1,$MM1EXCHANGE,$MM1EXECFIRM,C,C,TRUE,TRUE,This is the Strategy order: BA:249
PAUSE,1000
TOPOFBOOKVERIFICATION,$MM1,$SESSION1,$STRATEGY1,100,2,-9,00,0,1,0,00,TRUE,TRUE,Comment
STRATEGYORDER,$MM1,$MM1EXCHANGE,$MM1EXECFIRM,ZKU,3811,ABC,*,$MM1EXCHANGE,$MM1,100,$STRATEGY1,D,2,-9,00,D,21/12/2003 6:00:00.0,1,1,0,00,0,-,-,-,$MM1,$MM1,C,FALSE,C,U,0,-,-,$SESSION1,2,$CLASS11PRODUCT1,$MM1EXCHANGE,$MM1EXECFIRM,C,C,$CLASS1PRODUCT1,$MM1EXCHANGE,$MM1EXECFIRM,C,C,TRUE,TRUE,This is the Strategy order: BA:250
PAUSE,1000
TOPOFBOOKVERIFICATION,$MM1,$SESSION1,$STRATEGY1,200,2,-9,00,0,1,0,00,TRUE,TRUE,Comment
STRATEGYORDER,$MM1,$MM1EXCHANGE,$MM1EXECFIRM,NTY,5211,ABC,*,$MM1EXCHANGE,$MM1,200,$STRATEGY1,O,2,8,82,D,21/12/2003 6:00:00.0,1,1,0,00,0,-,-,BARTID=$WORKSTATION1,$MM1,$MM1,C,FALSE,BD,U,0,-,-,$SESSION1,2,$CLASS11PRODUCT1,$MM1EXCHANGE,$MM1EXECFIRM,C,C,$CLASS1PRODUCT1,$MM1EXCHANGE,$MM1EXECFIRM,C,C,TRUE,TRUE,This is the Strategy order: BA:253
PAUSE,10000
VERIFYCOMPLEXPARORDER,$PAR1,$MM1,$MM1EXECFIRM,ABC,NTY,5211,*,8.82,C,1,2,Y,Y,N,Y,-,0.00,0.00,20000,S,0,0,100,20000,1.00,1.20,200,B,100,100,1,200,TRUE,TRUE,Comment
PARCOMPLEXORDERTRADEWITHBOOKREQ,$PAR1,$MM1,$MM1EXECFIRM,ABC,NTY,5211,*,*,C,8.82,2,20000,200,Y,TRUE,TRUE,Comment
PAUSE,10000
LASTSALEQUERY,$MM1,$SESSION1,$STRATEGY1,2,-9,00,200,TRUE,TRUE,Comment
TOPOFBOOKVERIFICATION,$MM1,$SESSION1,$STRATEGY1,0,1,0,00,0,1,0,00,TRUE,TRUE,Comment
TOPOFBOOKVERIFICATION,$MM1,$SESSION4,$CLASS11PRODUCT1,10000,2,10,00,10000,2,10,20,TRUE,TRUE,Comment
TOPOFBOOKVERIFICATION,$MM1,$SESSION1,$CLASS1PRODUCT1,100,2,1,00,100,2,1,20,TRUE,TRUE,Comment
CLEARALLPARCALLBACKS,$PAR1
PAUSE,1000
VERIFYCOMPLEXPARORDER,$PAR1,$MM1,$MM1EXECFIRM,ABC,NTY,5211,*,8.82,C,1,2,Y,Y,N,Y,-,0.00,0.00,20000,S,0,0,100,20000,1.00,1.20,200,B,100,100,1,200,FALSE,TRUE,Comment
QUOTECANCEL,$MM1,$SESSION4,$CLASS11PRODUCT1,2,TRUE,TRUE,Comment
QUOTECANCELVERIFICATION,$MM1,$SESSION4,$CLASS11PRODUCT1,2,TRUE,TRUE,Comment
QUOTECANCEL,$MM1,$SESSION1,$CLASS1PRODUCT1,2,TRUE,TRUE,Comment
QUOTECANCELVERIFICATION,$MM1,$SESSION1,$CLASS1PRODUCT1,2,TRUE,TRUE,Comment

COMMENT, Test Case 10:Inbound CPS Order from PAR trades Partial Q-ty with the resting CUSTOMER CPS Orders on Top of the Book in COB and the remaining Q-ty is routed back to PAR. CONDITION:CUSTOMER Complex Order is at BETTER price than DSM
CLEARALLCALLBACKS,$MM1
PRODUCTSTATEQUERY,$SA1,$SESSION4,$CLASS11PRODUCT1,4,TRUE,TRUE,Comment
PRODUCTSTATEQUERY,$SA1,$SESSION1,$CLASS1PRODUCT1,4,TRUE,TRUE,Comment
TOPOFBOOKVERIFICATION,$MM1,$SESSION4,$CLASS11PRODUCT1,0,1,0,00,0,1,0,00,TRUE,TRUE,Comment
TOPOFBOOKVERIFICATION,$MM1,$SESSION1,$CLASS1PRODUCT1,0,1,0,00,0,1,0,00,TRUE,TRUE,Comment
QUOTE,$MM1,2,10,00,10000,2,10,20,10000,$CLASS11PRODUCT1,$SESSION4,User Assigned Id..,TRUE,TRUE,Comment
PAUSE,1000
CURRENTMARKETV3BESTMARKETQUERY,$MM1,$SESSION4,$CLASS11PRODUCT1,10000,2,10,00,10000,2,10,20,TRUE,TRUE,Comment
QUOTE,$MM1,2,1,00,100,2,1,20,100,$CLASS1PRODUCT1,$SESSION1,User Assigned Id..,TRUE,TRUE,Comment
PAUSE,1000
CURRENTMARKETV4BESTMARKETQUERY,$MM1,CBOE,$CLASS1PRODUCT1,100,2,1,00,100,2,1,20,TRUE,TRUE,Comment
SETPRODUCTSTATEBYPRODUCT,$SA1,$SESSION1,$STRATEGY1,$STRATEGYCLASS1,1,TRUE,TRUE,Comment
PRODUCTSTATEQUERY,$SA1,$SESSION1,$STRATEGY1,1,TRUE,TRUE,Comment
SETPRODUCTSTATEBYPRODUCT,$SA1,$SESSION1,$STRATEGY1,$STRATEGYCLASS1,2,TRUE,TRUE,Comment
PRODUCTSTATEQUERY,$SA1,$SESSION1,$STRATEGY1,2,TRUE,TRUE,Comment
SETPRODUCTSTATEBYPRODUCT,$SA1,$SESSION1,$STRATEGY1,$STRATEGYCLASS1,3,TRUE,TRUE,Comment
PRODUCTSTATEQUERY,$SA1,$SESSION1,$STRATEGY1,3,TRUE,TRUE,Comment
SETPRODUCTSTATEBYPRODUCT,$SA1,$SESSION1,$STRATEGY1,$STRATEGYCLASS1,4,TRUE,TRUE,Comment
PRODUCTSTATEQUERY,$SA1,$SESSION1,$STRATEGY1,4,TRUE,TRUE,Comment
STRATEGYORDER,$MM1,$MM1EXCHANGE,$MM1EXECFIRM,QLD,9883,ABC,*,$MM1EXCHANGE,$MM1,100,$STRATEGY1,D,2,-9,00,D,21/12/2003 6:00:00.0,1,1,0,00,0,-,-,-,$MM1,$MM1,C,FALSE,F,U,0,-,-,$SESSION1,2,$CLASS11PRODUCT1,$MM1EXCHANGE,$MM1EXECFIRM,C,C,$CLASS1PRODUCT1,$MM1EXCHANGE,$MM1EXECFIRM,C,C,TRUE,TRUE,This is the Strategy order: BA:249
PAUSE,1000
TOPOFBOOKVERIFICATION,$MM1,$SESSION1,$STRATEGY1,100,2,-9,00,0,1,0,00,TRUE,TRUE,Comment
STRATEGYORDER,$MM1,$MM1EXCHANGE,$MM1EXECFIRM,LVI,3762,ABC,*,$MM1EXCHANGE,$MM1,100,$STRATEGY1,D,2,-9,00,D,21/12/2003 6:00:00.0,1,1,0,00,0,-,-,-,$MM1,$MM1,C,FALSE,C,U,0,-,-,$SESSION1,2,$CLASS11PRODUCT1,$MM1EXCHANGE,$MM1EXECFIRM,C,C,$CLASS1PRODUCT1,$MM1EXCHANGE,$MM1EXECFIRM,C,C,TRUE,TRUE,This is the Strategy order: BA:250
PAUSE,1000
TOPOFBOOKVERIFICATION,$MM1,$SESSION1,$STRATEGY1,200,2,-9,00,0,1,0,00,TRUE,TRUE,Comment
STRATEGYORDER,$MM1,$MM1EXCHANGE,$MM1EXECFIRM,OGV,7409,ABC,*,$MM1EXCHANGE,$MM1,200,$STRATEGY1,O,2,8,82,D,21/12/2003 6:00:00.0,1,1,0,00,0,-,-,BARTID=$WORKSTATION1,$MM1,$MM1,C,FALSE,BD,U,0,-,-,$SESSION1,2,$CLASS11PRODUCT1,$MM1EXCHANGE,$MM1EXECFIRM,C,C,$CLASS1PRODUCT1,$MM1EXCHANGE,$MM1EXECFIRM,C,C,TRUE,TRUE,This is the Strategy order: BA:253
PAUSE,10000
VERIFYCOMPLEXPARORDER,$PAR1,$MM1,$MM1EXECFIRM,ABC,OGV,7409,*,8.82,C,1,2,Y,Y,N,Y,-,0.00,0.00,20000,S,0,0,100,20000,1.00,1.20,200,B,100,100,1,200,TRUE,TRUE,Comment
PARCOMPLEXORDERTRADEWITHBOOKREQ,$PAR1,$MM1,$MM1EXECFIRM,ABC,OGV,7409,*,*,C,8.82,2,20000,200,Y,TRUE,TRUE,Comment
PAUSE,10000
LASTSALEQUERY,$MM1,$SESSION1,$STRATEGY1,2,-9,00,100,TRUE,TRUE,Comment
TOPOFBOOKVERIFICATION,$MM1,$SESSION1,$STRATEGY1,100,2,-9,00,0,1,0,00,TRUE,TRUE,Comment
VERIFYCOMPLEXPARORDER,$PAR1,$MM1,$MM1EXECFIRM,ABC,OGV,7409,*,8.82,C,1,2,Y,Y,N,Y,-,0.00,0.00,10000,S,0,0,100,20000,1.00,1.20,100,B,100,100,1,200,TRUE,TRUE,Comment
TOPOFBOOKVERIFICATION,$MM1,$SESSION4,$CLASS11PRODUCT1,10000,2,10,00,10000,2,10,20,TRUE,TRUE,Comment
TOPOFBOOKVERIFICATION,$MM1,$SESSION1,$CLASS1PRODUCT1,100,2,1,00,100,2,1,20,TRUE,TRUE,Comment
QUOTECANCEL,$MM1,$SESSION4,$CLASS11PRODUCT1,2,TRUE,TRUE,Comment
QUOTECANCELVERIFICATION,$MM1,$SESSION4,$CLASS11PRODUCT1,2,TRUE,TRUE,Comment
QUOTECANCEL,$MM1,$SESSION1,$CLASS1PRODUCT1,2,TRUE,TRUE,Comment
QUOTECANCELVERIFICATION,$MM1,$SESSION1,$CLASS1PRODUCT1,2,TRUE,TRUE,Comment
CLEARALLPARCALLBACKS,$PAR1
CANCELALLPARORDERS,$PAR1,$MM1,TRUE,TRUE,Comment
VERIFYCOMPLEXPARORDER,$PAR1,$MM1,$MM1EXECFIRM,ABC,OGV,7409,*,8.82,C,1,2,Y,Y,N,Y,-,0.00,0.00,10000,S,0,0,100,20000,0.00,0.00,100,B,0,0,1,200,FALSE,TRUE,Comment
ORDERCANCELBYIDNOWAIT,$MM1,$MM1EXCHANGE,$MM1EXECFIRM,QLD,9883,ABC,*,100,$SESSION1,1,TRUE,TRUE,Comment
ORDERCANCELVERIFICATION,$MM1,$MM1EXCHANGE,$MM1EXECFIRM,QLD,9883,ABC,*,$SESSION1,$STRATEGY1,2,100,TRUE,TRUE,Comment
TOPOFBOOKVERIFICATION,$MM1,$SESSION1,$STRATEGY1,0,1,0,00,0,1,0,00,TRUE,TRUE,Comment

COMMENT, Test Case 11:Inbound CPS Order from PAR trades Full Q-ty with the resting CUSTOMER CPS Orders on Top of the Book in COB. CONDITION:CUSTOMER Complex Order is at EQUAL price to DSM
CLEARALLCALLBACKS,$MM1
PRODUCTSTATEQUERY,$SA1,$SESSION4,$CLASS11PRODUCT1,4,TRUE,TRUE,Comment
PRODUCTSTATEQUERY,$SA1,$SESSION1,$CLASS1PRODUCT1,4,TRUE,TRUE,Comment
TOPOFBOOKVERIFICATION,$MM1,$SESSION4,$CLASS11PRODUCT1,0,1,0,00,0,1,0,00,TRUE,TRUE,Comment
TOPOFBOOKVERIFICATION,$MM1,$SESSION1,$CLASS1PRODUCT1,0,1,0,00,0,1,0,00,TRUE,TRUE,Comment
QUOTE,$MM1,2,10,00,10000,2,10,20,10000,$CLASS11PRODUCT1,$SESSION4,User Assigned Id..,TRUE,TRUE,Comment
PAUSE,1000
CURRENTMARKETV3BESTMARKETQUERY,$MM1,$SESSION4,$CLASS11PRODUCT1,10000,2,10,00,10000,2,10,20,TRUE,TRUE,Comment
QUOTE,$MM1,2,1,00,100,2,1,20,100,$CLASS1PRODUCT1,$SESSION1,User Assigned Id..,TRUE,TRUE,Comment
PAUSE,1000
CURRENTMARKETV4BESTMARKETQUERY,$MM1,CBOE,$CLASS1PRODUCT1,100,2,1,00,100,2,1,20,TRUE,TRUE,Comment
SETPRODUCTSTATEBYPRODUCT,$SA1,$SESSION1,$STRATEGY1,$STRATEGYCLASS1,1,TRUE,TRUE,Comment
PRODUCTSTATEQUERY,$SA1,$SESSION1,$STRATEGY1,1,TRUE,TRUE,Comment
SETPRODUCTSTATEBYPRODUCT,$SA1,$SESSION1,$STRATEGY1,$STRATEGYCLASS1,2,TRUE,TRUE,Comment
PRODUCTSTATEQUERY,$SA1,$SESSION1,$STRATEGY1,2,TRUE,TRUE,Comment
SETPRODUCTSTATEBYPRODUCT,$SA1,$SESSION1,$STRATEGY1,$STRATEGYCLASS1,3,TRUE,TRUE,Comment
PRODUCTSTATEQUERY,$SA1,$SESSION1,$STRATEGY1,3,TRUE,TRUE,Comment
SETPRODUCTSTATEBYPRODUCT,$SA1,$SESSION1,$STRATEGY1,$STRATEGYCLASS1,4,TRUE,TRUE,Comment
PRODUCTSTATEQUERY,$SA1,$SESSION1,$STRATEGY1,4,TRUE,TRUE,Comment
STRATEGYORDER,$MM1,$MM1EXCHANGE,$MM1EXECFIRM,OES,5623,ABC,*,$MM1EXCHANGE,$MM1,200,$STRATEGY1,D,2,-8,82,D,21/12/2003 6:00:00.0,1,1,0,00,0,-,-,-,$MM1,$MM1,C,FALSE,C,U,0,-,-,$SESSION1,2,$CLASS11PRODUCT1,$MM1EXCHANGE,$MM1EXECFIRM,C,C,$CLASS1PRODUCT1,$MM1EXCHANGE,$MM1EXECFIRM,C,C,TRUE,TRUE,This is the Strategy order: BA:249
PAUSE,1000
TOPOFBOOKVERIFICATION,$MM1,$SESSION1,$STRATEGY1,200,2,-8,82,0,1,0,00,TRUE,TRUE,Comment
STRATEGYORDER,$MM1,$MM1EXCHANGE,$MM1EXECFIRM,VXE,4136,ABC,*,$MM1EXCHANGE,$MM1,200,$STRATEGY1,D,2,-8,82,D,21/12/2003 6:00:00.0,1,1,0,00,0,-,-,-,$MM1,$MM1,C,FALSE,C,U,0,-,-,$SESSION1,2,$CLASS11PRODUCT1,$MM1EXCHANGE,$MM1EXECFIRM,C,C,$CLASS1PRODUCT1,$MM1EXCHANGE,$MM1EXECFIRM,C,C,TRUE,TRUE,This is the Strategy order: BA:250
PAUSE,1000
TOPOFBOOKVERIFICATION,$MM1,$SESSION1,$STRATEGY1,400,2,-8,82,0,1,0,00,TRUE,TRUE,Comment
STRATEGYORDER,$MM1,$MM1EXCHANGE,$MM1EXECFIRM,THG,9326,ABC,*,$MM1EXCHANGE,$MM1,400,$STRATEGY1,O,2,8,82,D,21/12/2003 6:00:00.0,1,1,0,00,0,-,-,BARTID=$WORKSTATION1,$MM1,$MM1,C,FALSE,BD,U,0,-,-,$SESSION1,2,$CLASS11PRODUCT1,$MM1EXCHANGE,$MM1EXECFIRM,C,C,$CLASS1PRODUCT1,$MM1EXCHANGE,$MM1EXECFIRM,C,C,TRUE,TRUE,This is the Strategy order: BA:253
PAUSE,10000
VERIFYCOMPLEXPARORDER,$PAR1,$MM1,$MM1EXECFIRM,ABC,THG,9326,*,8.82,C,1,2,Y,Y,N,Y,-,0.00,0.00,40000,S,0,0,100,40000,1.00,1.20,400,B,100,100,1,400,TRUE,TRUE,Comment
PARCOMPLEXORDERTRADEWITHBOOKREQ,$PAR1,$MM1,$MM1EXECFIRM,ABC,THG,9326,*,*,C,8.82,2,40000,400,Y,TRUE,TRUE,Comment
PAUSE,10000
LASTSALEQUERY,$MM1,$SESSION1,$STRATEGY1,2,-8,82,400,TRUE,TRUE,Comment
TOPOFBOOKVERIFICATION,$MM1,$SESSION1,$STRATEGY1,0,1,0,00,0,1,0,00,TRUE,TRUE,Comment
TOPOFBOOKVERIFICATION,$MM1,$SESSION4,$CLASS11PRODUCT1,10000,2,10,00,10000,2,10,20,TRUE,TRUE,Comment
TOPOFBOOKVERIFICATION,$MM1,$SESSION1,$CLASS1PRODUCT1,100,2,1,00,100,2,1,20,TRUE,TRUE,Comment
CLEARALLPARCALLBACKS,$PAR1
PAUSE,1000
VERIFYCOMPLEXPARORDER,$PAR1,$MM1,$MM1EXECFIRM,ABC,THG,9326,*,8.82,C,1,2,Y,Y,N,Y,-,0.00,0.00,40000,S,0,0,100,40000,1.00,1.20,400,B,100,100,1,400,FALSE,TRUE,Comment
QUOTECANCEL,$MM1,$SESSION4,$CLASS11PRODUCT1,2,TRUE,TRUE,Comment
QUOTECANCELVERIFICATION,$MM1,$SESSION4,$CLASS11PRODUCT1,2,TRUE,TRUE,Comment
QUOTECANCEL,$MM1,$SESSION1,$CLASS1PRODUCT1,2,TRUE,TRUE,Comment
QUOTECANCELVERIFICATION,$MM1,$SESSION1,$CLASS1PRODUCT1,2,TRUE,TRUE,Comment

COMMENT, Test Case 12:Inbound CPS Order from PAR trades Partial Q-ty with the resting CUSTOMER CPS Orders on Top of the Book in COB and the remaining Q-ty is routed back to PAR. CONDITION:CUSTOMER Complex Order is at EQUAL price to DSM
CLEARALLCALLBACKS,$MM1
PRODUCTSTATEQUERY,$SA1,$SESSION4,$CLASS11PRODUCT1,4,TRUE,TRUE,Comment
PRODUCTSTATEQUERY,$SA1,$SESSION1,$CLASS1PRODUCT1,4,TRUE,TRUE,Comment
TOPOFBOOKVERIFICATION,$MM1,$SESSION4,$CLASS11PRODUCT1,0,1,0,00,0,1,0,00,TRUE,TRUE,Comment
TOPOFBOOKVERIFICATION,$MM1,$SESSION1,$CLASS1PRODUCT1,0,1,0,00,0,1,0,00,TRUE,TRUE,Comment
QUOTE,$MM1,2,10,00,10000,2,10,20,10000,$CLASS11PRODUCT1,$SESSION4,User Assigned Id..,TRUE,TRUE,Comment
PAUSE,1000
CURRENTMARKETV3BESTMARKETQUERY,$MM1,$SESSION4,$CLASS11PRODUCT1,10000,2,10,00,10000,2,10,20,TRUE,TRUE,Comment
QUOTE,$MM1,2,1,00,100,2,1,20,100,$CLASS1PRODUCT1,$SESSION1,User Assigned Id..,TRUE,TRUE,Comment
PAUSE,1000
CURRENTMARKETV4BESTMARKETQUERY,$MM1,CBOE,$CLASS1PRODUCT1,100,2,1,00,100,2,1,20,TRUE,TRUE,Comment
SETPRODUCTSTATEBYPRODUCT,$SA1,$SESSION1,$STRATEGY1,$STRATEGYCLASS1,1,TRUE,TRUE,Comment
PRODUCTSTATEQUERY,$SA1,$SESSION1,$STRATEGY1,1,TRUE,TRUE,Comment
SETPRODUCTSTATEBYPRODUCT,$SA1,$SESSION1,$STRATEGY1,$STRATEGYCLASS1,2,TRUE,TRUE,Comment
PRODUCTSTATEQUERY,$SA1,$SESSION1,$STRATEGY1,2,TRUE,TRUE,Comment
SETPRODUCTSTATEBYPRODUCT,$SA1,$SESSION1,$STRATEGY1,$STRATEGYCLASS1,3,TRUE,TRUE,Comment
PRODUCTSTATEQUERY,$SA1,$SESSION1,$STRATEGY1,3,TRUE,TRUE,Comment
SETPRODUCTSTATEBYPRODUCT,$SA1,$SESSION1,$STRATEGY1,$STRATEGYCLASS1,4,TRUE,TRUE,Comment
PRODUCTSTATEQUERY,$SA1,$SESSION1,$STRATEGY1,4,TRUE,TRUE,Comment
STRATEGYORDER,$MM1,$MM1EXCHANGE,$MM1EXECFIRM,BJB,3132,ABC,*,$MM1EXCHANGE,$MM1,200,$STRATEGY1,D,2,-8,82,D,21/12/2003 6:00:00.0,1,1,0,00,0,-,-,-,$MM1,$MM1,C,FALSE,C,U,0,-,-,$SESSION1,2,$CLASS11PRODUCT1,$MM1EXCHANGE,$MM1EXECFIRM,C,C,$CLASS1PRODUCT1,$MM1EXCHANGE,$MM1EXECFIRM,C,C,TRUE,TRUE,This is the Strategy order: BA:249
PAUSE,1000
TOPOFBOOKVERIFICATION,$MM1,$SESSION1,$STRATEGY1,200,2,-8,82,0,1,0,00,TRUE,TRUE,Comment
STRATEGYORDER,$MM1,$MM1EXCHANGE,$MM1EXECFIRM,HVO,9398,ABC,*,$MM1EXCHANGE,$MM1,200,$STRATEGY1,D,2,-8,82,D,21/12/2003 6:00:00.0,1,1,0,00,0,-,-,-,$MM1,$MM1,C,FALSE,C,U,0,-,-,$SESSION1,2,$CLASS11PRODUCT1,$MM1EXCHANGE,$MM1EXECFIRM,C,C,$CLASS1PRODUCT1,$MM1EXCHANGE,$MM1EXECFIRM,C,C,TRUE,TRUE,This is the Strategy order: BA:250
PAUSE,1000
TOPOFBOOKVERIFICATION,$MM1,$SESSION1,$STRATEGY1,400,2,-8,82,0,1,0,00,TRUE,TRUE,Comment
STRATEGYORDER,$MM1,$MM1EXCHANGE,$MM1EXECFIRM,GYF,9825,ABC,*,$MM1EXCHANGE,$MM1,500,$STRATEGY1,O,2,8,82,D,21/12/2003 6:00:00.0,1,1,0,00,0,-,-,BARTID=$WORKSTATION1,$MM1,$MM1,C,FALSE,BD,U,0,-,-,$SESSION1,2,$CLASS11PRODUCT1,$MM1EXCHANGE,$MM1EXECFIRM,C,C,$CLASS1PRODUCT1,$MM1EXCHANGE,$MM1EXECFIRM,C,C,TRUE,TRUE,This is the Strategy order: BA:253
PAUSE,10000
VERIFYCOMPLEXPARORDER,$PAR1,$MM1,$MM1EXECFIRM,ABC,GYF,9825,*,8.82,C,1,2,Y,Y,N,Y,-,0.00,0.00,50000,S,0,0,100,50000,1.00,1.20,500,B,100,100,1,500,TRUE,TRUE,Comment
PARCOMPLEXORDERTRADEWITHBOOKREQ,$PAR1,$MM1,$MM1EXECFIRM,ABC,GYF,9825,*,*,C,8.82,2,50000,500,Y,TRUE,TRUE,Comment
PAUSE,10000
LASTSALEQUERY,$MM1,$SESSION1,$STRATEGY1,2,-8,82,400,TRUE,TRUE,Comment
TOPOFBOOKVERIFICATION,$MM1,$SESSION1,$STRATEGY1,0,1,0,00,0,1,0,00,TRUE,TRUE,Comment
TOPOFBOOKVERIFICATION,$MM1,$SESSION4,$CLASS11PRODUCT1,10000,2,10,00,10000,2,10,20,TRUE,TRUE,Comment
TOPOFBOOKVERIFICATION,$MM1,$SESSION1,$CLASS1PRODUCT1,100,2,1,00,100,2,1,20,TRUE,TRUE,Comment
VERIFYCOMPLEXPARORDER,$PAR1,$MM1,$MM1EXECFIRM,ABC,GYF,9825,*,8.82,C,1,2,Y,Y,N,Y,-,0.00,0.00,10000,S,0,0,100,50000,1.00,1.20,100,B,100,100,1,500,TRUE,TRUE,Comment
QUOTECANCEL,$MM1,$SESSION4,$CLASS11PRODUCT1,2,TRUE,TRUE,Comment
QUOTECANCELVERIFICATION,$MM1,$SESSION4,$CLASS11PRODUCT1,2,TRUE,TRUE,Comment
QUOTECANCEL,$MM1,$SESSION1,$CLASS1PRODUCT1,2,TRUE,TRUE,Comment
QUOTECANCELVERIFICATION,$MM1,$SESSION1,$CLASS1PRODUCT1,2,TRUE,TRUE,Comment
CLEARALLPARCALLBACKS,$PAR1
CANCELALLPARORDERS,$PAR1,$MM1,TRUE,TRUE,Comment
VERIFYCOMPLEXPARORDER,$PAR1,$MM1,$MM1EXECFIRM,ABC,GYF,9825,*,8.82,C,1,2,Y,Y,N,Y,-,0.00,0.00,10000,S,0,0,100,50000,0.00,0.00,100,B,0,0,1,500,FALSE,TRUE,Comment

COMMENT, Test Case 13:Inbound CPS Order from PAR trades Full Q-ty only with the resting CUSTOMER CPS Orders in COB through Multiple Price Points. CONDITION:CUSTOMER Complex Order is at BETTER price than DSM
CLEARALLCALLBACKS,$MM1
PRODUCTSTATEQUERY,$SA1,$SESSION4,$CLASS11PRODUCT1,4,TRUE,TRUE,Comment
PRODUCTSTATEQUERY,$SA1,$SESSION1,$CLASS1PRODUCT1,4,TRUE,TRUE,Comment
TOPOFBOOKVERIFICATION,$MM1,$SESSION4,$CLASS11PRODUCT1,0,1,0,00,0,1,0,00,TRUE,TRUE,Comment
TOPOFBOOKVERIFICATION,$MM1,$SESSION1,$CLASS1PRODUCT1,0,1,0,00,0,1,0,00,TRUE,TRUE,Comment
QUOTE,$MM1,2,10,00,10000,2,10,20,10000,$CLASS11PRODUCT1,$SESSION4,User Assigned Id..,TRUE,TRUE,Comment
PAUSE,1000
CURRENTMARKETV3BESTMARKETQUERY,$MM1,$SESSION4,$CLASS11PRODUCT1,10000,2,10,00,10000,2,10,20,TRUE,TRUE,Comment
QUOTE,$MM1,2,1,00,100,2,1,20,100,$CLASS1PRODUCT1,$SESSION1,User Assigned Id..,TRUE,TRUE,Comment
PAUSE,1000
CURRENTMARKETV4BESTMARKETQUERY,$MM1,CBOE,$CLASS1PRODUCT1,100,2,1,00,100,2,1,20,TRUE,TRUE,Comment
SETPRODUCTSTATEBYPRODUCT,$SA1,$SESSION1,$STRATEGY1,$STRATEGYCLASS1,1,TRUE,TRUE,Comment
PRODUCTSTATEQUERY,$SA1,$SESSION1,$STRATEGY1,1,TRUE,TRUE,Comment
SETPRODUCTSTATEBYPRODUCT,$SA1,$SESSION1,$STRATEGY1,$STRATEGYCLASS1,2,TRUE,TRUE,Comment
PRODUCTSTATEQUERY,$SA1,$SESSION1,$STRATEGY1,2,TRUE,TRUE,Comment
SETPRODUCTSTATEBYPRODUCT,$SA1,$SESSION1,$STRATEGY1,$STRATEGYCLASS1,3,TRUE,TRUE,Comment
PRODUCTSTATEQUERY,$SA1,$SESSION1,$STRATEGY1,3,TRUE,TRUE,Comment
SETPRODUCTSTATEBYPRODUCT,$SA1,$SESSION1,$STRATEGY1,$STRATEGYCLASS1,4,TRUE,TRUE,Comment
PRODUCTSTATEQUERY,$SA1,$SESSION1,$STRATEGY1,4,TRUE,TRUE,Comment
STRATEGYORDER,$MM1,$MM1EXCHANGE,$MM1EXECFIRM,LUJ,7316,ABC,*,$MM1EXCHANGE,$MM1,100,$STRATEGY1,D,2,-8,90,D,21/12/2003 6:00:00.0,1,1,0,00,0,-,-,-,$MM1,$MM1,C,FALSE,C,U,0,-,-,$SESSION1,2,$CLASS11PRODUCT1,$MM1EXCHANGE,$MM1EXECFIRM,C,C,$CLASS1PRODUCT1,$MM1EXCHANGE,$MM1EXECFIRM,C,C,TRUE,TRUE,This is the Strategy order: BA:250
PAUSE,1000
TOPOFBOOKVERIFICATION,$MM1,$SESSION1,$STRATEGY1,100,2,-8,90,0,1,0,00,TRUE,TRUE,Comment
STRATEGYORDER,$MM1,$MM1EXCHANGE,$MM1EXECFIRM,UXC,2110,ABC,*,$MM1EXCHANGE,$MM1,100,$STRATEGY1,D,2,-8,85,D,21/12/2003 6:00:00.0,1,1,0,00,0,-,-,-,$MM1,$MM1,C,FALSE,C,U,0,-,-,$SESSION1,2,$CLASS11PRODUCT1,$MM1EXCHANGE,$MM1EXECFIRM,C,C,$CLASS1PRODUCT1,$MM1EXCHANGE,$MM1EXECFIRM,C,C,TRUE,TRUE,This is the Strategy order: BA:251
PAUSE,1000
RFPQUERY,$MM1,$SESSION1,$STRATEGY1,$AUCTION251,U,100,1,0,00,FALSE,TRUE,Comment
TOPOFBOOKVERIFICATION,$MM1,$SESSION1,$STRATEGY1,100,2,-8,90,0,1,0,00,TRUE,TRUE,Comment
STRATEGYORDER,$MM1,$MM1EXCHANGE,$MM1EXECFIRM,BPH,1327,ABC,*,$MM1EXCHANGE,$MM1,100,$STRATEGY1,D,2,-8,85,D,21/12/2003 6:00:00.0,1,1,0,00,0,-,-,-,$MM1,$MM1,C,FALSE,F,U,0,-,-,$SESSION1,2,$CLASS11PRODUCT1,$MM1EXCHANGE,$MM1EXECFIRM,C,C,$CLASS1PRODUCT1,$MM1EXCHANGE,$MM1EXECFIRM,C,C,TRUE,TRUE,This is the Strategy order: BA:252
PAUSE,1000
TOPOFBOOKVERIFICATION,$MM1,$SESSION1,$STRATEGY1,100,2,-8,90,0,1,0,00,TRUE,TRUE,Comment
STRATEGYORDER,$MM1,$MM1EXCHANGE,$MM1EXECFIRM,FTG,5758,ABC,*,$MM1EXCHANGE,$MM1,10,$STRATEGY1,O,2,8,70,D,21/12/2003 6:00:00.0,1,1,0,00,0,-,-,BARTID=$WORKSTATION1,$MM1,$MM1,C,FALSE,BD,U,0,-,-,$SESSION1,2,$CLASS11PRODUCT1,$MM1EXCHANGE,$MM1EXECFIRM,C,C,$CLASS1PRODUCT1,$MM1EXCHANGE,$MM1EXECFIRM,C,C,TRUE,TRUE,This is the Strategy order: BA:253
PAUSE,10000
VERIFYCOMPLEXPARORDER,$PAR1,$MM1,$MM1EXECFIRM,ABC,FTG,5758,*,8.70,C,1,2,Y,Y,N,Y,-,0.00,0.00,1000,S,0,0,100,1000,1.00,1.20,10,B,100,100,1,10,TRUE,TRUE,Comment
STRATEGYORDER,$MM1,$MM1EXCHANGE,$MM1EXECFIRM,PUQ,8630,ABC,*,$MM1EXCHANGE,$MM1,190,$STRATEGY1,O,2,8,70,D,21/12/2003 6:00:00.0,1,1,0,00,0,-,-,BARTID=$WORKSTATION1,$MM1,$MM1,C,FALSE,BD,U,0,-,-,$SESSION1,2,$CLASS11PRODUCT1,$MM1EXCHANGE,$MM1EXECFIRM,C,C,$CLASS1PRODUCT1,$MM1EXCHANGE,$MM1EXECFIRM,C,C,TRUE,TRUE,This is the Strategy order: BA:254
PAUSE,10000
VERIFYCOMPLEXPARORDER,$PAR1,$MM1,$MM1EXECFIRM,ABC,PUQ,8630,*,8.70,C,1,2,Y,Y,N,Y,-,0.00,0.00,19000,S,0,0,100,19000,1.00,1.20,190,B,100,100,1,190,TRUE,TRUE,Comment
PARCOMPLEXORDERTRADEWITHBOOKREQ,$PAR1,$MM1,$MM1EXECFIRM,ABC,FTG,5758,*,*,C,8.70,2,1000,10,Y,TRUE,TRUE,Comment
PAUSE,10000
LASTSALEQUERY,$MM1,$SESSION1,$STRATEGY1,2,-8,90,10,TRUE,TRUE,Comment
TOPOFBOOKVERIFICATION,$MM1,$SESSION1,$STRATEGY1,90,2,-8,90,0,1,0,00,TRUE,TRUE,Comment
PARCOMPLEXORDERTRADEWITHBOOKREQ,$PAR1,$MM1,$MM1EXECFIRM,ABC,PUQ,8630,*,*,C,8.70,2,19000,190,Y,TRUE,TRUE,Comment
PAUSE,1000
LASTSALEQUERY,$MM1,$SESSION1,$STRATEGY1,2,-8,85,100,TRUE,TRUE,Comment
TOPOFBOOKVERIFICATION,$MM1,$SESSION4,$CLASS11PRODUCT1,10000,2,10,00,10000,2,10,20,TRUE,TRUE,Comment
TOPOFBOOKVERIFICATION,$MM1,$SESSION1,$CLASS1PRODUCT1,100,2,1,00,100,2,1,20,TRUE,TRUE,Comment
CLEARALLPARCALLBACKS,$PAR1
TOPOFBOOKVERIFICATION,$MM1,$SESSION1,$STRATEGY1,100,2,-8,85,0,1,0,00,TRUE,TRUE,Comment
CLEARALLPARCALLBACKS,$PAR1
PAUSE,1000
VERIFYCOMPLEXPARORDER,$PAR1,$MM1,$MM1EXECFIRM,ABC,FTG,5758,*,8.70,C,1,2,Y,Y,N,Y,-,0.00,0.00,1000,S,0,0,100,1000,1.00,1.20,10,B,100,100,1,10,FALSE,TRUE,Comment
VERIFYCOMPLEXPARORDER,$PAR1,$MM1,$MM1EXECFIRM,ABC,PUQ,8630,*,8.70,C,1,2,Y,Y,N,Y,-,0.00,0.00,19000,S,0,0,100,19000,1.00,1.20,190,B,100,100,1,190,FALSE,TRUE,Comment
QUOTECANCEL,$MM1,$SESSION4,$CLASS11PRODUCT1,2,TRUE,TRUE,Comment
QUOTECANCELVERIFICATION,$MM1,$SESSION4,$CLASS11PRODUCT1,2,TRUE,TRUE,Comment
QUOTECANCEL,$MM1,$SESSION1,$CLASS1PRODUCT1,2,TRUE,TRUE,Comment
QUOTECANCELVERIFICATION,$MM1,$SESSION1,$CLASS1PRODUCT1,2,TRUE,TRUE,Comment
ORDERCANCELBYIDNOWAIT,$MM1,$MM1EXCHANGE,$MM1EXECFIRM,BPH,1327,ABC,*,100,$SESSION1,1,TRUE,TRUE,Comment
ORDERCANCELVERIFICATION,$MM1,$MM1EXCHANGE,$MM1EXECFIRM,BPH,1327,ABC,*,$SESSION1,$STRATEGY1,2,100,TRUE,TRUE,Comment
TOPOFBOOKVERIFICATION,$MM1,$SESSION1,$STRATEGY1,0,1,0,00,0,1,0,00,TRUE,TRUE,Comment

COMMENT, Test Case 14:Inbound CPS Order from PAR trades Partial Q-ty only with the resting CUSTOMER CPS Orders in COB at Multiple Price Points. The remaining Q-ty is routed back to PAR. CONDITION:CUSTOMER Complex Order is at BETTER price than DSM
CLEARALLCALLBACKS,$MM1
PRODUCTSTATEQUERY,$SA1,$SESSION4,$CLASS11PRODUCT1,4,TRUE,TRUE,Comment
PRODUCTSTATEQUERY,$SA1,$SESSION1,$CLASS1PRODUCT1,4,TRUE,TRUE,Comment
TOPOFBOOKVERIFICATION,$MM1,$SESSION4,$CLASS11PRODUCT1,0,1,0,00,0,1,0,00,TRUE,TRUE,Comment
TOPOFBOOKVERIFICATION,$MM1,$SESSION1,$CLASS1PRODUCT1,0,1,0,00,0,1,0,00,TRUE,TRUE,Comment
QUOTE,$MM1,2,10,00,10000,2,10,20,10000,$CLASS11PRODUCT1,$SESSION4,User Assigned Id..,TRUE,TRUE,Comment
PAUSE,1000
CURRENTMARKETV3BESTMARKETQUERY,$MM1,$SESSION4,$CLASS11PRODUCT1,10000,2,10,00,10000,2,10,20,TRUE,TRUE,Comment
QUOTE,$MM1,2,1,00,100,2,1,20,100,$CLASS1PRODUCT1,$SESSION1,User Assigned Id..,TRUE,TRUE,Comment
PAUSE,1000
CURRENTMARKETV4BESTMARKETQUERY,$MM1,CBOE,$CLASS1PRODUCT1,100,2,1,00,100,2,1,20,TRUE,TRUE,Comment
SETPRODUCTSTATEBYPRODUCT,$SA1,$SESSION1,$STRATEGY1,$STRATEGYCLASS1,1,TRUE,TRUE,Comment
PRODUCTSTATEQUERY,$SA1,$SESSION1,$STRATEGY1,1,TRUE,TRUE,Comment
SETPRODUCTSTATEBYPRODUCT,$SA1,$SESSION1,$STRATEGY1,$STRATEGYCLASS1,2,TRUE,TRUE,Comment
PRODUCTSTATEQUERY,$SA1,$SESSION1,$STRATEGY1,2,TRUE,TRUE,Comment
SETPRODUCTSTATEBYPRODUCT,$SA1,$SESSION1,$STRATEGY1,$STRATEGYCLASS1,3,TRUE,TRUE,Comment
PRODUCTSTATEQUERY,$SA1,$SESSION1,$STRATEGY1,3,TRUE,TRUE,Comment
SETPRODUCTSTATEBYPRODUCT,$SA1,$SESSION1,$STRATEGY1,$STRATEGYCLASS1,4,TRUE,TRUE,Comment
PRODUCTSTATEQUERY,$SA1,$SESSION1,$STRATEGY1,4,TRUE,TRUE,Comment
STRATEGYORDER,$MM1,$MM1EXCHANGE,$MM1EXECFIRM,VIV,9862,ABC,*,$MM1EXCHANGE,$MM1,100,$STRATEGY1,D,2,-9,00,D,21/12/2003 6:00:00.0,1,1,0,00,0,-,-,-,$MM1,$MM1,C,FALSE,C,U,0,-,-,$SESSION1,2,$CLASS11PRODUCT1,$MM1EXCHANGE,$MM1EXECFIRM,C,C,$CLASS1PRODUCT1,$MM1EXCHANGE,$MM1EXECFIRM,C,C,TRUE,TRUE,This is the Strategy order: BA:249
PAUSE,1000
TOPOFBOOKVERIFICATION,$MM1,$SESSION1,$STRATEGY1,100,2,-9,00,0,1,0,00,TRUE,TRUE,Comment
STRATEGYORDER,$MM1,$MM1EXCHANGE,$MM1EXECFIRM,QAC,5892,ABC,*,$MM1EXCHANGE,$MM1,100,$STRATEGY1,D,2,-8,90,D,21/12/2003 6:00:00.0,1,1,0,00,0,-,-,-,$MM1,$MM1,C,FALSE,C,U,0,-,-,$SESSION1,2,$CLASS11PRODUCT1,$MM1EXCHANGE,$MM1EXECFIRM,C,C,$CLASS1PRODUCT1,$MM1EXCHANGE,$MM1EXECFIRM,C,C,TRUE,TRUE,This is the Strategy order: BA:250
PAUSE,1000
TOPOFBOOKVERIFICATION,$MM1,$SESSION1,$STRATEGY1,100,2,-9,00,0,1,0,00,TRUE,TRUE,Comment
STRATEGYORDER,$MM1,$MM1EXCHANGE,$MM1EXECFIRM,KYT,9536,ABC,*,$MM1EXCHANGE,$MM1,500,$STRATEGY1,O,2,8,70,D,21/12/2003 6:00:00.0,1,1,0,00,0,-,-,BARTID=$WORKSTATION1,$MM1,$MM1,C,FALSE,BD,U,0,-,-,$SESSION1,2,$CLASS11PRODUCT1,$MM1EXCHANGE,$MM1EXECFIRM,C,C,$CLASS1PRODUCT1,$MM1EXCHANGE,$MM1EXECFIRM,C,C,TRUE,TRUE,This is the Strategy order: BA:253
PAUSE,10000
VERIFYCOMPLEXPARORDER,$PAR1,$MM1,$MM1EXECFIRM,ABC,KYT,9536,*,8.70,C,1,2,Y,Y,N,Y,-,0.00,0.00,50000,S,0,0,100,50000,1.00,1.20,500,B,100,100,1,500,TRUE,TRUE,Comment
PARCOMPLEXORDERTRADEWITHBOOKREQ,$PAR1,$MM1,$MM1EXECFIRM,ABC,KYT,9536,*,*,C,8.70,2,50000,500,Y,TRUE,TRUE,Comment
PAUSE,10000
LASTSALEQUERY,$MM1,$SESSION1,$STRATEGY1,2,-8,90,100,TRUE,TRUE,Comment
TOPOFBOOKVERIFICATION,$MM1,$SESSION1,$STRATEGY1,0,1,0,00,0,1,0,00,TRUE,TRUE,Comment
VERIFYCOMPLEXPARORDER,$PAR1,$MM1,$MM1EXECFIRM,ABC,KYT,9536,*,8.70,C,1,2,Y,Y,N,Y,-,0.00,0.00,30000,S,0,0,100,50000,1.00,1.20,300,B,100,100,1,500,TRUE,TRUE,Comment
TOPOFBOOKVERIFICATION,$MM1,$SESSION4,$CLASS11PRODUCT1,10000,2,10,00,10000,2,10,20,TRUE,TRUE,Comment
TOPOFBOOKVERIFICATION,$MM1,$SESSION1,$CLASS1PRODUCT1,100,2,1,00,100,2,1,20,TRUE,TRUE,Comment
QUOTECANCEL,$MM1,$SESSION4,$CLASS11PRODUCT1,2,TRUE,TRUE,Comment
QUOTECANCELVERIFICATION,$MM1,$SESSION4,$CLASS11PRODUCT1,2,TRUE,TRUE,Comment
QUOTECANCEL,$MM1,$SESSION1,$CLASS1PRODUCT1,2,TRUE,TRUE,Comment
QUOTECANCELVERIFICATION,$MM1,$SESSION1,$CLASS1PRODUCT1,2,TRUE,TRUE,Comment
CLEARALLPARCALLBACKS,$PAR1
CANCELALLPARORDERS,$PAR1,$MM1,TRUE,TRUE,Comment
VERIFYCOMPLEXPARORDER,$PAR1,$MM1,$MM1EXECFIRM,ABC,KYT,9536,*,8.70,C,1,2,Y,Y,N,Y,-,0.00,0.00,30000,S,0,0,100,50000,0.00,0.00,300,B,100,0,1,500,FALSE,TRUE,Comment

COMMENT, Test Case 15:Inbound Complex Order from PAR trades Full Q-ty only with the resting CUSTOMER Complex Orders in COB at Multiple Price Points. CONDITION:CUSTOMER Complex Order is at EQUAL price to DSM
CLEARALLCALLBACKS,$MM1
PRODUCTSTATEQUERY,$SA1,$SESSION4,$CLASS11PRODUCT1,4,TRUE,TRUE,Comment
PRODUCTSTATEQUERY,$SA1,$SESSION1,$CLASS1PRODUCT1,4,TRUE,TRUE,Comment
TOPOFBOOKVERIFICATION,$MM1,$SESSION4,$CLASS11PRODUCT1,0,1,0,00,0,1,0,00,TRUE,TRUE,Comment
TOPOFBOOKVERIFICATION,$MM1,$SESSION1,$CLASS1PRODUCT1,0,1,0,00,0,1,0,00,TRUE,TRUE,Comment
QUOTE,$MM1,2,10,00,10000,2,10,20,10000,$CLASS11PRODUCT1,$SESSION4,User Assigned Id..,TRUE,TRUE,Comment
PAUSE,1000
CURRENTMARKETV3BESTMARKETQUERY,$MM1,$SESSION4,$CLASS11PRODUCT1,10000,2,10,00,10000,2,10,20,TRUE,TRUE,Comment
QUOTE,$MM1,2,1,00,100,2,1,20,100,$CLASS1PRODUCT1,$SESSION1,User Assigned Id..,TRUE,TRUE,Comment
PAUSE,1000
SETPRODUCTSTATEBYPRODUCT,$SA1,$SESSION1,$STRATEGY1,$STRATEGYCLASS1,1,TRUE,TRUE,Comment
PRODUCTSTATEQUERY,$SA1,$SESSION1,$STRATEGY1,1,TRUE,TRUE,Comment
SETPRODUCTSTATEBYPRODUCT,$SA1,$SESSION1,$STRATEGY1,$STRATEGYCLASS1,2,TRUE,TRUE,Comment
PRODUCTSTATEQUERY,$SA1,$SESSION1,$STRATEGY1,2,TRUE,TRUE,Comment
SETPRODUCTSTATEBYPRODUCT,$SA1,$SESSION1,$STRATEGY1,$STRATEGYCLASS1,3,TRUE,TRUE,Comment
PRODUCTSTATEQUERY,$SA1,$SESSION1,$STRATEGY1,3,TRUE,TRUE,Comment
SETPRODUCTSTATEBYPRODUCT,$SA1,$SESSION1,$STRATEGY1,$STRATEGYCLASS1,4,TRUE,TRUE,Comment
PRODUCTSTATEQUERY,$SA1,$SESSION1,$STRATEGY1,4,TRUE,TRUE,Comment
STRATEGYORDER,$MM1,$MM1EXCHANGE,$MM1EXECFIRM,DII,6558,ABC,*,$MM1EXCHANGE,$MM1,200,$STRATEGY1,D,2,-8,90,D,21/12/2003 6:00:00.0,1,1,0,00,0,-,-,-,$MM1,$MM1,C,FALSE,C,U,0,-,-,$SESSION1,2,$CLASS11PRODUCT1,$MM1EXCHANGE,$MM1EXECFIRM,C,C,$CLASS1PRODUCT1,$MM1EXCHANGE,$MM1EXECFIRM,C,C,TRUE,TRUE,This is the Strategy order: BA:249
PAUSE,1000
TOPOFBOOKVERIFICATION,$MM1,$SESSION1,$STRATEGY1,200,2,-8,90,0,1,0,00,TRUE,TRUE,Comment
STRATEGYORDER,$MM1,$MM1EXCHANGE,$MM1EXECFIRM,BOS,5594,ABC,*,$MM1EXCHANGE,$MM1,200,$STRATEGY1,D,2,-8,82,D,21/12/2003 6:00:00.0,1,1,0,00,0,-,-,-,$MM1,$MM1,C,FALSE,C,U,0,-,-,$SESSION1,2,$CLASS11PRODUCT1,$MM1EXCHANGE,$MM1EXECFIRM,C,C,$CLASS1PRODUCT1,$MM1EXCHANGE,$MM1EXECFIRM,C,C,TRUE,TRUE,This is the Strategy order: BA:250
PAUSE,1000
TOPOFBOOKVERIFICATION,$MM1,$SESSION1,$STRATEGY1,200,2,-8,90,0,1,0,00,TRUE,TRUE,Comment
STRATEGYORDER,$MM1,$MM1EXCHANGE,$MM1EXECFIRM,MUB,5959,ABC,*,$MM1EXCHANGE,$MM1,400,$STRATEGY1,O,2,8,82,D,21/12/2003 6:00:00.0,1,1,0,00,0,-,-,BARTID=$WORKSTATION1,$MM1,$MM1,C,FALSE,BD,U,0,-,-,$SESSION1,2,$CLASS11PRODUCT1,$MM1EXCHANGE,$MM1EXECFIRM,C,C,$CLASS1PRODUCT1,$MM1EXCHANGE,$MM1EXECFIRM,C,C,TRUE,TRUE,This is the Strategy order: BA:253
PAUSE,10000
VERIFYCOMPLEXPARORDER,$PAR1,$MM1,$MM1EXECFIRM,ABC,MUB,5959,*,8.82,C,1,2,Y,Y,N,Y,-,0.00,0.00,40000,S,0,0,100,40000,1.00,1.20,400,B,100,100,1,400,TRUE,TRUE,Comment
PARCOMPLEXORDERTRADEWITHBOOKREQ,$PAR1,$MM1,$MM1EXECFIRM,ABC,MUB,5959,*,*,C,8.82,2,40000,400,Y,TRUE,TRUE,Comment
PAUSE,10000
LASTSALEQUERY,$MM1,$SESSION1,$STRATEGY1,2,-8,82,200,TRUE,TRUE,Comment
TOPOFBOOKVERIFICATION,$MM1,$SESSION1,$STRATEGY1,0,1,0,00,0,1,0,00,TRUE,TRUE,Comment
TOPOFBOOKVERIFICATION,$MM1,$SESSION4,$CLASS11PRODUCT1,10000,2,10,00,10000,2,10,20,TRUE,TRUE,Comment
TOPOFBOOKVERIFICATION,$MM1,$SESSION1,$CLASS1PRODUCT1,100,2,1,00,100,2,1,20,TRUE,TRUE,Comment
CLEARALLPARCALLBACKS,$PAR1
PAUSE,1000
VERIFYCOMPLEXPARORDER,$PAR1,$MM1,$MM1EXECFIRM,ABC,MUB,5959,*,8.82,C,1,2,Y,Y,N,Y,-,0.00,0.00,40000,S,0,0,100,40000,1.00,1.20,400,B,100,100,1,400,FALSE,TRUE,Comment
QUOTECANCEL,$MM1,$SESSION4,$CLASS11PRODUCT1,2,TRUE,TRUE,Comment
QUOTECANCELVERIFICATION,$MM1,$SESSION4,$CLASS11PRODUCT1,2,TRUE,TRUE,Comment
QUOTECANCEL,$MM1,$SESSION1,$CLASS1PRODUCT1,2,TRUE,TRUE,Comment
QUOTECANCELVERIFICATION,$MM1,$SESSION1,$CLASS1PRODUCT1,2,TRUE,TRUE,Comment

COMMENT, Test Case 16:Inbound Complex Order from PAR trades Partial Q-ty only with the resting CUSTOMER Complex Orders in COB at Multiple Price Points. The remaining Q-ty is routed back to PAR. CONDITION:CUSTOMER Complex Order is at EQUAL price to DSM
CLEARALLCALLBACKS,$MM1
PRODUCTSTATEQUERY,$SA1,$SESSION4,$CLASS11PRODUCT1,4,TRUE,TRUE,Comment
PRODUCTSTATEQUERY,$SA1,$SESSION1,$CLASS1PRODUCT1,4,TRUE,TRUE,Comment
TOPOFBOOKVERIFICATION,$MM1,$SESSION4,$CLASS11PRODUCT1,0,1,0,00,0,1,0,00,TRUE,TRUE,Comment
TOPOFBOOKVERIFICATION,$MM1,$SESSION1,$CLASS1PRODUCT1,0,1,0,00,0,1,0,00,TRUE,TRUE,Comment
QUOTE,$MM1,2,10,00,10000,2,10,20,10000,$CLASS11PRODUCT1,$SESSION4,User Assigned Id..,TRUE,TRUE,Comment
PAUSE,1000
CURRENTMARKETV3BESTMARKETQUERY,$MM1,$SESSION4,$CLASS11PRODUCT1,10000,2,10,00,10000,2,10,20,TRUE,TRUE,Comment
QUOTE,$MM1,2,1,00,100,2,1,20,100,$CLASS1PRODUCT1,$SESSION1,User Assigned Id..,TRUE,TRUE,Comment
PAUSE,1000
CURRENTMARKETV4BESTMARKETQUERY,$MM1,CBOE,$CLASS1PRODUCT1,100,2,1,00,100,2,1,20,TRUE,TRUE,Comment
SETPRODUCTSTATEBYPRODUCT,$SA1,$SESSION1,$STRATEGY1,$STRATEGYCLASS1,1,TRUE,TRUE,Comment
PRODUCTSTATEQUERY,$SA1,$SESSION1,$STRATEGY1,1,TRUE,TRUE,Comment
SETPRODUCTSTATEBYPRODUCT,$SA1,$SESSION1,$STRATEGY1,$STRATEGYCLASS1,2,TRUE,TRUE,Comment
PRODUCTSTATEQUERY,$SA1,$SESSION1,$STRATEGY1,2,TRUE,TRUE,Comment
SETPRODUCTSTATEBYPRODUCT,$SA1,$SESSION1,$STRATEGY1,$STRATEGYCLASS1,3,TRUE,TRUE,Comment
PRODUCTSTATEQUERY,$SA1,$SESSION1,$STRATEGY1,3,TRUE,TRUE,Comment
SETPRODUCTSTATEBYPRODUCT,$SA1,$SESSION1,$STRATEGY1,$STRATEGYCLASS1,4,TRUE,TRUE,Comment
PRODUCTSTATEQUERY,$SA1,$SESSION1,$STRATEGY1,4,TRUE,TRUE,Comment
STRATEGYORDER,$MM1,$MM1EXCHANGE,$MM1EXECFIRM,GZM,3442,ABC,*,$MM1EXCHANGE,$MM1,200,$STRATEGY1,D,2,-8,82,D,21/12/2003 6:00:00.0,1,1,0,00,0,-,-,-,$MM1,$MM1,C,FALSE,F,U,0,-,-,$SESSION1,2,$CLASS11PRODUCT1,$MM1EXCHANGE,$MM1EXECFIRM,C,C,$CLASS1PRODUCT1,$MM1EXCHANGE,$MM1EXECFIRM,C,C,TRUE,TRUE,This is the Strategy order: BA:249
PAUSE,1000
TOPOFBOOKVERIFICATION,$MM1,$SESSION1,$STRATEGY1,200,2,-8,82,0,1,0,00,TRUE,TRUE,Comment
STRATEGYORDER,$MM1,$MM1EXCHANGE,$MM1EXECFIRM,FFR,7673,ABC,*,$MM1EXCHANGE,$MM1,200,$STRATEGY1,D,2,-8,82,D,21/12/2003 6:00:00.0,1,1,0,00,0,-,-,-,$MM1,$MM1,C,FALSE,C,U,0,-,-,$SESSION1,2,$CLASS11PRODUCT1,$MM1EXCHANGE,$MM1EXECFIRM,C,C,$CLASS1PRODUCT1,$MM1EXCHANGE,$MM1EXECFIRM,C,C,TRUE,TRUE,This is the Strategy order: BA:250
PAUSE,1000
TOPOFBOOKVERIFICATION,$MM1,$SESSION1,$STRATEGY1,400,2,-8,82,0,1,0,00,TRUE,TRUE,Comment
STRATEGYORDER,$MM1,$MM1EXCHANGE,$MM1EXECFIRM,BGU,5907,ABC,*,$MM1EXCHANGE,$MM1,200,$STRATEGY1,D,2,-8,90,D,21/12/2003 6:00:00.0,1,1,0,00,0,-,-,-,$MM1,$MM1,C,FALSE,C,U,0,-,-,$SESSION1,2,$CLASS11PRODUCT1,$MM1EXCHANGE,$MM1EXECFIRM,C,C,$CLASS1PRODUCT1,$MM1EXCHANGE,$MM1EXECFIRM,C,C,TRUE,TRUE,This is the Strategy order: BA:251
PAUSE,1000
TOPOFBOOKVERIFICATION,$MM1,$SESSION1,$STRATEGY1,200,2,-8,90,0,1,0,00,TRUE,TRUE,Comment
STRATEGYORDER,$MM1,$MM1EXCHANGE,$MM1EXECFIRM,KXH,7122,ABC,*,$MM1EXCHANGE,$MM1,600,$STRATEGY1,O,2,8,82,D,21/12/2003 6:00:00.0,1,1,0,00,0,-,-,BARTID=$WORKSTATION1,$MM1,$MM1,C,FALSE,BD,U,0,-,-,$SESSION1,2,$CLASS11PRODUCT1,$MM1EXCHANGE,$MM1EXECFIRM,C,C,$CLASS1PRODUCT1,$MM1EXCHANGE,$MM1EXECFIRM,C,C,TRUE,TRUE,This is the Strategy order: BA:253
PAUSE,1000
VERIFYCOMPLEXPARORDER,$PAR1,$MM1,$MM1EXECFIRM,ABC,KXH,7122,*,8.82,C,1,2,Y,Y,N,Y,-,0.00,0.00,60000,S,0,0,100,60000,1.00,1.20,600,B,100,100,1,600,TRUE,TRUE,Comment
PARCOMPLEXORDERTRADEWITHBOOKREQ,$PAR1,$MM1,$MM1EXECFIRM,ABC,KXH,7122,*,*,C,8.82,2,60000,600,Y,TRUE,TRUE,Comment
PAUSE,10000
LASTSALEQUERY,$MM1,$SESSION1,$STRATEGY1,2,-8,82,200,TRUE,TRUE,Comment
TOPOFBOOKVERIFICATION,$MM1,$SESSION1,$STRATEGY1,200,2,-8,82,0,1,0,00,TRUE,TRUE,Comment
TOPOFBOOKVERIFICATION,$MM1,$SESSION4,$CLASS11PRODUCT1,10000,2,10,00,10000,2,10,20,TRUE,TRUE,Comment
TOPOFBOOKVERIFICATION,$MM1,$SESSION1,$CLASS1PRODUCT1,100,2,1,00,100,2,1,20,TRUE,TRUE,Comment
VERIFYCOMPLEXPARORDER,$PAR1,$MM1,$MM1EXECFIRM,ABC,KXH,7122,*,8.82,C,1,2,Y,Y,N,Y,-,0.00,0.00,20000,S,0,0,100,60000,1.00,1.20,200,B,100,100,1,600,TRUE,TRUE,Comment
QUOTECANCEL,$MM1,$SESSION4,$CLASS11PRODUCT1,2,TRUE,TRUE,Comment
QUOTECANCELVERIFICATION,$MM1,$SESSION4,$CLASS11PRODUCT1,2,TRUE,TRUE,Comment
QUOTECANCEL,$MM1,$SESSION1,$CLASS1PRODUCT1,2,TRUE,TRUE,Comment
QUOTECANCELVERIFICATION,$MM1,$SESSION1,$CLASS1PRODUCT1,2,TRUE,TRUE,Comment
CLEARALLPARCALLBACKS,$PAR1
CANCELALLPARORDERS,$PAR1,$MM1,TRUE,TRUE,Comment
VERIFYCOMPLEXPARORDER,$PAR1,$MM1,$MM1EXECFIRM,ABC,KXH,7122,*,8.82,C,1,2,Y,Y,N,Y,-,0.00,0.00,20000,S,0,0,100,60000,0.00,0.00,200,B,0,0,1,600,FALSE,TRUE,Comment
ORDERCANCELBYIDNOWAIT,$MM1,$MM1EXCHANGE,$MM1EXECFIRM,GZM,3442,ABC,*,200,$SESSION1,1,TRUE,TRUE,Comment
ORDERCANCELVERIFICATION,$MM1,$MM1EXCHANGE,$MM1EXECFIRM,GZM,3442,ABC,*,$SESSION1,$STRATEGY1,2,200,TRUE,TRUE,Comment
PAUSE,1000
TOPOFBOOKVERIFICATION,$MM1,$SESSION1,$STRATEGY1,0,1,0,00,0,1,0,00,TRUE,TRUE,Comment

COMMENT, Test Case 17:Inbound Complex Order from PAR trades Full Q-ty only with the resting Customer Complex Orders in COB through FIRST PRICE POINT only. CONDITION:CUSTOMER Complex Order is at BETTER price than DSM. CONDITION:Resting CUSTOMER Complex Order in COB at SECOND PRICE POINT and resting CUSTOMER and NON-CUSTOMER Complex Orders at FIRST PRICE POINT
CLEARALLCALLBACKS,$MM1
PRODUCTSTATEQUERY,$SA1,$SESSION4,$CLASS11PRODUCT1,4,TRUE,TRUE,Comment
PRODUCTSTATEQUERY,$SA1,$SESSION1,$CLASS1PRODUCT1,4,TRUE,TRUE,Comment
TOPOFBOOKVERIFICATION,$MM1,$SESSION4,$CLASS11PRODUCT1,0,1,0,00,0,1,0,00,TRUE,TRUE,Comment
TOPOFBOOKVERIFICATION,$MM1,$SESSION1,$CLASS1PRODUCT1,0,1,0,00,0,1,0,00,TRUE,TRUE,Comment
QUOTE,$MM1,2,10,00,10000,2,10,20,10000,$CLASS11PRODUCT1,$SESSION4,User Assigned Id..,TRUE,TRUE,Comment
PAUSE,1000
CURRENTMARKETV3BESTMARKETQUERY,$MM1,$SESSION4,$CLASS11PRODUCT1,10000,2,10,00,10000,2,10,20,TRUE,TRUE,Comment
QUOTE,$MM1,2,1,00,100,2,1,20,100,$CLASS1PRODUCT1,$SESSION1,User Assigned Id..,TRUE,TRUE,Comment
PAUSE,1000
CURRENTMARKETV4BESTMARKETQUERY,$MM1,CBOE,$CLASS1PRODUCT1,100,2,1,00,100,2,1,20,TRUE,TRUE,Comment
SETPRODUCTSTATEBYPRODUCT,$SA1,$SESSION1,$STRATEGY1,$STRATEGYCLASS1,1,TRUE,TRUE,Comment
PRODUCTSTATEQUERY,$SA1,$SESSION1,$STRATEGY1,1,TRUE,TRUE,Comment
SETPRODUCTSTATEBYPRODUCT,$SA1,$SESSION1,$STRATEGY1,$STRATEGYCLASS1,2,TRUE,TRUE,Comment
PRODUCTSTATEQUERY,$SA1,$SESSION1,$STRATEGY1,2,TRUE,TRUE,Comment
SETPRODUCTSTATEBYPRODUCT,$SA1,$SESSION1,$STRATEGY1,$STRATEGYCLASS1,3,TRUE,TRUE,Comment
PRODUCTSTATEQUERY,$SA1,$SESSION1,$STRATEGY1,3,TRUE,TRUE,Comment
SETPRODUCTSTATEBYPRODUCT,$SA1,$SESSION1,$STRATEGY1,$STRATEGYCLASS1,4,TRUE,TRUE,Comment
PRODUCTSTATEQUERY,$SA1,$SESSION1,$STRATEGY1,4,TRUE,TRUE,Comment
STRATEGYORDER,$MM1,$MM1EXCHANGE,$MM1EXECFIRM,SQC,7228,ABC,*,$MM1EXCHANGE,$MM1,100,$STRATEGY1,O,2,9,10,D,21/12/2003 6:00:00.0,1,1,0,00,0,-,-,-,$MM1,$MM1,C,FALSE,C,U,0,-,-,$SESSION1,2,$CLASS11PRODUCT1,$MM1EXCHANGE,$MM1EXECFIRM,C,C,$CLASS1PRODUCT1,$MM1EXCHANGE,$MM1EXECFIRM,C,C,TRUE,TRUE,This is the Strategy order: BA:249
PAUSE,1000
TOPOFBOOKVERIFICATION,$MM1,$SESSION1,$STRATEGY1,0,1,0,00,100,2,9,10,TRUE,TRUE,Comment
STRATEGYORDER,$MM1,$MM1EXCHANGE,$MM1EXECFIRM,FBX,888,ABC,*,$MM1EXCHANGE,$MM1,100,$STRATEGY1,O,2,9,15,D,21/12/2003 6:00:00.0,1,1,0,00,0,-,-,-,$MM1,$MM1,C,FALSE,C,U,0,-,-,$SESSION1,2,$CLASS11PRODUCT1,$MM1EXCHANGE,$MM1EXECFIRM,C,C,$CLASS1PRODUCT1,$MM1EXCHANGE,$MM1EXECFIRM,C,C,TRUE,TRUE,This is the Strategy order: BA:250
PAUSE,1000
TOPOFBOOKVERIFICATION,$MM1,$SESSION1,$STRATEGY1,0,1,0,00,100,2,9,10,TRUE,TRUE,Comment
STRATEGYORDER,$MM1,$MM1EXCHANGE,$MM1EXECFIRM,FHI,7933,ABC,*,$MM1EXCHANGE,$MM1,100,$STRATEGY1,O,2,9,10,D,21/12/2003 6:00:00.0,1,1,0,00,0,-,-,-,$MM1,$MM1,C,FALSE,F,U,0,-,-,$SESSION1,2,$CLASS11PRODUCT1,$MM1EXCHANGE,$MM1EXECFIRM,C,C,$CLASS1PRODUCT1,$MM1EXCHANGE,$MM1EXECFIRM,C,C,TRUE,TRUE,This is the Strategy order: BA:251
PAUSE,1000
TOPOFBOOKVERIFICATION,$MM1,$SESSION1,$STRATEGY1,0,1,0,00,200,2,9,10,TRUE,TRUE,Comment
STRATEGYORDER,$MM1,$MM1EXCHANGE,$MM1EXECFIRM,EJM,2714,ABC,*,$MM1EXCHANGE,$MM1,100,$STRATEGY1,D,2,-9,20,D,21/12/2003 6:00:00.0,1,1,0,00,0,-,-,BARTID=$WORKSTATION1,$MM1,$MM1,C,FALSE,BD,U,0,-,-,$SESSION1,2,$CLASS11PRODUCT1,$MM1EXCHANGE,$MM1EXECFIRM,C,C,$CLASS1PRODUCT1,$MM1EXCHANGE,$MM1EXECFIRM,C,C,TRUE,TRUE,This is the Strategy order: BA:253
PAUSE,10000
VERIFYCOMPLEXPARORDER,$PAR1,$MM1,$MM1EXECFIRM,ABC,EJM,2714,*,9.20,D,1,2,Y,Y,N,Y,-,0.00,0.00,10000,B,0,0,100,10000,1.00,1.20,100,S,100,100,1,100,TRUE,TRUE,Comment
PARCOMPLEXORDERTRADEWITHBOOKREQ,$PAR1,$MM1,$MM1EXECFIRM,ABC,EJM,2714,*,*,D,9.20,2,10000,100,Y,TRUE,TRUE,Comment
PAUSE,10000
LASTSALEQUERY,$MM1,$SESSION1,$STRATEGY1,2,-9,10,100,TRUE,TRUE,Comment
TOPOFBOOKVERIFICATION,$MM1,$SESSION1,$STRATEGY1,0,1,0,00,100,2,9,10,TRUE,TRUE,Comment
TOPOFBOOKVERIFICATION,$MM1,$SESSION1,$STRATEGY1,0,1,0,00,100,2,9,10,TRUE,TRUE,Comment
TOPOFBOOKVERIFICATION,$MM1,$SESSION4,$CLASS11PRODUCT1,10000,2,10,00,10000,2,10,20,TRUE,TRUE,Comment
TOPOFBOOKVERIFICATION,$MM1,$SESSION1,$CLASS1PRODUCT1,100,2,1,00,100,2,1,20,TRUE,TRUE,Comment
CLEARALLPARCALLBACKS,$PAR1
PAUSE,1000
VERIFYCOMPLEXPARORDER,$PAR1,$MM1,$MM1EXECFIRM,ABC,EJM,2714,*,9.20,D,1,2,Y,Y,N,Y,-,0.00,0.00,10000,B,0,0,100,10000,1.00,1.20,100,S,100,100,1,100,FALSE,TRUE,Comment
QUOTECANCEL,$MM1,$SESSION4,$CLASS11PRODUCT1,2,TRUE,TRUE,Comment
QUOTECANCELVERIFICATION,$MM1,$SESSION4,$CLASS11PRODUCT1,2,TRUE,TRUE,Comment
QUOTECANCEL,$MM1,$SESSION1,$CLASS1PRODUCT1,2,TRUE,TRUE,Comment
QUOTECANCELVERIFICATION,$MM1,$SESSION1,$CLASS1PRODUCT1,2,TRUE,TRUE,Comment
ORDERCANCELBYIDNOWAIT,$MM1,$MM1EXCHANGE,$MM1EXECFIRM,FBX,888,ABC,*,100,$SESSION1,1,TRUE,TRUE,Comment
ORDERCANCELVERIFICATION,$MM1,$MM1EXCHANGE,$MM1EXECFIRM,FBX,888,ABC,*,$SESSION1,$STRATEGY1,2,100,TRUE,TRUE,Comment
ORDERCANCELBYIDNOWAIT,$MM1,$MM1EXCHANGE,$MM1EXECFIRM,FHI,7933,ABC,*,100,$SESSION1,1,TRUE,TRUE,Comment
ORDERCANCELVERIFICATION,$MM1,$MM1EXCHANGE,$MM1EXECFIRM,FHI,7933,ABC,*,$SESSION1,$STRATEGY1,2,100,TRUE,TRUE,Comment
PAUSE,1000
TOPOFBOOKVERIFICATION,$MM1,$SESSION1,$STRATEGY1,0,1,0,00,0,1,0,00,TRUE,TRUE,Comment

COMMENT, Test Case 18:Inbound Complex Order from PAR trades Partial Q-ty only with the resting Customer Complex Orders in COB through FIRST PRICE POINT only. The remaining Q-ty is routed back to PAR. CONDITION:CUSTOMER Complex Order is at BETTER price than DSM. CONDITION:Resting CUSTOMER Complex Order in COB at SECOND PRICE POINT and resting CUSTOMER and NON-CUSTOMER Complex Orders at FIRST PRICE POINT
CLEARALLCALLBACKS,$MM1
PRODUCTSTATEQUERY,$SA1,$SESSION4,$CLASS11PRODUCT1,4,TRUE,TRUE,Comment
PRODUCTSTATEQUERY,$SA1,$SESSION1,$CLASS1PRODUCT1,4,TRUE,TRUE,Comment
TOPOFBOOKVERIFICATION,$MM1,$SESSION4,$CLASS11PRODUCT1,0,1,0,00,0,1,0,00,TRUE,TRUE,Comment
TOPOFBOOKVERIFICATION,$MM1,$SESSION1,$CLASS1PRODUCT1,0,1,0,00,0,1,0,00,TRUE,TRUE,Comment
QUOTE,$MM1,2,10,00,10000,2,10,20,10000,$CLASS11PRODUCT1,$SESSION4,User Assigned Id..,TRUE,TRUE,Comment
PAUSE,1000
CURRENTMARKETV3BESTMARKETQUERY,$MM1,$SESSION4,$CLASS11PRODUCT1,10000,2,10,00,10000,2,10,20,TRUE,TRUE,Comment
QUOTE,$MM1,2,1,00,100,2,1,20,100,$CLASS1PRODUCT1,$SESSION1,User Assigned Id..,TRUE,TRUE,Comment
PAUSE,1000
CURRENTMARKETV4BESTMARKETQUERY,$MM1,CBOE,$CLASS1PRODUCT1,100,2,1,00,100,2,1,20,TRUE,TRUE,Comment
SETPRODUCTSTATEBYPRODUCT,$SA1,$SESSION1,$STRATEGY1,$STRATEGYCLASS1,1,TRUE,TRUE,Comment
PRODUCTSTATEQUERY,$SA1,$SESSION1,$STRATEGY1,1,TRUE,TRUE,Comment
SETPRODUCTSTATEBYPRODUCT,$SA1,$SESSION1,$STRATEGY1,$STRATEGYCLASS1,2,TRUE,TRUE,Comment
PRODUCTSTATEQUERY,$SA1,$SESSION1,$STRATEGY1,2,TRUE,TRUE,Comment
SETPRODUCTSTATEBYPRODUCT,$SA1,$SESSION1,$STRATEGY1,$STRATEGYCLASS1,3,TRUE,TRUE,Comment
PRODUCTSTATEQUERY,$SA1,$SESSION1,$STRATEGY1,3,TRUE,TRUE,Comment
SETPRODUCTSTATEBYPRODUCT,$SA1,$SESSION1,$STRATEGY1,$STRATEGYCLASS1,4,TRUE,TRUE,Comment
PRODUCTSTATEQUERY,$SA1,$SESSION1,$STRATEGY1,4,TRUE,TRUE,Comment
STRATEGYORDER,$MM1,$MM1EXCHANGE,$MM1EXECFIRM,GEM,2835,ABC,*,$MM1EXCHANGE,$MM1,100,$STRATEGY1,O,2,9,10,D,21/12/2003 6:00:00.0,1,1,0,00,0,-,-,-,$MM1,$MM1,C,FALSE,C,U,0,-,-,$SESSION1,2,$CLASS11PRODUCT1,$MM1EXCHANGE,$MM1EXECFIRM,C,C,$CLASS1PRODUCT1,$MM1EXCHANGE,$MM1EXECFIRM,C,C,TRUE,TRUE,This is the Strategy order: BA:249
PAUSE,1000
TOPOFBOOKVERIFICATION,$MM1,$SESSION1,$STRATEGY1,0,1,0,00,100,2,9,10,TRUE,TRUE,Comment
STRATEGYORDER,$MM1,$MM1EXCHANGE,$MM1EXECFIRM,YKO,9674,ABC,*,$MM1EXCHANGE,$MM1,100,$STRATEGY1,O,2,9,15,D,21/12/2003 6:00:00.0,1,1,0,00,0,-,-,-,$MM1,$MM1,C,FALSE,C,U,0,-,-,$SESSION1,2,$CLASS11PRODUCT1,$MM1EXCHANGE,$MM1EXECFIRM,C,C,$CLASS1PRODUCT1,$MM1EXCHANGE,$MM1EXECFIRM,C,C,TRUE,TRUE,This is the Strategy order: BA:250
PAUSE,1000
TOPOFBOOKVERIFICATION,$MM1,$SESSION1,$STRATEGY1,0,1,0,00,100,2,9,10,TRUE,TRUE,Comment
STRATEGYORDER,$MM1,$MM1EXCHANGE,$MM1EXECFIRM,HMY,6870,ABC,*,$MM1EXCHANGE,$MM1,100,$STRATEGY1,O,2,9,10,D,21/12/2003 6:00:00.0,1,1,0,00,0,-,-,-,$MM1,$MM1,C,FALSE,F,U,0,-,-,$SESSION1,2,$CLASS11PRODUCT1,$MM1EXCHANGE,$MM1EXECFIRM,C,C,$CLASS1PRODUCT1,$MM1EXCHANGE,$MM1EXECFIRM,C,C,TRUE,TRUE,This is the Strategy order: BA:251
PAUSE,1000
TOPOFBOOKVERIFICATION,$MM1,$SESSION1,$STRATEGY1,0,1,0,00,200,2,9,10,TRUE,TRUE,Comment
STRATEGYORDER,$MM1,$MM1EXCHANGE,$MM1EXECFIRM,IUP,4487,ABC,*,$MM1EXCHANGE,$MM1,400,$STRATEGY1,D,2,-9,20,D,21/12/2003 6:00:00.0,1,1,0,00,0,-,-,BARTID=$WORKSTATION1,$MM1,$MM1,C,FALSE,BD,U,0,-,-,$SESSION1,2,$CLASS11PRODUCT1,$MM1EXCHANGE,$MM1EXECFIRM,C,C,$CLASS1PRODUCT1,$MM1EXCHANGE,$MM1EXECFIRM,C,C,TRUE,TRUE,This is the Strategy order: BA:253
PAUSE,10000
VERIFYCOMPLEXPARORDER,$PAR1,$MM1,$MM1EXECFIRM,ABC,IUP,4487,*,9.20,D,1,2,Y,Y,N,Y,-,0.00,0.00,40000,B,0,0,100,40000,1.00,1.20,400,S,100,100,1,400,TRUE,TRUE,Comment
PARCOMPLEXORDERTRADEWITHBOOKREQ,$PAR1,$MM1,$MM1EXECFIRM,ABC,IUP,4487,*,*,D,9.20,2,40000,400,Y,TRUE,TRUE,Comment
PAUSE,10000
LASTSALEQUERY,$MM1,$SESSION1,$STRATEGY1,2,-9,10,100,TRUE,TRUE,Comment
TOPOFBOOKVERIFICATION,$MM1,$SESSION1,$STRATEGY1,0,1,0,00,100,2,9,10,TRUE,TRUE,Comment
TOPOFBOOKVERIFICATION,$MM1,$SESSION4,$CLASS11PRODUCT1,10000,2,10,00,10000,2,10,20,TRUE,TRUE,Comment
TOPOFBOOKVERIFICATION,$MM1,$SESSION1,$CLASS1PRODUCT1,100,2,1,00,100,2,1,20,TRUE,TRUE,Comment
VERIFYCOMPLEXPARORDER,$PAR1,$MM1,$MM1EXECFIRM,ABC,IUP,4487,*,9.20,D,1,2,Y,Y,N,Y,-,0.00,0.00,30000,B,0,0,100,40000,1.00,1.20,300,S,100,100,1,400,TRUE,TRUE,Comment
CLEARALLPARCALLBACKS,$PAR1
CANCELALLPARORDERS,$PAR1,$MM1,TRUE,TRUE,Comment
VERIFYCOMPLEXPARORDER,$PAR1,$MM1,$MM1EXECFIRM,ABC,IUP,4487,*,9.20,D,1,2,Y,Y,N,Y,-,0.00,0.00,30000,B,0,0,100,40000,1.00,1.20,300,S,100,100,1,400,FALSE,TRUE,Comment
QUOTECANCEL,$MM1,$SESSION4,$CLASS11PRODUCT1,2,TRUE,TRUE,Comment
QUOTECANCELVERIFICATION,$MM1,$SESSION4,$CLASS11PRODUCT1,2,TRUE,TRUE,Comment
QUOTECANCEL,$MM1,$SESSION1,$CLASS1PRODUCT1,2,TRUE,TRUE,Comment
QUOTECANCELVERIFICATION,$MM1,$SESSION1,$CLASS1PRODUCT1,2,TRUE,TRUE,Comment
ORDERCANCELBYIDNOWAIT,$MM1,$MM1EXCHANGE,$MM1EXECFIRM,HMY,6870,ABC,*,100,$SESSION1,1,TRUE,TRUE,Comment
ORDERCANCELVERIFICATION,$MM1,$MM1EXCHANGE,$MM1EXECFIRM,HMY,6870,ABC,*,$SESSION1,$STRATEGY1,2,100,TRUE,TRUE,Comment
ORDERCANCELBYIDNOWAIT,$MM1,$MM1EXCHANGE,$MM1EXECFIRM,YKO,9674,ABC,*,100,$SESSION1,1,TRUE,TRUE,Comment
ORDERCANCELVERIFICATION,$MM1,$MM1EXCHANGE,$MM1EXECFIRM,YKO,9674,ABC,*,$SESSION1,$STRATEGY1,2,100,TRUE,TRUE,Comment
PAUSE,1000
TOPOFBOOKVERIFICATION,$MM1,$SESSION1,$STRATEGY1,0,1,0,00,0,1,0,00,TRUE,TRUE,Comment
PARLOGOUT,$PAR1,TRUE,TRUE,Comment


COMMENT, Test Case:Cleaning Up Task
TRADERLOGOUT,$MM1,TRUE,TRUE,Comment

SALOGOUT,$SA1,TRUE,TRUE,Comment
ENDPOINT,
PRINTOUTPUTSUMMARY,