TESTSUITENAME,C2_MATCHING_ALGORITHM for COMPLEX_AIM_PART_6 WR 6687_ Test Plan
PRINTOUTPUTHEADING,
STARTPOINT,
SALOGIN,$SA1,$SA1,TRUE,TRUE,Comment


COMMENT, Test Cases:6

COMMENT, Test Environment Setup
SELECTCLASSESANDPRODUCTS,$SA1,$SESSION1,7,1,CLASS,2,PRODUCT,$HYBRIDCLASSLIST1,TRUE,TRUE,Comment
VERIFYSESSIONSTATE,$SA1,$SESSION1,2,TRUE,TRUE,Comment

COMMENT, User Setup
CREATEUSER,$SA1,$MM1,$MM1EXCHANGE,$MM1EXECFIRM,M,1,Automated API $MM1 User,FALSE,TRUE,TRUE,New User for Clearing Firm "939" and Exchange "CBOE2" !
VERIFYUSEREXISTENCE,$SA1,$MM1EXCHANGE,$MM1,M,TRUE,TRUE,TRUE,Comment
CREATEUSER,$SA1,$MM2,$MM2EXCHANGE,$MM2EXECFIRM,M,1,Automated API $MM2 User,FALSE,TRUE,TRUE,New User for Clearing Firm "939" and Exchange "CBOE2" !
VERIFYUSEREXISTENCE,$SA1,$MM2EXCHANGE,$MM2,M,TRUE,TRUE,TRUE,Comment
CREATEUSER,$SA1,$MM3,$MM3EXCHANGE,$MM3EXECFIRM,M,1,Automated API $MM3 User,FALSE,TRUE,TRUE,New User for Clearing Firm "939" and Exchange "CBOE2" !
VERIFYUSEREXISTENCE,$SA1,$MM3EXCHANGE,$MM3,M,TRUE,TRUE,TRUE,Comment
CREATEUSER,$SA1,$MM4,$MM4EXCHANGE,$MM4EXECFIRM,M,1,Automated API $MM4 User,FALSE,TRUE,TRUE,New User for Clearing Firm "939" and Exchange "CBOE2" !
VERIFYUSEREXISTENCE,$SA1,$MM4EXCHANGE,$MM4,M,TRUE,TRUE,TRUE,Comment
CREATEUSER,$SA1,$MM5,$MM5EXCHANGE,$MM5EXECFIRM,M,1,Automated API $MM5 User,FALSE,TRUE,TRUE,New User for Clearing Firm "939" and Exchange "CBOE2" !
VERIFYUSEREXISTENCE,$SA1,$MM5EXCHANGE,$MM5,M,TRUE,TRUE,TRUE,Comment
CREATEUSER,$SA1,$MM6,$MM6EXCHANGE,$MM6EXECFIRM,M,1,Automated API $MM6 User,FALSE,TRUE,TRUE,New User for Clearing Firm "939" and Exchange "CBOE2" !
VERIFYUSEREXISTENCE,$SA1,$MM6EXCHANGE,$MM6,M,TRUE,TRUE,TRUE,Comment
CREATEUSER,$SA1,$MM7,$MM7EXCHANGE,$MM7EXECFIRM,M,1,Automated API $MM7 User,FALSE,TRUE,TRUE,New User for Clearing Firm "939" and Exchange "CBOE2" !
VERIFYUSEREXISTENCE,$SA1,$MM7EXCHANGE,$MM7,M,TRUE,TRUE,TRUE,Comment
TRADERLOGIN,$MM1,$MM1,$CASANDPORT,TRUE,TRUE,Comment
TRADERLOGIN,$MM2,$MM2,$CASANDPORT,TRUE,TRUE,Comment
TRADERLOGIN,$MM3,$MM3,$CASANDPORT,TRUE,TRUE,Comment
TRADERLOGIN,$MM4,$MM4,$CASANDPORT,TRUE,TRUE,Comment
TRADERLOGIN,$MM5,$MM5,$CASANDPORT,TRUE,TRUE,Comment
TRADERLOGIN,$MM6,$MM6,$CASANDPORT,TRUE,TRUE,Comment
TRADERLOGIN,$MM7,$MM7,$CASANDPORT,TRUE,TRUE,Comment

STRATEGYCREATE,$MM1,$SESSION1,$CLASS1,$STRATEGY1,2,$CLASS1PRODUCT1,1,B,$CLASS1PRODUCT2,1,S,TRUE,TRUE,Comment

COMMENT, Trading Property Setup
SETAUCTIONENABLED,$SA1,$SESSION1,$STRATEGYCLASS1,2:true;1:true,TRUE,TRUE,Comment
PAUSE,2000
VERIFYAUCTIONENABLED,$SA1,$SESSION1,$STRATEGYCLASS1,2:true;1:true,TRUE,TRUE,Comment
SETAUCTIONTIMETOLIVE,$SA1,$SESSION1,$STRATEGYCLASS1,1:15000-15000;2:15000-15000,TRUE,TRUE,Comment
PAUSE,2000
VERIFYAUCTIONTIMETOLIVE,$SA1,$SESSION1,$STRATEGYCLASS1,1:15000-15000;2:15000-15000,TRUE,TRUE,Comment
SETALLOWMARKETORDER,$SA1,$SESSION1,$STRATEGYCLASS1,TRUE,TRUE,TRUE,Comment
PAUSE,2000
VERIFYALLOWMARKETORDER,$SA1,$SESSION1,$STRATEGYCLASS1,TRUE,TRUE,TRUE,Comment
SETAUCTIONMINQUOTERS,$SA1,$SESSION1,$STRATEGYCLASS1,1:1;2:1,TRUE,TRUE,Comment
PAUSE,2000
VERIFYAUCTIONMINQUOTERS,$SA1,$SESSION1,$STRATEGYCLASS1,1:1;2:1,TRUE,TRUE,Comment
SETAUCTIONMINMAXORDERSIZE,$SA1,$SESSION1,$STRATEGYCLASS1,1:1-99999;2:1-99999,TRUE,TRUE,Comment
PAUSE,2000
VERIFYAUCTIONMINMAXORDERSIZE,$SA1,$SESSION1,$STRATEGYCLASS1,1:1-99999;2:1-99999,TRUE,TRUE,Comment
SETAUCTIONRECEIVERTYPES,$SA1,$SESSION1,$STRATEGYCLASS1,2:1,TRUE,TRUE,Comment
PAUSE,2000
VERIFYAUCTIONRECEIVERTYPES,$SA1,$SESSION1,$STRATEGYCLASS1,2:1,TRUE,TRUE,Comment
SETEXCHANGEPRESCRIBEDWIDTH,$SA1,$SESSION1,$STRATEGYCLASS1,0.0-3.0:0.5;3.0-10:1.0;10-99999:2.0,TRUE,TRUE,Comment
PAUSE,2000
VERIFYEXCHANGEPRESCRIBEDWIDTH,$SA1,$SESSION1,$STRATEGYCLASS1,0.0-3.0:0.5;3.0-10:1.0;10-99999:2.0,TRUE,TRUE,Comment
SETAUCTIONENABLED,$SA1,$SESSION1,$CLASS1,-8:false;5:false,TRUE,TRUE,Comment
PAUSE,2000
VERIFYAUCTIONENABLED,$SA1,$SESSION1,$CLASS1,-8:false;5:false,TRUE,TRUE,Comment
SETTICKSAWAYFORRECOA,$SA1,$SESSION1,$STRATEGYCLASS1,0,TRUE,TRUE,Comment
PAUSE,2000
VERIFYTICKSAWAYFORRECOA,$SA1,$SESSION1,$STRATEGYCLASS1,0,TRUE,TRUE,Comment
SETNUMBEROFATTEMPTSFORRECOA,$SA1,$SESSION1,$STRATEGYCLASS1,0,TRUE,TRUE,Comment
PAUSE,2000
VERIFYNUMBEROFATTEMPTSFORRECOA,$SA1,$SESSION1,$STRATEGYCLASS1,0,TRUE,TRUE,Comment
SETAUCTIONMINORDERSIZEFORTICKSABOVENBBO,$SA1,$SESSION1,$STRATEGYCLASS1,1:50-1,TRUE,TRUE,Comment
PAUSE,2000
VERIFYAUCTIONMINORDERSIZEFORTICKSABOVENBBO,$SA1,$SESSION1,$STRATEGYCLASS1,1:50-1,TRUE,TRUE,Comment
SETAUCTIONORDERTICKSAWAYFROMNBBO,$SA1,$SESSION1,$STRATEGYCLASS1,2:0;1:0,TRUE,TRUE,Comment
PAUSE,2000
VERIFYAUCTIONORDERTICKSAWAYFROMNBBO,$SA1,$SESSION1,$STRATEGYCLASS1,2:0;1:0,TRUE,TRUE,Comment
SETAUCTIONMINPRICEINCREMENT,$SA1,$SESSION1,$STRATEGYCLASS1,1:0,TRUE,TRUE,Comment
PAUSE,2000
VERIFYAUCTIONMINPRICEINCREMENT,$SA1,$SESSION1,$STRATEGYCLASS1,1:0,TRUE,TRUE,Comment
SETALLOCATIONSTRATEGIES,$SA1,$SESSION1,$STRATEGYCLASS1,5=1;4;30 6=1;4,TRUE,TRUE,Comment
PAUSE,2000
VERIFYALLOCATIONSTRATEGIES,$SA1,$SESSION1,$STRATEGYCLASS1,5=1;4;30 6=1;4,TRUE,TRUE,Comment
PAUSE,2000
REFRESHALLOCATIONSTRATEGYFORCLASS,$SA1,$SESSION1,$STRATEGYCLASS1,TRUE,TRUE,Comment
SETINTERNALIZATIONGUARANTEEDPERCENTAGE,$SA1,$SESSION1,$STRATEGYCLASS1,1:0-1:1.0;1:1-2:0.5;1:2-99999:0.4,TRUE,TRUE,Comment
PAUSE,2000
VERIFYINTERNALIZATIONGUARANTEEDPERCENTAGE,$SA1,$SESSION1,$STRATEGYCLASS1,1:0-1:1.0;1:1-2:0.5;1:2-99999:0.4,TRUE,TRUE,Comment

COMMENT, Routing Property Setup

COMMENT, Pre-Test Settings
SUBSCRIBECURRENTMARKET,$MM1,$SESSION1,$CLASS1,$CLASS1PRODUCT1,TRUE,TRUE,Comment
SUBSCRIBECURRENTMARKET,$MM1,$SESSION1,$CLASS1,$CLASS1PRODUCT2,TRUE,TRUE,Comment
SUBSCRIBEAUCTION,$MM1,$SESSION1,$STRATEGYCLASS1,2,TRUE,TRUE,Comment
SUBSCRIBERECAP,$MM1,$SESSION1,$STRATEGY1,TRUE,TRUE,Comment
SUBSCRIBEAUCTION,$MM1,$SESSION1,$STRATEGYCLASS1,1,TRUE,TRUE,Comment

COMMENT, Test Case 1:INBOUND CUSTOMER COMPLEX ORDER with IOC contingency at price EQUAL to the BEST price on opposite side of PO is CANCELLED. CONDITION:BOTH PO and MO are at LMT price
CLEARALLCALLBACKS,$MM1
SETPRODUCTSTATEBYPRODUCT,$SA1,$SESSION1,$CLASS1PRODUCT1,$CLASS1,1,TRUE,TRUE,Comment
PRODUCTSTATEQUERY,$SA1,$SESSION1,$CLASS1PRODUCT1,1,TRUE,TRUE,Comment
SETPRODUCTSTATEBYPRODUCT,$SA1,$SESSION1,$CLASS1PRODUCT2,$CLASS1,1,TRUE,TRUE,Comment
PRODUCTSTATEQUERY,$SA1,$SESSION1,$CLASS1PRODUCT2,1,TRUE,TRUE,Comment
SETPRODUCTSTATEBYPRODUCT,$SA1,$SESSION1,$CLASS1PRODUCT1,$CLASS1,2,TRUE,TRUE,Comment
PRODUCTSTATEQUERY,$SA1,$SESSION1,$CLASS1PRODUCT1,2,TRUE,TRUE,Comment
SETPRODUCTSTATEBYPRODUCT,$SA1,$SESSION1,$CLASS1PRODUCT2,$CLASS1,2,TRUE,TRUE,Comment
PRODUCTSTATEQUERY,$SA1,$SESSION1,$CLASS1PRODUCT2,2,TRUE,TRUE,Comment
SETPRODUCTSTATEBYPRODUCT,$SA1,$SESSION1,$CLASS1PRODUCT1,$CLASS1,3,TRUE,TRUE,Comment
PRODUCTSTATEQUERY,$SA1,$SESSION1,$CLASS1PRODUCT1,3,TRUE,TRUE,Comment
SETPRODUCTSTATEBYPRODUCT,$SA1,$SESSION1,$CLASS1PRODUCT2,$CLASS1,3,TRUE,TRUE,Comment
PRODUCTSTATEQUERY,$SA1,$SESSION1,$CLASS1PRODUCT2,3,TRUE,TRUE,Comment
SETPRODUCTSTATEBYPRODUCT,$SA1,$SESSION1,$CLASS1PRODUCT1,$CLASS1,4,TRUE,TRUE,Comment
PRODUCTSTATEQUERY,$SA1,$SESSION1,$CLASS1PRODUCT1,4,TRUE,TRUE,Comment
SETPRODUCTSTATEBYPRODUCT,$SA1,$SESSION1,$CLASS1PRODUCT2,$CLASS1,4,TRUE,TRUE,Comment
PRODUCTSTATEQUERY,$SA1,$SESSION1,$CLASS1PRODUCT2,4,TRUE,TRUE,Comment
TOPOFBOOKVERIFICATION,$MM1,$SESSION1,$CLASS1PRODUCT1,0,1,0,00,0,1,0,00,TRUE,TRUE,Comment
TOPOFBOOKVERIFICATION,$MM1,$SESSION1,$CLASS1PRODUCT2,0,1,0,00,0,1,0,00,TRUE,TRUE,Comment
QUOTE,$MM1,2,10,00,100,2,10,20,100,$CLASS1PRODUCT1,$SESSION1,User Assigned Id..,TRUE,TRUE,Comment
PAUSE,1000
CURRENTMARKETV4BESTMARKETQUERY,$MM1,CBOE2,$CLASS1PRODUCT1,100,2,10,00,100,2,10,20,TRUE,TRUE,Comment
QUOTE,$MM1,2,1,00,100,2,1,20,100,$CLASS1PRODUCT2,$SESSION1,User Assigned Id..,TRUE,TRUE,Comment
PAUSE,1000
CURRENTMARKETV4BESTMARKETQUERY,$MM1,CBOE2,$CLASS1PRODUCT2,100,2,1,00,100,2,1,20,TRUE,TRUE,Comment
SETPRODUCTSTATEBYPRODUCT,$SA1,$SESSION1,$STRATEGY1,$STRATEGYCLASS1,1,TRUE,TRUE,Comment
PRODUCTSTATEQUERY,$SA1,$SESSION1,$STRATEGY1,1,TRUE,TRUE,Comment
SETPRODUCTSTATEBYPRODUCT,$SA1,$SESSION1,$STRATEGY1,$STRATEGYCLASS1,2,TRUE,TRUE,Comment
PRODUCTSTATEQUERY,$SA1,$SESSION1,$STRATEGY1,2,TRUE,TRUE,Comment
SETPRODUCTSTATEBYPRODUCT,$SA1,$SESSION1,$STRATEGY1,$STRATEGYCLASS1,3,TRUE,TRUE,Comment
PRODUCTSTATEQUERY,$SA1,$SESSION1,$STRATEGY1,3,TRUE,TRUE,Comment
SETPRODUCTSTATEBYPRODUCT,$SA1,$SESSION1,$STRATEGY1,$STRATEGYCLASS1,4,TRUE,TRUE,Comment
PRODUCTSTATEQUERY,$SA1,$SESSION1,$STRATEGY1,4,TRUE,TRUE,Comment
PAUSE,1000
TOPOFBOOKVERIFICATION,$MM1,$SESSION1,$STRATEGY1,0,1,0,00,0,1,0,00,TRUE,TRUE,Comment
INTERNALIZEDSTRATEGYORDER,$MM2,2,$MM2EXCHANGE,$MM2EXECFIRM,QDV,7227,ABC,*,$MM2EXCHANGE,$MM2,100,$STRATEGY1,D,3,0,00,D,21/12/2003 6:00:00.0,1,1,0,00,0,-,-,-,$MM2,$MM2,C,FALSE,C,U,0,-,-,$SESSION1,$MM2EXCHANGE,$MM2EXECFIRM,QDV,72271,ABC,*,$MM2EXCHANGE,$MM2,100,$STRATEGY1,O,2,9,19,D,21/12/2003 6:00:00.0,1,1,0,00,0,-,-,-,$MM2,$MM2,C,FALSE,F,U,0,-,-,$SESSION1,2,$CLASS1PRODUCT1,$MM2EXCHANGE,$MM2EXECFIRM,C,C,$CLASS1PRODUCT2,$MM2EXCHANGE,$MM2EXECFIRM,C,C,TRUE,TRUE,Comment
PAUSE,1000
RFPQUERY,$MM1,$SESSION1,$STRATEGY1,$AUCTION126,D,100,1,0,00,TRUE,TRUE,Comment
STRATEGYORDER,$MM3,$MM3EXCHANGE,$MM3EXECFIRM,PSH,3679,ABC,*,$MM3EXCHANGE,$MM3,100,$STRATEGY1,O,2,9,19,D,21/12/2003 6:00:00.0,14,1,0,00,0,-,-,$AUCTION126,$MM3,$MM3,C,FALSE,M,U,0,-,-,$SESSION1,2,$CLASS1PRODUCT1,$MM3EXCHANGE,$MM3EXECFIRM,C,C,$CLASS1PRODUCT2,$MM3EXCHANGE,$MM3EXECFIRM,C,C,TRUE,TRUE,Comment
STRATEGYORDER,$MM5,$MM5EXCHANGE,$MM5EXECFIRM,KYY,2604,ABC,*,$MM5EXCHANGE,$MM5,200,$STRATEGY1,O,2,9,19,D,21/12/2003 6:00:00.0,1,1,0,00,0,-,-,-,$MM5,$MM5,C,FALSE,B,U,0,-,-,$SESSION1,2,$CLASS1PRODUCT1,$MM5EXCHANGE,$MM5EXECFIRM,C,C,$CLASS1PRODUCT2,$MM5EXCHANGE,$MM5EXECFIRM,C,C,TRUE,TRUE,This is the Strategy order: BA:250
STRATEGYORDER,$MM7,$MM7EXCHANGE,$MM7EXECFIRM,TXP,7421,ABC,*,$MM7EXCHANGE,$MM7,100,$STRATEGY1,O,2,9,19,D,21/12/2003 6:00:00.0,4,1,0,00,0,-,-,-,$MM7,$MM7,C,FALSE,C,U,0,-,-,$SESSION1,2,$CLASS1PRODUCT1,$MM7EXCHANGE,$MM7EXECFIRM,C,C,$CLASS1PRODUCT2,$MM7EXCHANGE,$MM7EXECFIRM,C,C,TRUE,TRUE,This is the Strategy order: BA:252
PAUSE,10000
TOPOFBOOKVERIFICATION,$MM1,$SESSION1,$STRATEGY1,0,1,0,00,200,2,9,19,TRUE,TRUE,Comment
ORDERFILLVERIFICATION,$MM2,$MM2EXCHANGE,$MM2EXECFIRM,QDV,7227,ABC,*,0,0,3,100,2,2,-9,19,TRUE,TRUE,Comment
ORDERFILLVERIFICATION,$MM3,$MM3EXCHANGE,$MM3EXECFIRM,PSH,3679,ABC,*,40,40,1,60,1,2,9,19,TRUE,TRUE,Comment
ORDERFILLVERIFICATION,$MM2,$MM2EXCHANGE,$MM2EXECFIRM,QDV,72271,ABC,*,60,60,1,40,1,2,9,19,TRUE,TRUE,Comment
ORDERCANCELVERIFICATION,$MM2,$MM2EXCHANGE,$MM2EXECFIRM,QDV,72271,ABC,*,$SESSION1,$STRATEGY1,3,60,TRUE,TRUE,Comment
ORDERCANCELVERIFICATION,$MM3,$MM3EXCHANGE,$MM3EXECFIRM,PSH,3679,ABC,*,$SESSION1,$STRATEGY1,3,40,TRUE,TRUE,Comment
ORDERCANCELVERIFICATION,$MM7,$MM7EXCHANGE,$MM7EXECFIRM,TXP,7421,ABC,*,$SESSION1,$STRATEGY1,2,100,TRUE,TRUE,Comment
ORDERCANCELBYIDNOWAIT,$MM5,$MM5EXCHANGE,$MM5EXECFIRM,KYY,2604,ABC,*,200,$SESSION1,1,TRUE,TRUE,Comment
ORDERCANCELVERIFICATION,$MM5,$MM5EXCHANGE,$MM5EXECFIRM,KYY,2604,ABC,*,$SESSION1,$STRATEGY1,2,200,TRUE,TRUE,Comment
PAUSE,1000
TOPOFBOOKVERIFICATION,$MM1,$SESSION1,$STRATEGY1,0,1,0,00,0,1,0,00,TRUE,TRUE,Comment
TOPOFBOOKVERIFICATION,$MM1,$SESSION1,$CLASS1PRODUCT1,100,2,10,00,100,2,10,20,TRUE,TRUE,Comment
TOPOFBOOKVERIFICATION,$MM1,$SESSION1,$CLASS1PRODUCT2,100,2,1,00,100,2,1,20,TRUE,TRUE,Comment
QUOTECANCEL,$MM1,$SESSION1,$CLASS1PRODUCT1,2,TRUE,TRUE,Comment
QUOTECANCELVERIFICATION,$MM1,$SESSION1,$CLASS1PRODUCT1,2,TRUE,TRUE,Comment
QUOTECANCEL,$MM1,$SESSION1,$CLASS1PRODUCT2,2,TRUE,TRUE,Comment
QUOTECANCELVERIFICATION,$MM1,$SESSION1,$CLASS1PRODUCT2,2,TRUE,TRUE,Comment

COMMENT, Test Case 2:INBOUND NON-CUSTOMER COMPLEX ORDER (FIRM origin) with IOC contingency at price EQUAL to the BEST price on opposite side of PO is CANCELLED. CONDITION:BOTH PO and MO are at LMT price
CLEARALLCALLBACKS,$MM1
PRODUCTSTATEQUERY,$SA1,$SESSION1,$CLASS1PRODUCT1,4,TRUE,TRUE,Comment
PRODUCTSTATEQUERY,$SA1,$SESSION1,$CLASS1PRODUCT2,4,TRUE,TRUE,Comment
TOPOFBOOKVERIFICATION,$MM1,$SESSION1,$CLASS1PRODUCT1,0,1,0,00,0,1,0,00,TRUE,TRUE,Comment
TOPOFBOOKVERIFICATION,$MM1,$SESSION1,$CLASS1PRODUCT2,0,1,0,00,0,1,0,00,TRUE,TRUE,Comment
QUOTE,$MM1,2,10,00,100,2,10,20,100,$CLASS1PRODUCT1,$SESSION1,User Assigned Id..,TRUE,TRUE,Comment
PAUSE,1000
CURRENTMARKETV4BESTMARKETQUERY,$MM1,CBOE2,$CLASS1PRODUCT1,100,2,10,00,100,2,10,20,TRUE,TRUE,Comment
QUOTE,$MM1,2,1,00,100,2,1,20,100,$CLASS1PRODUCT2,$SESSION1,User Assigned Id..,TRUE,TRUE,Comment
PAUSE,1000
CURRENTMARKETV4BESTMARKETQUERY,$MM1,CBOE2,$CLASS1PRODUCT2,100,2,1,00,100,2,1,20,TRUE,TRUE,Comment
SETPRODUCTSTATEBYPRODUCT,$SA1,$SESSION1,$STRATEGY1,$STRATEGYCLASS1,1,TRUE,TRUE,Comment
PRODUCTSTATEQUERY,$SA1,$SESSION1,$STRATEGY1,1,TRUE,TRUE,Comment
SETPRODUCTSTATEBYPRODUCT,$SA1,$SESSION1,$STRATEGY1,$STRATEGYCLASS1,2,TRUE,TRUE,Comment
PRODUCTSTATEQUERY,$SA1,$SESSION1,$STRATEGY1,2,TRUE,TRUE,Comment
SETPRODUCTSTATEBYPRODUCT,$SA1,$SESSION1,$STRATEGY1,$STRATEGYCLASS1,3,TRUE,TRUE,Comment
PRODUCTSTATEQUERY,$SA1,$SESSION1,$STRATEGY1,3,TRUE,TRUE,Comment
SETPRODUCTSTATEBYPRODUCT,$SA1,$SESSION1,$STRATEGY1,$STRATEGYCLASS1,4,TRUE,TRUE,Comment
PRODUCTSTATEQUERY,$SA1,$SESSION1,$STRATEGY1,4,TRUE,TRUE,Comment
PAUSE,1000
TOPOFBOOKVERIFICATION,$MM1,$SESSION1,$STRATEGY1,0,1,0,00,0,1,0,00,TRUE,TRUE,Comment
INTERNALIZEDSTRATEGYORDER,$MM2,2,$MM2EXCHANGE,$MM2EXECFIRM,UPK,2241,ABC,*,$MM2EXCHANGE,$MM2,100,$STRATEGY1,D,3,0,00,D,21/12/2003 6:00:00.0,1,1,0,00,0,-,-,-,$MM2,$MM2,C,FALSE,C,U,0,-,-,$SESSION1,$MM2EXCHANGE,$MM2EXECFIRM,UPK,22411,ABC,*,$MM2EXCHANGE,$MM2,100,$STRATEGY1,O,2,9,19,D,21/12/2003 6:00:00.0,1,1,0,00,0,-,-,-,$MM2,$MM2,C,FALSE,F,U,0,-,-,$SESSION1,2,$CLASS1PRODUCT1,$MM2EXCHANGE,$MM2EXECFIRM,C,C,$CLASS1PRODUCT2,$MM2EXCHANGE,$MM2EXECFIRM,C,C,TRUE,TRUE,Comment
PAUSE,1000
RFPQUERY,$MM1,$SESSION1,$STRATEGY1,$AUCTION126,D,100,1,0,00,TRUE,TRUE,Comment
STRATEGYORDER,$MM3,$MM3EXCHANGE,$MM3EXECFIRM,WTK,8295,ABC,*,$MM3EXCHANGE,$MM3,100,$STRATEGY1,O,2,9,19,D,21/12/2003 6:00:00.0,14,1,0,00,0,-,-,$AUCTION126,$MM3,$MM3,C,FALSE,M,U,0,-,-,$SESSION1,2,$CLASS1PRODUCT1,$MM3EXCHANGE,$MM3EXECFIRM,C,C,$CLASS1PRODUCT2,$MM3EXCHANGE,$MM3EXECFIRM,C,C,TRUE,TRUE,Comment
STRATEGYORDER,$MM5,$MM5EXCHANGE,$MM5EXECFIRM,DQN,6766,ABC,*,$MM5EXCHANGE,$MM5,200,$STRATEGY1,O,2,9,19,D,21/12/2003 6:00:00.0,1,1,0,00,0,-,-,-,$MM5,$MM5,C,FALSE,B,U,0,-,-,$SESSION1,2,$CLASS1PRODUCT1,$MM5EXCHANGE,$MM5EXECFIRM,C,C,$CLASS1PRODUCT2,$MM5EXCHANGE,$MM5EXECFIRM,C,C,TRUE,TRUE,This is the Strategy order: BA:250
STRATEGYORDER,$MM7,$MM7EXCHANGE,$MM7EXECFIRM,BLL,8123,ABC,*,$MM7EXCHANGE,$MM7,100,$STRATEGY1,O,2,9,19,D,21/12/2003 6:00:00.0,4,1,0,00,0,-,-,-,$MM7,$MM7,C,FALSE,F,U,0,-,-,$SESSION1,2,$CLASS1PRODUCT1,$MM7EXCHANGE,$MM7EXECFIRM,C,C,$CLASS1PRODUCT2,$MM7EXCHANGE,$MM7EXECFIRM,C,C,TRUE,TRUE,This is the Strategy order: BA:252
PAUSE,10000
TOPOFBOOKVERIFICATION,$MM1,$SESSION1,$STRATEGY1,0,1,0,00,200,2,9,19,TRUE,TRUE,Comment
ORDERFILLVERIFICATION,$MM2,$MM2EXCHANGE,$MM2EXECFIRM,UPK,2241,ABC,*,0,0,3,100,2,2,-9,19,TRUE,TRUE,Comment
ORDERFILLVERIFICATION,$MM3,$MM3EXCHANGE,$MM3EXECFIRM,WTK,8295,ABC,*,40,40,1,60,1,2,9,19,TRUE,TRUE,Comment
ORDERFILLVERIFICATION,$MM2,$MM2EXCHANGE,$MM2EXECFIRM,UPK,22411,ABC,*,60,60,1,40,1,2,9,19,TRUE,TRUE,Comment
ORDERCANCELVERIFICATION,$MM2,$MM2EXCHANGE,$MM2EXECFIRM,UPK,22411,ABC,*,$SESSION1,$STRATEGY1,3,60,TRUE,TRUE,Comment
ORDERCANCELVERIFICATION,$MM3,$MM3EXCHANGE,$MM3EXECFIRM,WTK,8295,ABC,*,$SESSION1,$STRATEGY1,3,40,TRUE,TRUE,Comment
ORDERCANCELVERIFICATION,$MM7,$MM7EXCHANGE,$MM7EXECFIRM,BLL,8123,ABC,*,$SESSION1,$STRATEGY1,2,100,TRUE,TRUE,Comment
ORDERCANCELBYIDNOWAIT,$MM5,$MM5EXCHANGE,$MM5EXECFIRM,DQN,6766,ABC,*,200,$SESSION1,1,TRUE,TRUE,Comment
ORDERCANCELVERIFICATION,$MM5,$MM5EXCHANGE,$MM5EXECFIRM,DQN,6766,ABC,*,$SESSION1,$STRATEGY1,2,200,TRUE,TRUE,Comment
PAUSE,1000
TOPOFBOOKVERIFICATION,$MM1,$SESSION1,$STRATEGY1,0,1,0,00,0,1,0,00,TRUE,TRUE,Comment
TOPOFBOOKVERIFICATION,$MM1,$SESSION1,$CLASS1PRODUCT1,100,2,10,00,100,2,10,20,TRUE,TRUE,Comment
TOPOFBOOKVERIFICATION,$MM1,$SESSION1,$CLASS1PRODUCT2,100,2,1,00,100,2,1,20,TRUE,TRUE,Comment
QUOTECANCEL,$MM1,$SESSION1,$CLASS1PRODUCT1,2,TRUE,TRUE,Comment
QUOTECANCELVERIFICATION,$MM1,$SESSION1,$CLASS1PRODUCT1,2,TRUE,TRUE,Comment
QUOTECANCEL,$MM1,$SESSION1,$CLASS1PRODUCT2,2,TRUE,TRUE,Comment
QUOTECANCELVERIFICATION,$MM1,$SESSION1,$CLASS1PRODUCT2,2,TRUE,TRUE,Comment

COMMENT, Test Case 3:INBOUND NON-CUSTOMER COMPLEX ORDER (BROKER DEALER origin) with IOC contingency at price EQUAL to the BEST price on opposite side of PO is CANCELLED. CONDITION:BOTH PO and MO are at LMT price
CLEARALLCALLBACKS,$MM1
PRODUCTSTATEQUERY,$SA1,$SESSION1,$CLASS1PRODUCT1,4,TRUE,TRUE,Comment
PRODUCTSTATEQUERY,$SA1,$SESSION1,$CLASS1PRODUCT2,4,TRUE,TRUE,Comment
TOPOFBOOKVERIFICATION,$MM1,$SESSION1,$CLASS1PRODUCT1,0,1,0,00,0,1,0,00,TRUE,TRUE,Comment
TOPOFBOOKVERIFICATION,$MM1,$SESSION1,$CLASS1PRODUCT2,0,1,0,00,0,1,0,00,TRUE,TRUE,Comment
QUOTE,$MM1,2,10,00,100,2,10,20,100,$CLASS1PRODUCT1,$SESSION1,User Assigned Id..,TRUE,TRUE,Comment
PAUSE,1000
CURRENTMARKETV4BESTMARKETQUERY,$MM1,CBOE2,$CLASS1PRODUCT1,100,2,10,00,100,2,10,20,TRUE,TRUE,Comment
QUOTE,$MM1,2,1,00,100,2,1,20,100,$CLASS1PRODUCT2,$SESSION1,User Assigned Id..,TRUE,TRUE,Comment
PAUSE,1000
CURRENTMARKETV4BESTMARKETQUERY,$MM1,CBOE2,$CLASS1PRODUCT2,100,2,1,00,100,2,1,20,TRUE,TRUE,Comment
SETPRODUCTSTATEBYPRODUCT,$SA1,$SESSION1,$STRATEGY1,$STRATEGYCLASS1,1,TRUE,TRUE,Comment
PRODUCTSTATEQUERY,$SA1,$SESSION1,$STRATEGY1,1,TRUE,TRUE,Comment
SETPRODUCTSTATEBYPRODUCT,$SA1,$SESSION1,$STRATEGY1,$STRATEGYCLASS1,2,TRUE,TRUE,Comment
PRODUCTSTATEQUERY,$SA1,$SESSION1,$STRATEGY1,2,TRUE,TRUE,Comment
SETPRODUCTSTATEBYPRODUCT,$SA1,$SESSION1,$STRATEGY1,$STRATEGYCLASS1,3,TRUE,TRUE,Comment
PRODUCTSTATEQUERY,$SA1,$SESSION1,$STRATEGY1,3,TRUE,TRUE,Comment
SETPRODUCTSTATEBYPRODUCT,$SA1,$SESSION1,$STRATEGY1,$STRATEGYCLASS1,4,TRUE,TRUE,Comment
PRODUCTSTATEQUERY,$SA1,$SESSION1,$STRATEGY1,4,TRUE,TRUE,Comment
PAUSE,1000
TOPOFBOOKVERIFICATION,$MM1,$SESSION1,$STRATEGY1,0,1,0,00,0,1,0,00,TRUE,TRUE,Comment
INTERNALIZEDSTRATEGYORDER,$MM2,2,$MM2EXCHANGE,$MM2EXECFIRM,KAU,3689,ABC,*,$MM2EXCHANGE,$MM2,100,$STRATEGY1,D,3,0,00,D,21/12/2003 6:00:00.0,1,1,0,00,0,-,-,-,$MM2,$MM2,C,FALSE,C,U,0,-,-,$SESSION1,$MM2EXCHANGE,$MM2EXECFIRM,KAU,36891,ABC,*,$MM2EXCHANGE,$MM2,100,$STRATEGY1,O,2,9,19,D,21/12/2003 6:00:00.0,1,1,0,00,0,-,-,-,$MM2,$MM2,C,FALSE,F,U,0,-,-,$SESSION1,2,$CLASS1PRODUCT1,$MM2EXCHANGE,$MM2EXECFIRM,C,C,$CLASS1PRODUCT2,$MM2EXCHANGE,$MM2EXECFIRM,C,C,TRUE,TRUE,Comment
PAUSE,1000
RFPQUERY,$MM1,$SESSION1,$STRATEGY1,$AUCTION126,D,100,1,0,00,TRUE,TRUE,Comment
STRATEGYORDER,$MM3,$MM3EXCHANGE,$MM3EXECFIRM,JPT,5397,ABC,*,$MM3EXCHANGE,$MM3,100,$STRATEGY1,O,2,9,19,D,21/12/2003 6:00:00.0,14,1,0,00,0,-,-,$AUCTION126,$MM3,$MM3,C,FALSE,M,U,0,-,-,$SESSION1,2,$CLASS1PRODUCT1,$MM3EXCHANGE,$MM3EXECFIRM,C,C,$CLASS1PRODUCT2,$MM3EXCHANGE,$MM3EXECFIRM,C,C,TRUE,TRUE,Comment
STRATEGYORDER,$MM5,$MM5EXCHANGE,$MM5EXECFIRM,JNQ,4703,ABC,*,$MM5EXCHANGE,$MM5,200,$STRATEGY1,O,2,9,19,D,21/12/2003 6:00:00.0,1,1,0,00,0,-,-,-,$MM5,$MM5,C,FALSE,B,U,0,-,-,$SESSION1,2,$CLASS1PRODUCT1,$MM5EXCHANGE,$MM5EXECFIRM,C,C,$CLASS1PRODUCT2,$MM5EXCHANGE,$MM5EXECFIRM,C,C,TRUE,TRUE,This is the Strategy order: BA:250
STRATEGYORDER,$MM7,$MM7EXCHANGE,$MM7EXECFIRM,BIJ,5408,ABC,*,$MM7EXCHANGE,$MM7,100,$STRATEGY1,O,2,9,19,D,21/12/2003 6:00:00.0,4,1,0,00,0,-,-,-,$MM7,$MM7,C,FALSE,B,U,0,-,-,$SESSION1,2,$CLASS1PRODUCT1,$MM7EXCHANGE,$MM7EXECFIRM,C,C,$CLASS1PRODUCT2,$MM7EXCHANGE,$MM7EXECFIRM,C,C,TRUE,TRUE,This is the Strategy order: BA:252
PAUSE,10000
TOPOFBOOKVERIFICATION,$MM1,$SESSION1,$STRATEGY1,0,1,0,00,200,2,9,19,TRUE,TRUE,Comment
ORDERFILLVERIFICATION,$MM2,$MM2EXCHANGE,$MM2EXECFIRM,KAU,3689,ABC,*,0,0,3,100,2,2,-9,19,TRUE,TRUE,Comment
ORDERFILLVERIFICATION,$MM3,$MM3EXCHANGE,$MM3EXECFIRM,JPT,5397,ABC,*,40,40,1,60,1,2,9,19,TRUE,TRUE,Comment
ORDERFILLVERIFICATION,$MM2,$MM2EXCHANGE,$MM2EXECFIRM,KAU,36891,ABC,*,60,60,1,40,1,2,9,19,TRUE,TRUE,Comment
ORDERCANCELVERIFICATION,$MM2,$MM2EXCHANGE,$MM2EXECFIRM,KAU,36891,ABC,*,$SESSION1,$STRATEGY1,3,60,TRUE,TRUE,Comment
ORDERCANCELVERIFICATION,$MM3,$MM3EXCHANGE,$MM3EXECFIRM,JPT,5397,ABC,*,$SESSION1,$STRATEGY1,3,40,TRUE,TRUE,Comment
ORDERCANCELVERIFICATION,$MM7,$MM7EXCHANGE,$MM7EXECFIRM,BIJ,5408,ABC,*,$SESSION1,$STRATEGY1,2,100,TRUE,TRUE,Comment
ORDERCANCELBYIDNOWAIT,$MM5,$MM5EXCHANGE,$MM5EXECFIRM,JNQ,4703,ABC,*,200,$SESSION1,1,TRUE,TRUE,Comment
ORDERCANCELVERIFICATION,$MM5,$MM5EXCHANGE,$MM5EXECFIRM,JNQ,4703,ABC,*,$SESSION1,$STRATEGY1,2,200,TRUE,TRUE,Comment
PAUSE,1000
TOPOFBOOKVERIFICATION,$MM1,$SESSION1,$STRATEGY1,0,1,0,00,0,1,0,00,TRUE,TRUE,Comment
TOPOFBOOKVERIFICATION,$MM1,$SESSION1,$CLASS1PRODUCT1,100,2,10,00,100,2,10,20,TRUE,TRUE,Comment
TOPOFBOOKVERIFICATION,$MM1,$SESSION1,$CLASS1PRODUCT2,100,2,1,00,100,2,1,20,TRUE,TRUE,Comment
QUOTECANCEL,$MM1,$SESSION1,$CLASS1PRODUCT1,2,TRUE,TRUE,Comment
QUOTECANCELVERIFICATION,$MM1,$SESSION1,$CLASS1PRODUCT1,2,TRUE,TRUE,Comment
QUOTECANCEL,$MM1,$SESSION1,$CLASS1PRODUCT2,2,TRUE,TRUE,Comment
QUOTECANCELVERIFICATION,$MM1,$SESSION1,$CLASS1PRODUCT2,2,TRUE,TRUE,Comment

COMMENT, Test Case 4:INBOUND CUSTOMER COMPLEX ORDER with IOC contingency at price EQUAL to the BEST price on opposite side of PO is CANCELLED. CONDITION:BOTH PO and MO are at MKT price
CLEARALLCALLBACKS,$MM1
SETPRODUCTSTATEBYPRODUCT,$SA1,$SESSION1,$CLASS1PRODUCT1,$CLASS1,1,TRUE,TRUE,Comment
PRODUCTSTATEQUERY,$SA1,$SESSION1,$CLASS1PRODUCT1,1,TRUE,TRUE,Comment
SETPRODUCTSTATEBYPRODUCT,$SA1,$SESSION1,$CLASS1PRODUCT2,$CLASS1,1,TRUE,TRUE,Comment
PRODUCTSTATEQUERY,$SA1,$SESSION1,$CLASS1PRODUCT2,1,TRUE,TRUE,Comment
SETPRODUCTSTATEBYPRODUCT,$SA1,$SESSION1,$CLASS1PRODUCT1,$CLASS1,2,TRUE,TRUE,Comment
PRODUCTSTATEQUERY,$SA1,$SESSION1,$CLASS1PRODUCT1,2,TRUE,TRUE,Comment
SETPRODUCTSTATEBYPRODUCT,$SA1,$SESSION1,$CLASS1PRODUCT2,$CLASS1,2,TRUE,TRUE,Comment
PRODUCTSTATEQUERY,$SA1,$SESSION1,$CLASS1PRODUCT2,2,TRUE,TRUE,Comment
SETPRODUCTSTATEBYPRODUCT,$SA1,$SESSION1,$CLASS1PRODUCT1,$CLASS1,3,TRUE,TRUE,Comment
PRODUCTSTATEQUERY,$SA1,$SESSION1,$CLASS1PRODUCT1,3,TRUE,TRUE,Comment
SETPRODUCTSTATEBYPRODUCT,$SA1,$SESSION1,$CLASS1PRODUCT2,$CLASS1,3,TRUE,TRUE,Comment
PRODUCTSTATEQUERY,$SA1,$SESSION1,$CLASS1PRODUCT2,3,TRUE,TRUE,Comment
SETPRODUCTSTATEBYPRODUCT,$SA1,$SESSION1,$CLASS1PRODUCT1,$CLASS1,4,TRUE,TRUE,Comment
PRODUCTSTATEQUERY,$SA1,$SESSION1,$CLASS1PRODUCT1,4,TRUE,TRUE,Comment
SETPRODUCTSTATEBYPRODUCT,$SA1,$SESSION1,$CLASS1PRODUCT2,$CLASS1,4,TRUE,TRUE,Comment
PRODUCTSTATEQUERY,$SA1,$SESSION1,$CLASS1PRODUCT2,4,TRUE,TRUE,Comment
TOPOFBOOKVERIFICATION,$MM1,$SESSION1,$CLASS1PRODUCT1,0,1,0,00,0,1,0,00,TRUE,TRUE,Comment
TOPOFBOOKVERIFICATION,$MM1,$SESSION1,$CLASS1PRODUCT2,0,1,0,00,0,1,0,00,TRUE,TRUE,Comment
QUOTE,$MM1,2,10,00,100,2,10,20,100,$CLASS1PRODUCT1,$SESSION1,User Assigned Id..,TRUE,TRUE,Comment
PAUSE,1000
CURRENTMARKETV4BESTMARKETQUERY,$MM1,CBOE2,$CLASS1PRODUCT1,100,2,10,00,100,2,10,20,TRUE,TRUE,Comment
QUOTE,$MM1,2,1,00,100,2,1,20,100,$CLASS1PRODUCT2,$SESSION1,User Assigned Id..,TRUE,TRUE,Comment
PAUSE,1000
CURRENTMARKETV4BESTMARKETQUERY,$MM1,CBOE2,$CLASS1PRODUCT2,100,2,1,00,100,2,1,20,TRUE,TRUE,Comment
SETPRODUCTSTATEBYPRODUCT,$SA1,$SESSION1,$STRATEGY1,$STRATEGYCLASS1,1,TRUE,TRUE,Comment
PRODUCTSTATEQUERY,$SA1,$SESSION1,$STRATEGY1,1,TRUE,TRUE,Comment
SETPRODUCTSTATEBYPRODUCT,$SA1,$SESSION1,$STRATEGY1,$STRATEGYCLASS1,2,TRUE,TRUE,Comment
PRODUCTSTATEQUERY,$SA1,$SESSION1,$STRATEGY1,2,TRUE,TRUE,Comment
SETPRODUCTSTATEBYPRODUCT,$SA1,$SESSION1,$STRATEGY1,$STRATEGYCLASS1,3,TRUE,TRUE,Comment
PRODUCTSTATEQUERY,$SA1,$SESSION1,$STRATEGY1,3,TRUE,TRUE,Comment
SETPRODUCTSTATEBYPRODUCT,$SA1,$SESSION1,$STRATEGY1,$STRATEGYCLASS1,4,TRUE,TRUE,Comment
PRODUCTSTATEQUERY,$SA1,$SESSION1,$STRATEGY1,4,TRUE,TRUE,Comment
PAUSE,1000
TOPOFBOOKVERIFICATION,$MM1,$SESSION1,$STRATEGY1,0,1,0,00,0,1,0,00,TRUE,TRUE,Comment
INTERNALIZEDSTRATEGYORDER,$MM2,3,$MM2EXCHANGE,$MM2EXECFIRM,DDU,6853,ABC,*,$MM2EXCHANGE,$MM2,100,$STRATEGY1,D,3,0,00,D,21/12/2003 6:00:00.0,1,1,0,00,0,-,-,-,$MM2,$MM2,C,FALSE,C,U,0,-,-,$SESSION1,$MM2EXCHANGE,$MM2EXECFIRM,DDU,68531,ABC,*,$MM2EXCHANGE,$MM2,100,$STRATEGY1,O,3,0,00,D,21/12/2003 6:00:00.0,1,1,0,00,0,-,-,-,$MM2,$MM2,C,FALSE,F,U,0,-,-,$SESSION1,2,$CLASS1PRODUCT1,$MM2EXCHANGE,$MM2EXECFIRM,C,C,$CLASS1PRODUCT2,$MM2EXCHANGE,$MM2EXECFIRM,C,C,TRUE,TRUE,Comment
PAUSE,1000
RFPQUERY,$MM1,$SESSION1,$STRATEGY1,$AUCTION126,D,100,1,0,00,TRUE,TRUE,Comment
STRATEGYORDER,$MM3,$MM3EXCHANGE,$MM3EXECFIRM,EJK,8833,ABC,*,$MM3EXCHANGE,$MM3,100,$STRATEGY1,O,2,9,19,D,21/12/2003 6:00:00.0,14,1,0,00,0,-,-,$AUCTION126,$MM3,$MM3,C,FALSE,M,U,0,-,-,$SESSION1,2,$CLASS1PRODUCT1,$MM3EXCHANGE,$MM3EXECFIRM,C,C,$CLASS1PRODUCT2,$MM3EXCHANGE,$MM3EXECFIRM,C,C,TRUE,TRUE,Comment
STRATEGYORDER,$MM5,$MM5EXCHANGE,$MM5EXECFIRM,AQL,3862,ABC,*,$MM5EXCHANGE,$MM5,200,$STRATEGY1,O,2,9,19,D,21/12/2003 6:00:00.0,1,1,0,00,0,-,-,-,$MM5,$MM5,C,FALSE,B,U,0,-,-,$SESSION1,2,$CLASS1PRODUCT1,$MM5EXCHANGE,$MM5EXECFIRM,C,C,$CLASS1PRODUCT2,$MM5EXCHANGE,$MM5EXECFIRM,C,C,TRUE,TRUE,This is the Strategy order: BA:250
STRATEGYORDER,$MM7,$MM7EXCHANGE,$MM7EXECFIRM,JYH,4264,ABC,*,$MM7EXCHANGE,$MM7,100,$STRATEGY1,O,2,9,19,D,21/12/2003 6:00:00.0,4,1,0,00,0,-,-,-,$MM7,$MM7,C,FALSE,C,U,0,-,-,$SESSION1,2,$CLASS1PRODUCT1,$MM7EXCHANGE,$MM7EXECFIRM,C,C,$CLASS1PRODUCT2,$MM7EXCHANGE,$MM7EXECFIRM,C,C,TRUE,TRUE,This is the Strategy order: BA:252
PAUSE,10000
TOPOFBOOKVERIFICATION,$MM1,$SESSION1,$STRATEGY1,0,1,0,00,200,2,9,19,TRUE,TRUE,Comment
ORDERFILLVERIFICATION,$MM2,$MM2EXCHANGE,$MM2EXECFIRM,DDU,6853,ABC,*,0,0,3,100,2,2,-9,19,TRUE,TRUE,Comment
ORDERFILLVERIFICATION,$MM3,$MM3EXCHANGE,$MM3EXECFIRM,EJK,8833,ABC,*,40,40,1,60,1,2,9,19,TRUE,TRUE,Comment
ORDERFILLVERIFICATION,$MM2,$MM2EXCHANGE,$MM2EXECFIRM,DDU,68531,ABC,*,60,60,1,40,1,2,9,19,TRUE,TRUE,Comment
ORDERCANCELVERIFICATION,$MM2,$MM2EXCHANGE,$MM2EXECFIRM,DDU,68531,ABC,*,$SESSION1,$STRATEGY1,3,60,TRUE,TRUE,Comment
ORDERCANCELVERIFICATION,$MM3,$MM3EXCHANGE,$MM3EXECFIRM,EJK,8833,ABC,*,$SESSION1,$STRATEGY1,3,40,TRUE,TRUE,Comment
ORDERCANCELVERIFICATION,$MM7,$MM7EXCHANGE,$MM7EXECFIRM,JYH,4264,ABC,*,$SESSION1,$STRATEGY1,2,100,TRUE,TRUE,Comment
ORDERCANCELBYIDNOWAIT,$MM5,$MM5EXCHANGE,$MM5EXECFIRM,AQL,3862,ABC,*,200,$SESSION1,1,TRUE,TRUE,Comment
ORDERCANCELVERIFICATION,$MM5,$MM5EXCHANGE,$MM5EXECFIRM,AQL,3862,ABC,*,$SESSION1,$STRATEGY1,2,200,TRUE,TRUE,Comment
PAUSE,1000
TOPOFBOOKVERIFICATION,$MM1,$SESSION1,$STRATEGY1,0,1,0,00,0,1,0,00,TRUE,TRUE,Comment
TOPOFBOOKVERIFICATION,$MM1,$SESSION1,$CLASS1PRODUCT1,100,2,10,00,100,2,10,20,TRUE,TRUE,Comment
TOPOFBOOKVERIFICATION,$MM1,$SESSION1,$CLASS1PRODUCT2,100,2,1,00,100,2,1,20,TRUE,TRUE,Comment
QUOTECANCEL,$MM1,$SESSION1,$CLASS1PRODUCT1,2,TRUE,TRUE,Comment
QUOTECANCELVERIFICATION,$MM1,$SESSION1,$CLASS1PRODUCT1,2,TRUE,TRUE,Comment
QUOTECANCEL,$MM1,$SESSION1,$CLASS1PRODUCT2,2,TRUE,TRUE,Comment
QUOTECANCELVERIFICATION,$MM1,$SESSION1,$CLASS1PRODUCT2,2,TRUE,TRUE,Comment

COMMENT, Test Case 5:INBOUND NON-CUSTOMER COMPLEX ORDER (FIRM origin) with IOC contingency at price EQUAL to the BEST price on opposite side of PO is CANCELLED. CONDITION:BOTH PO and MO are at MKT price
CLEARALLCALLBACKS,$MM1
PRODUCTSTATEQUERY,$SA1,$SESSION1,$CLASS1PRODUCT1,4,TRUE,TRUE,Comment
PRODUCTSTATEQUERY,$SA1,$SESSION1,$CLASS1PRODUCT2,4,TRUE,TRUE,Comment
TOPOFBOOKVERIFICATION,$MM1,$SESSION1,$CLASS1PRODUCT1,0,1,0,00,0,1,0,00,TRUE,TRUE,Comment
TOPOFBOOKVERIFICATION,$MM1,$SESSION1,$CLASS1PRODUCT2,0,1,0,00,0,1,0,00,TRUE,TRUE,Comment
QUOTE,$MM1,2,10,00,100,2,10,20,100,$CLASS1PRODUCT1,$SESSION1,User Assigned Id..,TRUE,TRUE,Comment
PAUSE,1000
CURRENTMARKETV4BESTMARKETQUERY,$MM1,CBOE2,$CLASS1PRODUCT1,100,2,10,00,100,2,10,20,TRUE,TRUE,Comment
QUOTE,$MM1,2,1,00,100,2,1,20,100,$CLASS1PRODUCT2,$SESSION1,User Assigned Id..,TRUE,TRUE,Comment
PAUSE,1000
CURRENTMARKETV4BESTMARKETQUERY,$MM1,CBOE2,$CLASS1PRODUCT2,100,2,1,00,100,2,1,20,TRUE,TRUE,Comment
SETPRODUCTSTATEBYPRODUCT,$SA1,$SESSION1,$STRATEGY1,$STRATEGYCLASS1,1,TRUE,TRUE,Comment
PRODUCTSTATEQUERY,$SA1,$SESSION1,$STRATEGY1,1,TRUE,TRUE,Comment
SETPRODUCTSTATEBYPRODUCT,$SA1,$SESSION1,$STRATEGY1,$STRATEGYCLASS1,2,TRUE,TRUE,Comment
PRODUCTSTATEQUERY,$SA1,$SESSION1,$STRATEGY1,2,TRUE,TRUE,Comment
SETPRODUCTSTATEBYPRODUCT,$SA1,$SESSION1,$STRATEGY1,$STRATEGYCLASS1,3,TRUE,TRUE,Comment
PRODUCTSTATEQUERY,$SA1,$SESSION1,$STRATEGY1,3,TRUE,TRUE,Comment
SETPRODUCTSTATEBYPRODUCT,$SA1,$SESSION1,$STRATEGY1,$STRATEGYCLASS1,4,TRUE,TRUE,Comment
PRODUCTSTATEQUERY,$SA1,$SESSION1,$STRATEGY1,4,TRUE,TRUE,Comment
PAUSE,1000
TOPOFBOOKVERIFICATION,$MM1,$SESSION1,$STRATEGY1,0,1,0,00,0,1,0,00,TRUE,TRUE,Comment
INTERNALIZEDSTRATEGYORDER,$MM2,3,$MM2EXCHANGE,$MM2EXECFIRM,ESL,56,ABC,*,$MM2EXCHANGE,$MM2,100,$STRATEGY1,D,3,0,00,D,21/12/2003 6:00:00.0,1,1,0,00,0,-,-,-,$MM2,$MM2,C,FALSE,C,U,0,-,-,$SESSION1,$MM2EXCHANGE,$MM2EXECFIRM,ESL,561,ABC,*,$MM2EXCHANGE,$MM2,100,$STRATEGY1,O,3,0,00,D,21/12/2003 6:00:00.0,1,1,0,00,0,-,-,-,$MM2,$MM2,C,FALSE,F,U,0,-,-,$SESSION1,2,$CLASS1PRODUCT1,$MM2EXCHANGE,$MM2EXECFIRM,C,C,$CLASS1PRODUCT2,$MM2EXCHANGE,$MM2EXECFIRM,C,C,TRUE,TRUE,Comment
PAUSE,1000
RFPQUERY,$MM1,$SESSION1,$STRATEGY1,$AUCTION126,D,100,1,0,00,TRUE,TRUE,Comment
STRATEGYORDER,$MM3,$MM3EXCHANGE,$MM3EXECFIRM,XWF,4639,ABC,*,$MM3EXCHANGE,$MM3,100,$STRATEGY1,O,2,9,19,D,21/12/2003 6:00:00.0,14,1,0,00,0,-,-,$AUCTION126,$MM3,$MM3,C,FALSE,M,U,0,-,-,$SESSION1,2,$CLASS1PRODUCT1,$MM3EXCHANGE,$MM3EXECFIRM,C,C,$CLASS1PRODUCT2,$MM3EXCHANGE,$MM3EXECFIRM,C,C,TRUE,TRUE,Comment
STRATEGYORDER,$MM5,$MM5EXCHANGE,$MM5EXECFIRM,CXL,2139,ABC,*,$MM5EXCHANGE,$MM5,200,$STRATEGY1,O,2,9,19,D,21/12/2003 6:00:00.0,1,1,0,00,0,-,-,-,$MM5,$MM5,C,FALSE,B,U,0,-,-,$SESSION1,2,$CLASS1PRODUCT1,$MM5EXCHANGE,$MM5EXECFIRM,C,C,$CLASS1PRODUCT2,$MM5EXCHANGE,$MM5EXECFIRM,C,C,TRUE,TRUE,This is the Strategy order: BA:250
STRATEGYORDER,$MM7,$MM7EXCHANGE,$MM7EXECFIRM,MTI,7091,ABC,*,$MM7EXCHANGE,$MM7,100,$STRATEGY1,O,2,9,19,D,21/12/2003 6:00:00.0,4,1,0,00,0,-,-,-,$MM7,$MM7,C,FALSE,F,U,0,-,-,$SESSION1,2,$CLASS1PRODUCT1,$MM7EXCHANGE,$MM7EXECFIRM,C,C,$CLASS1PRODUCT2,$MM7EXCHANGE,$MM7EXECFIRM,C,C,TRUE,TRUE,This is the Strategy order: BA:252
PAUSE,10000
TOPOFBOOKVERIFICATION,$MM1,$SESSION1,$STRATEGY1,0,1,0,00,200,2,9,19,TRUE,TRUE,Comment
ORDERFILLVERIFICATION,$MM2,$MM2EXCHANGE,$MM2EXECFIRM,ESL,56,ABC,*,0,0,3,100,2,2,-9,19,TRUE,TRUE,Comment
ORDERFILLVERIFICATION,$MM3,$MM3EXCHANGE,$MM3EXECFIRM,XWF,4639,ABC,*,40,40,1,60,1,2,9,19,TRUE,TRUE,Comment
ORDERFILLVERIFICATION,$MM2,$MM2EXCHANGE,$MM2EXECFIRM,ESL,561,ABC,*,60,60,1,40,1,2,9,19,TRUE,TRUE,Comment
ORDERCANCELVERIFICATION,$MM2,$MM2EXCHANGE,$MM2EXECFIRM,ESL,561,ABC,*,$SESSION1,$STRATEGY1,3,60,TRUE,TRUE,Comment
ORDERCANCELVERIFICATION,$MM3,$MM3EXCHANGE,$MM3EXECFIRM,XWF,4639,ABC,*,$SESSION1,$STRATEGY1,3,40,TRUE,TRUE,Comment
ORDERCANCELVERIFICATION,$MM7,$MM7EXCHANGE,$MM7EXECFIRM,MTI,7091,ABC,*,$SESSION1,$STRATEGY1,2,100,TRUE,TRUE,Comment
ORDERCANCELBYIDNOWAIT,$MM5,$MM5EXCHANGE,$MM5EXECFIRM,CXL,2139,ABC,*,200,$SESSION1,1,TRUE,TRUE,Comment
ORDERCANCELVERIFICATION,$MM5,$MM5EXCHANGE,$MM5EXECFIRM,CXL,2139,ABC,*,$SESSION1,$STRATEGY1,2,200,TRUE,TRUE,Comment
PAUSE,1000
TOPOFBOOKVERIFICATION,$MM1,$SESSION1,$STRATEGY1,0,1,0,00,0,1,0,00,TRUE,TRUE,Comment
TOPOFBOOKVERIFICATION,$MM1,$SESSION1,$CLASS1PRODUCT1,100,2,10,00,100,2,10,20,TRUE,TRUE,Comment
TOPOFBOOKVERIFICATION,$MM1,$SESSION1,$CLASS1PRODUCT2,100,2,1,00,100,2,1,20,TRUE,TRUE,Comment
QUOTECANCEL,$MM1,$SESSION1,$CLASS1PRODUCT1,2,TRUE,TRUE,Comment
QUOTECANCELVERIFICATION,$MM1,$SESSION1,$CLASS1PRODUCT1,2,TRUE,TRUE,Comment
QUOTECANCEL,$MM1,$SESSION1,$CLASS1PRODUCT2,2,TRUE,TRUE,Comment
QUOTECANCELVERIFICATION,$MM1,$SESSION1,$CLASS1PRODUCT2,2,TRUE,TRUE,Comment

COMMENT, Test Case 6:INBOUND NON-CUSTOMER COMPLEX ORDER (BROKER DEALER origin) with IOC contingency at price EQUAL to the BEST price on opposite side of PO is CANCELLED. CONDITION:BOTH PO and MO are at MKT price
CLEARALLCALLBACKS,$MM1
PRODUCTSTATEQUERY,$SA1,$SESSION1,$CLASS1PRODUCT1,4,TRUE,TRUE,Comment
PRODUCTSTATEQUERY,$SA1,$SESSION1,$CLASS1PRODUCT2,4,TRUE,TRUE,Comment
TOPOFBOOKVERIFICATION,$MM1,$SESSION1,$CLASS1PRODUCT1,0,1,0,00,0,1,0,00,TRUE,TRUE,Comment
TOPOFBOOKVERIFICATION,$MM1,$SESSION1,$CLASS1PRODUCT2,0,1,0,00,0,1,0,00,TRUE,TRUE,Comment
QUOTE,$MM1,2,10,00,100,2,10,20,100,$CLASS1PRODUCT1,$SESSION1,User Assigned Id..,TRUE,TRUE,Comment
PAUSE,1000
CURRENTMARKETV4BESTMARKETQUERY,$MM1,CBOE2,$CLASS1PRODUCT1,100,2,10,00,100,2,10,20,TRUE,TRUE,Comment
QUOTE,$MM1,2,1,00,100,2,1,20,100,$CLASS1PRODUCT2,$SESSION1,User Assigned Id..,TRUE,TRUE,Comment
PAUSE,1000
CURRENTMARKETV4BESTMARKETQUERY,$MM1,CBOE2,$CLASS1PRODUCT2,100,2,1,00,100,2,1,20,TRUE,TRUE,Comment
SETPRODUCTSTATEBYPRODUCT,$SA1,$SESSION1,$STRATEGY1,$STRATEGYCLASS1,1,TRUE,TRUE,Comment
PRODUCTSTATEQUERY,$SA1,$SESSION1,$STRATEGY1,1,TRUE,TRUE,Comment
SETPRODUCTSTATEBYPRODUCT,$SA1,$SESSION1,$STRATEGY1,$STRATEGYCLASS1,2,TRUE,TRUE,Comment
PRODUCTSTATEQUERY,$SA1,$SESSION1,$STRATEGY1,2,TRUE,TRUE,Comment
SETPRODUCTSTATEBYPRODUCT,$SA1,$SESSION1,$STRATEGY1,$STRATEGYCLASS1,3,TRUE,TRUE,Comment
PRODUCTSTATEQUERY,$SA1,$SESSION1,$STRATEGY1,3,TRUE,TRUE,Comment
SETPRODUCTSTATEBYPRODUCT,$SA1,$SESSION1,$STRATEGY1,$STRATEGYCLASS1,4,TRUE,TRUE,Comment
PRODUCTSTATEQUERY,$SA1,$SESSION1,$STRATEGY1,4,TRUE,TRUE,Comment
PAUSE,1000
TOPOFBOOKVERIFICATION,$MM1,$SESSION1,$STRATEGY1,0,1,0,00,0,1,0,00,TRUE,TRUE,Comment
INTERNALIZEDSTRATEGYORDER,$MM2,3,$MM2EXCHANGE,$MM2EXECFIRM,NYT,9852,ABC,*,$MM2EXCHANGE,$MM2,100,$STRATEGY1,D,3,0,00,D,21/12/2003 6:00:00.0,1,1,0,00,0,-,-,-,$MM2,$MM2,C,FALSE,C,U,0,-,-,$SESSION1,$MM2EXCHANGE,$MM2EXECFIRM,NYT,98521,ABC,*,$MM2EXCHANGE,$MM2,100,$STRATEGY1,O,3,0,00,D,21/12/2003 6:00:00.0,1,1,0,00,0,-,-,-,$MM2,$MM2,C,FALSE,F,U,0,-,-,$SESSION1,2,$CLASS1PRODUCT1,$MM2EXCHANGE,$MM2EXECFIRM,C,C,$CLASS1PRODUCT2,$MM2EXCHANGE,$MM2EXECFIRM,C,C,TRUE,TRUE,Comment
PAUSE,1000
RFPQUERY,$MM1,$SESSION1,$STRATEGY1,$AUCTION126,D,100,1,0,00,TRUE,TRUE,Comment
STRATEGYORDER,$MM3,$MM3EXCHANGE,$MM3EXECFIRM,HLK,5462,ABC,*,$MM3EXCHANGE,$MM3,100,$STRATEGY1,O,2,9,19,D,21/12/2003 6:00:00.0,14,1,0,00,0,-,-,$AUCTION126,$MM3,$MM3,C,FALSE,M,U,0,-,-,$SESSION1,2,$CLASS1PRODUCT1,$MM3EXCHANGE,$MM3EXECFIRM,C,C,$CLASS1PRODUCT2,$MM3EXCHANGE,$MM3EXECFIRM,C,C,TRUE,TRUE,Comment
STRATEGYORDER,$MM5,$MM5EXCHANGE,$MM5EXECFIRM,ZDC,815,ABC,*,$MM5EXCHANGE,$MM5,200,$STRATEGY1,O,2,9,19,D,21/12/2003 6:00:00.0,1,1,0,00,0,-,-,-,$MM5,$MM5,C,FALSE,B,U,0,-,-,$SESSION1,2,$CLASS1PRODUCT1,$MM5EXCHANGE,$MM5EXECFIRM,C,C,$CLASS1PRODUCT2,$MM5EXCHANGE,$MM5EXECFIRM,C,C,TRUE,TRUE,This is the Strategy order: BA:250
STRATEGYORDER,$MM7,$MM7EXCHANGE,$MM7EXECFIRM,SQI,4141,ABC,*,$MM7EXCHANGE,$MM7,100,$STRATEGY1,O,2,9,19,D,21/12/2003 6:00:00.0,4,1,0,00,0,-,-,-,$MM7,$MM7,C,FALSE,B,U,0,-,-,$SESSION1,2,$CLASS1PRODUCT1,$MM7EXCHANGE,$MM7EXECFIRM,C,C,$CLASS1PRODUCT2,$MM7EXCHANGE,$MM7EXECFIRM,C,C,TRUE,TRUE,This is the Strategy order: BA:252
PAUSE,10000
TOPOFBOOKVERIFICATION,$MM1,$SESSION1,$STRATEGY1,0,1,0,00,200,2,9,19,TRUE,TRUE,Comment
ORDERFILLVERIFICATION,$MM2,$MM2EXCHANGE,$MM2EXECFIRM,NYT,9852,ABC,*,0,0,3,100,2,2,-9,19,TRUE,TRUE,Comment
ORDERFILLVERIFICATION,$MM3,$MM3EXCHANGE,$MM3EXECFIRM,HLK,5462,ABC,*,40,40,1,60,1,2,9,19,TRUE,TRUE,Comment
ORDERFILLVERIFICATION,$MM2,$MM2EXCHANGE,$MM2EXECFIRM,NYT,98521,ABC,*,60,60,1,40,1,2,9,19,TRUE,TRUE,Comment
ORDERCANCELVERIFICATION,$MM2,$MM2EXCHANGE,$MM2EXECFIRM,NYT,98521,ABC,*,$SESSION1,$STRATEGY1,3,60,TRUE,TRUE,Comment
ORDERCANCELVERIFICATION,$MM3,$MM3EXCHANGE,$MM3EXECFIRM,HLK,5462,ABC,*,$SESSION1,$STRATEGY1,3,40,TRUE,TRUE,Comment
ORDERCANCELVERIFICATION,$MM7,$MM7EXCHANGE,$MM7EXECFIRM,SQI,4141,ABC,*,$SESSION1,$STRATEGY1,2,100,TRUE,TRUE,Comment
ORDERCANCELBYIDNOWAIT,$MM5,$MM5EXCHANGE,$MM5EXECFIRM,ZDC,815,ABC,*,200,$SESSION1,1,TRUE,TRUE,Comment
ORDERCANCELVERIFICATION,$MM5,$MM5EXCHANGE,$MM5EXECFIRM,ZDC,815,ABC,*,$SESSION1,$STRATEGY1,2,200,TRUE,TRUE,Comment
PAUSE,1000
TOPOFBOOKVERIFICATION,$MM1,$SESSION1,$STRATEGY1,0,1,0,00,0,1,0,00,TRUE,TRUE,Comment
TOPOFBOOKVERIFICATION,$MM1,$SESSION1,$CLASS1PRODUCT1,100,2,10,00,100,2,10,20,TRUE,TRUE,Comment
TOPOFBOOKVERIFICATION,$MM1,$SESSION1,$CLASS1PRODUCT2,100,2,1,00,100,2,1,20,TRUE,TRUE,Comment
QUOTECANCEL,$MM1,$SESSION1,$CLASS1PRODUCT1,2,TRUE,TRUE,Comment
QUOTECANCELVERIFICATION,$MM1,$SESSION1,$CLASS1PRODUCT1,2,TRUE,TRUE,Comment
QUOTECANCEL,$MM1,$SESSION1,$CLASS1PRODUCT2,2,TRUE,TRUE,Comment
QUOTECANCELVERIFICATION,$MM1,$SESSION1,$CLASS1PRODUCT2,2,TRUE,TRUE,Comment

COMMENT, Test Case:Cleaning Up Task
TRADERLOGOUT,$MM3,TRUE,TRUE,Comment
TRADERLOGOUT,$MM2,TRUE,TRUE,Comment
TRADERLOGOUT,$MM1,TRUE,TRUE,Comment
TRADERLOGOUT,$MM6,TRUE,TRUE,Comment
TRADERLOGOUT,$MM7,TRUE,TRUE,Comment
TRADERLOGOUT,$MM4,TRUE,TRUE,Comment
TRADERLOGOUT,$MM5,TRUE,TRUE,Comment

SALOGOUT,$SA1,TRUE,TRUE,Comment
ENDPOINT,
PRINTOUTPUTSUMMARY,